Models to run: widar3
=================== [widar3] TRAIN ===================
WARNING: All log messages before absl::InitializeLog() is called are written to STDERR
I0000 00:00:1783352425.972464 4050819 gpu_device.cc:2043] Created device /job:localhost/replica:0/task:0/device:GPU:0 with 961 MB memory:  -> device: 0, name: NVIDIA GB10, pci bus id: 000f:01:00.0, compute capability: 12.1a
[PhysicalDevice(name='/physical_device:GPU:0', device_type='GPU')]
Model: "widar3"
┏━━━━━━━━━━━━━━━━━━━━━━━━━━━━━━━━━┳━━━━━━━━━━━━━━━━━━━━━━━━┳━━━━━━━━━━━━━━━┓
┃ Layer (type)                    ┃ Output Shape           ┃       Param # ┃
┡━━━━━━━━━━━━━━━━━━━━━━━━━━━━━━━━━╇━━━━━━━━━━━━━━━━━━━━━━━━╇━━━━━━━━━━━━━━━┩
│ input_layer (InputLayer)        │ (None, 340, 100, 1)    │             0 │
├─────────────────────────────────┼────────────────────────┼───────────────┤
│ reshape (Reshape)               │ (None, 34, 10, 100, 1) │             0 │
├─────────────────────────────────┼────────────────────────┼───────────────┤
│ time_distributed                │ (None, 34, 6, 96, 16)  │           416 │
│ (TimeDistributed)               │                        │               │
├─────────────────────────────────┼────────────────────────┼───────────────┤
│ time_distributed_1              │ (None, 34, 3, 48, 16)  │             0 │
│ (TimeDistributed)               │                        │               │
├─────────────────────────────────┼────────────────────────┼───────────────┤
│ time_distributed_2              │ (None, 34, 2304)       │             0 │
│ (TimeDistributed)               │                        │               │
├─────────────────────────────────┼────────────────────────┼───────────────┤
│ time_distributed_3              │ (None, 34, 64)         │       147,520 │
│ (TimeDistributed)               │                        │               │
├─────────────────────────────────┼────────────────────────┼───────────────┤
│ time_distributed_4              │ (None, 34, 64)         │             0 │
│ (TimeDistributed)               │                        │               │
├─────────────────────────────────┼────────────────────────┼───────────────┤
│ time_distributed_5              │ (None, 34, 64)         │         4,160 │
│ (TimeDistributed)               │                        │               │
├─────────────────────────────────┼────────────────────────┼───────────────┤
│ gru (GRU)                       │ (None, 128)            │        74,496 │
├─────────────────────────────────┼────────────────────────┼───────────────┤
│ dropout_1 (Dropout)             │ (None, 128)            │             0 │
├─────────────────────────────────┼────────────────────────┼───────────────┤
│ dense_2 (Dense)                 │ (None, 5)              │           645 │
└─────────────────────────────────┴────────────────────────┴───────────────┘
 Total params: 227,237 (887.64 KB)
 Trainable params: 227,237 (887.64 KB)
 Non-trainable params: 0 (0.00 B)
Epoch 1/25
I0000 00:00:1783352442.382199 4050997 shuffle_dataset_op.cc:453] fused(ShuffleDatasetV3:3,RepeatDataset:4): Filling up shuffle buffer (this may take a while): 5101 of 21648
I0000 00:00:1783352462.381641 4050997 shuffle_dataset_op.cc:453] fused(ShuffleDatasetV3:3,RepeatDataset:4): Filling up shuffle buffer (this may take a while): 15577 of 21648
I0000 00:00:1783352474.702854 4050997 shuffle_dataset_op.cc:483] Shuffle buffer filled.
W0000 00:00:1783352474.751063 4050997 cache_dataset_ops.cc:330] The calling iterator did not fully read the dataset being cached. In order to avoid unexpected truncation of the dataset, the partially cached contents of the dataset  will be discarded. This can happen if you have an input pipeline similar to `dataset.cache().take(k).repeat()`. You should use `dataset.take(k).cache().repeat()` instead.
I0000 00:00:1783352474.856482 4050889 cuda_dnn.cc:461] Loaded cuDNN version 92301
W0000 00:00:1783352487.336424 4050889 bfc_allocator.cc:502] Allocator (GPU_0_bfc) ran out of memory trying to allocate 38.25MiB (rounded to 40108032)requested by op StatefulPartitionedCall/gradient_tape/widar3_1/time_distributed_1_2/strided_slice_20/StridedSliceGrad
If the cause is memory fragmentation maybe the environment variable 'TF_GPU_ALLOCATOR=cuda_malloc_async' will improve the situation. 
Current allocation summary follows.
Current allocation summary follows.
I0000 00:00:1783352487.336675 4050889 bfc_allocator.cc:1049] BFCAllocator dump for GPU_0_bfc
I0000 00:00:1783352487.336733 4050889 bfc_allocator.cc:1056] Bin (256): 	Total Chunks: 59, Chunks in use: 58. 14.8KiB allocated for chunks. 14.5KiB in use in bin. 1.9KiB client-requested in use in bin.
I0000 00:00:1783352487.336790 4050889 bfc_allocator.cc:1056] Bin (512): 	Total Chunks: 0, Chunks in use: 0. 0B allocated for chunks. 0B in use in bin. 0B client-requested in use in bin.
I0000 00:00:1783352487.336812 4050889 bfc_allocator.cc:1056] Bin (1024): 	Total Chunks: 4, Chunks in use: 3. 6.5KiB allocated for chunks. 4.8KiB in use in bin. 4.1KiB client-requested in use in bin.
I0000 00:00:1783352487.336824 4050889 bfc_allocator.cc:1056] Bin (2048): 	Total Chunks: 6, Chunks in use: 5. 17.5KiB allocated for chunks. 13.8KiB in use in bin. 13.5KiB client-requested in use in bin.
I0000 00:00:1783352487.336836 4050889 bfc_allocator.cc:1056] Bin (4096): 	Total Chunks: 3, Chunks in use: 1. 18.8KiB allocated for chunks. 5.5KiB in use in bin. 3.0KiB client-requested in use in bin.
I0000 00:00:1783352487.336846 4050889 bfc_allocator.cc:1056] Bin (8192): 	Total Chunks: 1, Chunks in use: 0. 12.5KiB allocated for chunks. 0B in use in bin. 0B client-requested in use in bin.
I0000 00:00:1783352487.336857 4050889 bfc_allocator.cc:1056] Bin (16384): 	Total Chunks: 3, Chunks in use: 3. 62.0KiB allocated for chunks. 62.0KiB in use in bin. 48.0KiB client-requested in use in bin.
I0000 00:00:1783352487.336869 4050889 bfc_allocator.cc:1056] Bin (32768): 	Total Chunks: 0, Chunks in use: 0. 0B allocated for chunks. 0B in use in bin. 0B client-requested in use in bin.
I0000 00:00:1783352487.336880 4050889 bfc_allocator.cc:1056] Bin (65536): 	Total Chunks: 5, Chunks in use: 3. 491.8KiB allocated for chunks. 303.8KiB in use in bin. 288.0KiB client-requested in use in bin.
I0000 00:00:1783352487.336918 4050889 bfc_allocator.cc:1056] Bin (131072): 	Total Chunks: 3, Chunks in use: 2. 584.0KiB allocated for chunks. 432.0KiB in use in bin. 384.0KiB client-requested in use in bin.
I0000 00:00:1783352487.336929 4050889 bfc_allocator.cc:1056] Bin (262144): 	Total Chunks: 3, Chunks in use: 1. 914.0KiB allocated for chunks. 272.0KiB in use in bin. 192.0KiB client-requested in use in bin.
I0000 00:00:1783352487.336939 4050889 bfc_allocator.cc:1056] Bin (524288): 	Total Chunks: 3, Chunks in use: 3. 1.99MiB allocated for chunks. 1.99MiB in use in bin. 1.69MiB client-requested in use in bin.
I0000 00:00:1783352487.336948 4050889 bfc_allocator.cc:1056] Bin (1048576): 	Total Chunks: 51, Chunks in use: 47. 58.60MiB allocated for chunks. 53.60MiB in use in bin. 52.88MiB client-requested in use in bin.
I0000 00:00:1783352487.336958 4050889 bfc_allocator.cc:1056] Bin (2097152): 	Total Chunks: 3, Chunks in use: 1. 6.53MiB allocated for chunks. 2.03MiB in use in bin. 1.12MiB client-requested in use in bin.
I0000 00:00:1783352487.336968 4050889 bfc_allocator.cc:1056] Bin (4194304): 	Total Chunks: 1, Chunks in use: 1. 4.15MiB allocated for chunks. 4.15MiB in use in bin. 4.15MiB client-requested in use in bin.
I0000 00:00:1783352487.336977 4050889 bfc_allocator.cc:1056] Bin (8388608): 	Total Chunks: 1, Chunks in use: 0. 13.50MiB allocated for chunks. 0B in use in bin. 0B client-requested in use in bin.
I0000 00:00:1783352487.336990 4050889 bfc_allocator.cc:1056] Bin (16777216): 	Total Chunks: 2, Chunks in use: 0. 39.72MiB allocated for chunks. 0B in use in bin. 0B client-requested in use in bin.
I0000 00:00:1783352487.337049 4050889 bfc_allocator.cc:1056] Bin (33554432): 	Total Chunks: 18, Chunks in use: 18. 701.19MiB allocated for chunks. 701.19MiB in use in bin. 688.50MiB client-requested in use in bin.
I0000 00:00:1783352487.337098 4050889 bfc_allocator.cc:1056] Bin (67108864): 	Total Chunks: 2, Chunks in use: 2. 134.07MiB allocated for chunks. 134.07MiB in use in bin. 76.50MiB client-requested in use in bin.
I0000 00:00:1783352487.337141 4050889 bfc_allocator.cc:1056] Bin (134217728): 	Total Chunks: 0, Chunks in use: 0. 0B allocated for chunks. 0B in use in bin. 0B client-requested in use in bin.
I0000 00:00:1783352487.337155 4050889 bfc_allocator.cc:1056] Bin (268435456): 	Total Chunks: 0, Chunks in use: 0. 0B allocated for chunks. 0B in use in bin. 0B client-requested in use in bin.
I0000 00:00:1783352487.337164 4050889 bfc_allocator.cc:1072] Bin for 38.25MiB was 32.00MiB, Chunk State: 
I0000 00:00:1783352487.337176 4050889 bfc_allocator.cc:1085] Next region of size 2097152
I0000 00:00:1783352487.337192 4050889 bfc_allocator.cc:1105] InUse at 32f000000 of size 1280 next 1
I0000 00:00:1783352487.337202 4050889 bfc_allocator.cc:1105] InUse at 32f000500 of size 256 next 2
I0000 00:00:1783352487.337211 4050889 bfc_allocator.cc:1105] InUse at 32f000600 of size 256 next 3
I0000 00:00:1783352487.337221 4050889 bfc_allocator.cc:1105] InUse at 32f000700 of size 256 next 4
I0000 00:00:1783352487.337229 4050889 bfc_allocator.cc:1105] InUse at 32f000800 of size 256 next 5
I0000 00:00:1783352487.337237 4050889 bfc_allocator.cc:1105] InUse at 32f000900 of size 256 next 6
I0000 00:00:1783352487.337246 4050889 bfc_allocator.cc:1105] InUse at 32f000a00 of size 256 next 7
I0000 00:00:1783352487.337254 4050889 bfc_allocator.cc:1105] InUse at 32f000b00 of size 256 next 8
I0000 00:00:1783352487.337262 4050889 bfc_allocator.cc:1105] InUse at 32f000c00 of size 256 next 9
I0000 00:00:1783352487.337269 4050889 bfc_allocator.cc:1105] InUse at 32f000d00 of size 256 next 10
I0000 00:00:1783352487.337278 4050889 bfc_allocator.cc:1105] InUse at 32f000e00 of size 256 next 11
I0000 00:00:1783352487.337288 4050889 bfc_allocator.cc:1105] InUse at 32f000f00 of size 256 next 13
I0000 00:00:1783352487.337298 4050889 bfc_allocator.cc:1105] InUse at 32f001000 of size 256 next 14
I0000 00:00:1783352487.337309 4050889 bfc_allocator.cc:1105] InUse at 32f001100 of size 256 next 12
I0000 00:00:1783352487.337327 4050889 bfc_allocator.cc:1105] InUse at 32f001200 of size 256 next 18
I0000 00:00:1783352487.337336 4050889 bfc_allocator.cc:1105] InUse at 32f001300 of size 256 next 19
I0000 00:00:1783352487.337345 4050889 bfc_allocator.cc:1105] InUse at 32f001400 of size 256 next 15
I0000 00:00:1783352487.337353 4050889 bfc_allocator.cc:1105] InUse at 32f001500 of size 256 next 20
I0000 00:00:1783352487.337362 4050889 bfc_allocator.cc:1105] InUse at 32f001600 of size 256 next 21
I0000 00:00:1783352487.337374 4050889 bfc_allocator.cc:1105] InUse at 32f001700 of size 256 next 25
I0000 00:00:1783352487.337384 4050889 bfc_allocator.cc:1105] InUse at 32f001800 of size 256 next 23
I0000 00:00:1783352487.337392 4050889 bfc_allocator.cc:1105] InUse at 32f001900 of size 256 next 24
I0000 00:00:1783352487.337401 4050889 bfc_allocator.cc:1105] InUse at 32f001a00 of size 256 next 28
I0000 00:00:1783352487.337410 4050889 bfc_allocator.cc:1105] InUse at 32f001b00 of size 256 next 31
I0000 00:00:1783352487.337418 4050889 bfc_allocator.cc:1105] InUse at 32f001c00 of size 256 next 29
I0000 00:00:1783352487.337427 4050889 bfc_allocator.cc:1105] InUse at 32f001d00 of size 256 next 35
I0000 00:00:1783352487.337436 4050889 bfc_allocator.cc:1105] InUse at 32f001e00 of size 256 next 37
I0000 00:00:1783352487.337445 4050889 bfc_allocator.cc:1105] InUse at 32f001f00 of size 256 next 16
I0000 00:00:1783352487.337453 4050889 bfc_allocator.cc:1105] InUse at 32f002000 of size 1792 next 17
I0000 00:00:1783352487.337462 4050889 bfc_allocator.cc:1105] InUse at 32f002700 of size 3072 next 30
I0000 00:00:1783352487.337471 4050889 bfc_allocator.cc:1105] InUse at 32f003300 of size 256 next 39
I0000 00:00:1783352487.337479 4050889 bfc_allocator.cc:1105] InUse at 32f003400 of size 256 next 40
I0000 00:00:1783352487.337487 4050889 bfc_allocator.cc:1105] InUse at 32f003500 of size 256 next 38
I0000 00:00:1783352487.337495 4050889 bfc_allocator.cc:1105] InUse at 32f003600 of size 256 next 41
I0000 00:00:1783352487.337499 4050889 bfc_allocator.cc:1105] Free  at 32f003700 of size 256 next 44
I0000 00:00:1783352487.337504 4050889 bfc_allocator.cc:1105] InUse at 32f003800 of size 1792 next 45
I0000 00:00:1783352487.337507 4050889 bfc_allocator.cc:1105] InUse at 32f003f00 of size 2816 next 42
I0000 00:00:1783352487.337511 4050889 bfc_allocator.cc:1105] InUse at 32f004a00 of size 2560 next 43
I0000 00:00:1783352487.337515 4050889 bfc_allocator.cc:1105] InUse at 32f005400 of size 3072 next 47
I0000 00:00:1783352487.337519 4050889 bfc_allocator.cc:1105] InUse at 32f006000 of size 256 next 48
I0000 00:00:1783352487.337523 4050889 bfc_allocator.cc:1105] InUse at 32f006100 of size 256 next 49
I0000 00:00:1783352487.337526 4050889 bfc_allocator.cc:1105] InUse at 32f006200 of size 256 next 52
I0000 00:00:1783352487.337531 4050889 bfc_allocator.cc:1105] InUse at 32f006300 of size 17408 next 27
I0000 00:00:1783352487.337534 4050889 bfc_allocator.cc:1105] InUse at 32f00a700 of size 16384 next 26
I0000 00:00:1783352487.337538 4050889 bfc_allocator.cc:1105] InUse at 32f00e700 of size 98304 next 46
I0000 00:00:1783352487.337542 4050889 bfc_allocator.cc:1105] InUse at 32f026700 of size 256 next 54
I0000 00:00:1783352487.337548 4050889 bfc_allocator.cc:1105] InUse at 32f026800 of size 256 next 53
I0000 00:00:1783352487.337553 4050889 bfc_allocator.cc:1105] InUse at 32f026900 of size 256 next 55
I0000 00:00:1783352487.337557 4050889 bfc_allocator.cc:1105] InUse at 32f026a00 of size 256 next 56
I0000 00:00:1783352487.337561 4050889 bfc_allocator.cc:1105] InUse at 32f026b00 of size 256 next 57
I0000 00:00:1783352487.337565 4050889 bfc_allocator.cc:1105] InUse at 32f026c00 of size 256 next 58
I0000 00:00:1783352487.337569 4050889 bfc_allocator.cc:1105] InUse at 32f026d00 of size 256 next 59
I0000 00:00:1783352487.337574 4050889 bfc_allocator.cc:1105] InUse at 32f026e00 of size 256 next 60
I0000 00:00:1783352487.337577 4050889 bfc_allocator.cc:1105] InUse at 32f026f00 of size 256 next 61
I0000 00:00:1783352487.337585 4050889 bfc_allocator.cc:1105] InUse at 32f027000 of size 256 next 62
I0000 00:00:1783352487.337589 4050889 bfc_allocator.cc:1105] InUse at 32f027100 of size 256 next 64
I0000 00:00:1783352487.337594 4050889 bfc_allocator.cc:1105] InUse at 32f027200 of size 256 next 63
I0000 00:00:1783352487.337599 4050889 bfc_allocator.cc:1105] InUse at 32f027300 of size 256 next 65
I0000 00:00:1783352487.337602 4050889 bfc_allocator.cc:1105] InUse at 32f027400 of size 256 next 66
I0000 00:00:1783352487.337606 4050889 bfc_allocator.cc:1105] InUse at 32f027500 of size 256 next 143
I0000 00:00:1783352487.337610 4050889 bfc_allocator.cc:1105] InUse at 32f027600 of size 256 next 69
I0000 00:00:1783352487.337614 4050889 bfc_allocator.cc:1105] Free  at 32f027700 of size 94208 next 33
I0000 00:00:1783352487.337617 4050889 bfc_allocator.cc:1105] InUse at 32f03e700 of size 98304 next 32
I0000 00:00:1783352487.337621 4050889 bfc_allocator.cc:1105] Free  at 32f056700 of size 3840 next 67
I0000 00:00:1783352487.337625 4050889 bfc_allocator.cc:1105] InUse at 32f057600 of size 256 next 93
I0000 00:00:1783352487.337629 4050889 bfc_allocator.cc:1105] InUse at 32f057700 of size 256 next 265
I0000 00:00:1783352487.337633 4050889 bfc_allocator.cc:1105] Free  at 32f057800 of size 1792 next 101
I0000 00:00:1783352487.337636 4050889 bfc_allocator.cc:1105] InUse at 32f057f00 of size 256 next 102
I0000 00:00:1783352487.337640 4050889 bfc_allocator.cc:1105] Free  at 32f058000 of size 7936 next 128
I0000 00:00:1783352487.337644 4050889 bfc_allocator.cc:1105] InUse at 32f059f00 of size 256 next 129
I0000 00:00:1783352487.337648 4050889 bfc_allocator.cc:1105] Free  at 32f05a000 of size 5632 next 151
I0000 00:00:1783352487.337653 4050889 bfc_allocator.cc:1105] InUse at 32f05b600 of size 256 next 152
I0000 00:00:1783352487.337657 4050889 bfc_allocator.cc:1105] InUse at 32f05b700 of size 256 next 153
I0000 00:00:1783352487.337661 4050889 bfc_allocator.cc:1105] Free  at 32f05b800 of size 12800 next 76
I0000 00:00:1783352487.337665 4050889 bfc_allocator.cc:1105] InUse at 32f05ea00 of size 256 next 77
I0000 00:00:1783352487.337670 4050889 bfc_allocator.cc:1105] Free  at 32f05eb00 of size 359424 next 36
I0000 00:00:1783352487.337676 4050889 bfc_allocator.cc:1105] InUse at 32f0b6700 of size 196608 next 34
I0000 00:00:1783352487.337679 4050889 bfc_allocator.cc:1105] InUse at 32f0e6700 of size 245760 next 22
I0000 00:00:1783352487.337684 4050889 bfc_allocator.cc:1105] InUse at 32f122700 of size 907520 next 18446744073709551615
I0000 00:00:1783352487.337688 4050889 bfc_allocator.cc:1085] Next region of size 4194304
I0000 00:00:1783352487.337693 4050889 bfc_allocator.cc:1105] InUse at 32f600000 of size 589824 next 51
I0000 00:00:1783352487.337697 4050889 bfc_allocator.cc:1105] Free  at 32f690000 of size 297984 next 105
I0000 00:00:1783352487.337702 4050889 bfc_allocator.cc:1105] InUse at 32f6d8c00 of size 1179648 next 157
I0000 00:00:1783352487.337707 4050889 bfc_allocator.cc:1105] InUse at 32f7f8c00 of size 2126848 next 18446744073709551615
I0000 00:00:1783352487.337711 4050889 bfc_allocator.cc:1085] Next region of size 8388608
I0000 00:00:1783352487.337716 4050889 bfc_allocator.cc:1105] InUse at 32fa00000 of size 1179648 next 158
I0000 00:00:1783352487.337721 4050889 bfc_allocator.cc:1105] InUse at 32fb20000 of size 1179648 next 162
I0000 00:00:1783352487.337725 4050889 bfc_allocator.cc:1105] InUse at 32fc40000 of size 1179648 next 163
I0000 00:00:1783352487.337730 4050889 bfc_allocator.cc:1105] InUse at 32fd60000 of size 1179648 next 164
I0000 00:00:1783352487.337734 4050889 bfc_allocator.cc:1105] InUse at 32fe80000 of size 1179648 next 165
I0000 00:00:1783352487.337738 4050889 bfc_allocator.cc:1105] InUse at 32ffa0000 of size 1179648 next 166
I0000 00:00:1783352487.337743 4050889 bfc_allocator.cc:1105] InUse at 3300c0000 of size 1310720 next 18446744073709551615
I0000 00:00:1783352487.337747 4050889 bfc_allocator.cc:1085] Next region of size 16777216
I0000 00:00:1783352487.337751 4050889 bfc_allocator.cc:1105] InUse at 330a00000 of size 4352000 next 156
I0000 00:00:1783352487.337761 4050889 bfc_allocator.cc:1105] InUse at 330e26800 of size 1179648 next 167
I0000 00:00:1783352487.337765 4050889 bfc_allocator.cc:1105] InUse at 330f46800 of size 1179648 next 168
I0000 00:00:1783352487.337770 4050889 bfc_allocator.cc:1105] InUse at 331066800 of size 1179648 next 169
I0000 00:00:1783352487.337773 4050889 bfc_allocator.cc:1105] InUse at 331186800 of size 1179648 next 170
I0000 00:00:1783352487.337779 4050889 bfc_allocator.cc:1105] InUse at 3312a6800 of size 1179648 next 171
I0000 00:00:1783352487.337783 4050889 bfc_allocator.cc:1105] InUse at 3313c6800 of size 1179648 next 172
I0000 00:00:1783352487.337787 4050889 bfc_allocator.cc:1105] InUse at 3314e6800 of size 1179648 next 173
I0000 00:00:1783352487.337791 4050889 bfc_allocator.cc:1105] InUse at 331606800 of size 1179648 next 174
I0000 00:00:1783352487.337795 4050889 bfc_allocator.cc:1105] InUse at 331726800 of size 1179648 next 175
I0000 00:00:1783352487.337799 4050889 bfc_allocator.cc:1105] InUse at 331846800 of size 1808384 next 18446744073709551615
I0000 00:00:1783352487.337804 4050889 bfc_allocator.cc:1085] Next region of size 33554432
I0000 00:00:1783352487.337810 4050889 bfc_allocator.cc:1105] InUse at 331a00000 of size 1179648 next 176
I0000 00:00:1783352487.337813 4050889 bfc_allocator.cc:1105] InUse at 331b20000 of size 1179648 next 177
I0000 00:00:1783352487.337817 4050889 bfc_allocator.cc:1105] InUse at 331c40000 of size 1179648 next 178
I0000 00:00:1783352487.337821 4050889 bfc_allocator.cc:1105] InUse at 331d60000 of size 1179648 next 179
I0000 00:00:1783352487.337826 4050889 bfc_allocator.cc:1105] InUse at 331e80000 of size 1179648 next 180
I0000 00:00:1783352487.337830 4050889 bfc_allocator.cc:1105] InUse at 331fa0000 of size 1179648 next 181
I0000 00:00:1783352487.337835 4050889 bfc_allocator.cc:1105] InUse at 3320c0000 of size 1179648 next 182
I0000 00:00:1783352487.337840 4050889 bfc_allocator.cc:1105] InUse at 3321e0000 of size 1179648 next 183
I0000 00:00:1783352487.337845 4050889 bfc_allocator.cc:1105] InUse at 332300000 of size 1179648 next 184
I0000 00:00:1783352487.337849 4050889 bfc_allocator.cc:1105] InUse at 332420000 of size 1179648 next 185
I0000 00:00:1783352487.337853 4050889 bfc_allocator.cc:1105] InUse at 332540000 of size 1179648 next 186
I0000 00:00:1783352487.337857 4050889 bfc_allocator.cc:1105] InUse at 332660000 of size 1179648 next 187
I0000 00:00:1783352487.337861 4050889 bfc_allocator.cc:1105] InUse at 332780000 of size 1179648 next 188
I0000 00:00:1783352487.337864 4050889 bfc_allocator.cc:1105] InUse at 3328a0000 of size 1179648 next 189
I0000 00:00:1783352487.337868 4050889 bfc_allocator.cc:1105] InUse at 3329c0000 of size 1179648 next 190
I0000 00:00:1783352487.337872 4050889 bfc_allocator.cc:1105] Free  at 332ae0000 of size 2359296 next 216
I0000 00:00:1783352487.337876 4050889 bfc_allocator.cc:1105] InUse at 332d20000 of size 1179648 next 210
I0000 00:00:1783352487.337880 4050889 bfc_allocator.cc:1105] Free  at 332e40000 of size 1179648 next 211
I0000 00:00:1783352487.337884 4050889 bfc_allocator.cc:1105] InUse at 332f60000 of size 1179648 next 217
I0000 00:00:1783352487.337888 4050889 bfc_allocator.cc:1105] InUse at 333080000 of size 1179648 next 214
I0000 00:00:1783352487.337893 4050889 bfc_allocator.cc:1105] InUse at 3331a0000 of size 1179648 next 213
I0000 00:00:1783352487.337897 4050889 bfc_allocator.cc:1105] InUse at 3332c0000 of size 1179648 next 208
I0000 00:00:1783352487.337901 4050889 bfc_allocator.cc:1105] InUse at 3333e0000 of size 1179648 next 209
I0000 00:00:1783352487.337906 4050889 bfc_allocator.cc:1105] InUse at 333500000 of size 1179648 next 212
I0000 00:00:1783352487.337911 4050889 bfc_allocator.cc:1105] Free  at 333620000 of size 1179648 next 207
I0000 00:00:1783352487.337915 4050889 bfc_allocator.cc:1105] InUse at 333740000 of size 1179648 next 206
I0000 00:00:1783352487.337920 4050889 bfc_allocator.cc:1105] Free  at 333860000 of size 1703936 next 18446744073709551615
I0000 00:00:1783352487.337923 4050889 bfc_allocator.cc:1085] Next region of size 67108864
I0000 00:00:1783352487.337934 4050889 bfc_allocator.cc:1105] InUse at 334e00000 of size 1179648 next 205
I0000 00:00:1783352487.337939 4050889 bfc_allocator.cc:1105] InUse at 334f20000 of size 1179648 next 202
I0000 00:00:1783352487.337943 4050889 bfc_allocator.cc:1105] InUse at 335040000 of size 1179648 next 204
I0000 00:00:1783352487.337948 4050889 bfc_allocator.cc:1105] Free  at 335160000 of size 2359296 next 200
I0000 00:00:1783352487.337952 4050889 bfc_allocator.cc:1105] InUse at 3353a0000 of size 1179648 next 201
I0000 00:00:1783352487.337956 4050889 bfc_allocator.cc:1105] Free  at 3354c0000 of size 14155776 next 220
I0000 00:00:1783352487.337961 4050889 bfc_allocator.cc:1105] InUse at 336240000 of size 1179648 next 219
I0000 00:00:1783352487.337965 4050889 bfc_allocator.cc:1105] Free  at 336360000 of size 1179648 next 218
I0000 00:00:1783352487.337969 4050889 bfc_allocator.cc:1105] InUse at 336480000 of size 1179648 next 316
I0000 00:00:1783352487.337972 4050889 bfc_allocator.cc:1105] Free  at 3365a0000 of size 20237312 next 299
I0000 00:00:1783352487.337977 4050889 bfc_allocator.cc:1105] InUse at 3378ecc00 of size 29696 next 127
I0000 00:00:1783352487.337981 4050889 bfc_allocator.cc:1105] InUse at 3378f4000 of size 256 next 70
I0000 00:00:1783352487.337985 4050889 bfc_allocator.cc:1105] InUse at 3378f4100 of size 5632 next 136
I0000 00:00:1783352487.337990 4050889 bfc_allocator.cc:1105] InUse at 3378f5700 of size 2560 next 147
I0000 00:00:1783352487.337995 4050889 bfc_allocator.cc:1105] Free  at 3378f6100 of size 98304 next 298
I0000 00:00:1783352487.338042 4050889 bfc_allocator.cc:1105] InUse at 33790e100 of size 114432 next 323
I0000 00:00:1783352487.338088 4050889 bfc_allocator.cc:1105] Free  at 33792a000 of size 155648 next 370
I0000 00:00:1783352487.338133 4050889 bfc_allocator.cc:1105] InUse at 337950000 of size 278528 next 68
I0000 00:00:1783352487.338173 4050889 bfc_allocator.cc:1105] Free  at 337994000 of size 21413888 next 18446744073709551615
I0000 00:00:1783352487.338184 4050889 bfc_allocator.cc:1085] Next region of size 473767936
I0000 00:00:1783352487.338191 4050889 bfc_allocator.cc:1105] InUse at e5c220000000 of size 40108032 next 319
I0000 00:00:1783352487.338195 4050889 bfc_allocator.cc:1105] InUse at e5c222640000 of size 40108032 next 195
I0000 00:00:1783352487.338200 4050889 bfc_allocator.cc:1105] InUse at e5c224c80000 of size 40108032 next 221
I0000 00:00:1783352487.338204 4050889 bfc_allocator.cc:1105] InUse at e5c2272c0000 of size 40108032 next 191
I0000 00:00:1783352487.338208 4050889 bfc_allocator.cc:1105] InUse at e5c229900000 of size 40108032 next 196
I0000 00:00:1783352487.338212 4050889 bfc_allocator.cc:1105] InUse at e5c22bf40000 of size 40108032 next 365
I0000 00:00:1783352487.338215 4050889 bfc_allocator.cc:1105] InUse at e5c22e580000 of size 40108032 next 194
I0000 00:00:1783352487.338219 4050889 bfc_allocator.cc:1105] InUse at e5c230bc0000 of size 40108032 next 222
I0000 00:00:1783352487.338224 4050889 bfc_allocator.cc:1105] InUse at e5c233200000 of size 40108032 next 192
I0000 00:00:1783352487.338229 4050889 bfc_allocator.cc:1105] InUse at e5c235840000 of size 40108032 next 215
I0000 00:00:1783352487.338234 4050889 bfc_allocator.cc:1105] InUse at e5c237e80000 of size 72687616 next 18446744073709551615
I0000 00:00:1783352487.338238 4050889 bfc_allocator.cc:1085] Next region of size 268435456
I0000 00:00:1783352487.338242 4050889 bfc_allocator.cc:1105] InUse at e5c240000000 of size 40108032 next 256
I0000 00:00:1783352487.338247 4050889 bfc_allocator.cc:1105] InUse at e5c242640000 of size 40108032 next 199
I0000 00:00:1783352487.338251 4050889 bfc_allocator.cc:1105] InUse at e5c244c80000 of size 40108032 next 198
I0000 00:00:1783352487.338253 4050889 bfc_allocator.cc:1105] InUse at e5c2472c0000 of size 40108032 next 95
I0000 00:00:1783352487.338256 4050889 bfc_allocator.cc:1105] InUse at e5c249900000 of size 40108032 next 197
I0000 00:00:1783352487.338258 4050889 bfc_allocator.cc:1105] InUse at e5c24bf40000 of size 67895296 next 18446744073709551615
I0000 00:00:1783352487.338260 4050889 bfc_allocator.cc:1085] Next region of size 134217728
I0000 00:00:1783352487.338268 4050889 bfc_allocator.cc:1105] InUse at e5c280000000 of size 589824 next 279
I0000 00:00:1783352487.338271 4050889 bfc_allocator.cc:1105] InUse at e5c280090000 of size 40108032 next 309
I0000 00:00:1783352487.338274 4050889 bfc_allocator.cc:1105] InUse at e5c2826d0000 of size 40108032 next 203
I0000 00:00:1783352487.338277 4050889 bfc_allocator.cc:1105] InUse at e5c284d10000 of size 53411840 next 18446744073709551615
I0000 00:00:1783352487.338279 4050889 bfc_allocator.cc:1110]      Summary of in-use Chunks by size: 
I0000 00:00:1783352487.338282 4050889 bfc_allocator.cc:1113] 58 Chunks of size 256 totalling 14.5KiB
I0000 00:00:1783352487.338286 4050889 bfc_allocator.cc:1113] 1 Chunks of size 1280 totalling 1.2KiB
I0000 00:00:1783352487.338289 4050889 bfc_allocator.cc:1113] 2 Chunks of size 1792 totalling 3.5KiB
I0000 00:00:1783352487.338292 4050889 bfc_allocator.cc:1113] 2 Chunks of size 2560 totalling 5.0KiB
I0000 00:00:1783352487.338294 4050889 bfc_allocator.cc:1113] 1 Chunks of size 2816 totalling 2.8KiB
I0000 00:00:1783352487.338297 4050889 bfc_allocator.cc:1113] 2 Chunks of size 3072 totalling 6.0KiB
I0000 00:00:1783352487.338300 4050889 bfc_allocator.cc:1113] 1 Chunks of size 5632 totalling 5.5KiB
I0000 00:00:1783352487.338303 4050889 bfc_allocator.cc:1113] 1 Chunks of size 16384 totalling 16.0KiB
I0000 00:00:1783352487.338305 4050889 bfc_allocator.cc:1113] 1 Chunks of size 17408 totalling 17.0KiB
I0000 00:00:1783352487.338311 4050889 bfc_allocator.cc:1113] 1 Chunks of size 29696 totalling 29.0KiB
I0000 00:00:1783352487.338316 4050889 bfc_allocator.cc:1113] 2 Chunks of size 98304 totalling 192.0KiB
I0000 00:00:1783352487.338322 4050889 bfc_allocator.cc:1113] 1 Chunks of size 114432 totalling 111.8KiB
I0000 00:00:1783352487.338326 4050889 bfc_allocator.cc:1113] 1 Chunks of size 196608 totalling 192.0KiB
I0000 00:00:1783352487.338331 4050889 bfc_allocator.cc:1113] 1 Chunks of size 245760 totalling 240.0KiB
I0000 00:00:1783352487.338338 4050889 bfc_allocator.cc:1113] 1 Chunks of size 278528 totalling 272.0KiB
I0000 00:00:1783352487.338342 4050889 bfc_allocator.cc:1113] 2 Chunks of size 589824 totalling 1.12MiB
I0000 00:00:1783352487.338348 4050889 bfc_allocator.cc:1113] 1 Chunks of size 907520 totalling 886.2KiB
I0000 00:00:1783352487.338352 4050889 bfc_allocator.cc:1113] 45 Chunks of size 1179648 totalling 50.62MiB
I0000 00:00:1783352487.338357 4050889 bfc_allocator.cc:1113] 1 Chunks of size 1310720 totalling 1.25MiB
I0000 00:00:1783352487.338362 4050889 bfc_allocator.cc:1113] 1 Chunks of size 1808384 totalling 1.72MiB
I0000 00:00:1783352487.338367 4050889 bfc_allocator.cc:1113] 1 Chunks of size 2126848 totalling 2.03MiB
I0000 00:00:1783352487.338372 4050889 bfc_allocator.cc:1113] 1 Chunks of size 4352000 totalling 4.15MiB
I0000 00:00:1783352487.338377 4050889 bfc_allocator.cc:1113] 17 Chunks of size 40108032 totalling 650.25MiB
I0000 00:00:1783352487.338383 4050889 bfc_allocator.cc:1113] 1 Chunks of size 53411840 totalling 50.94MiB
I0000 00:00:1783352487.338388 4050889 bfc_allocator.cc:1113] 1 Chunks of size 67895296 totalling 64.75MiB
I0000 00:00:1783352487.338393 4050889 bfc_allocator.cc:1113] 1 Chunks of size 72687616 totalling 69.32MiB
I0000 00:00:1783352487.338397 4050889 bfc_allocator.cc:1117] Sum Total of in-use chunks: 898.11MiB
I0000 00:00:1783352487.338402 4050889 bfc_allocator.cc:1119] Total size in pool: 961.82MiB memory_limit_: 961.82MiB available size: 0B curr_region_allocation_bytes_: 1.00GiB
I0000 00:00:1783352487.338409 4050889 bfc_allocator.cc:1128] Stats: 
Limit:                       961.82MiB
InUse:                       898.11MiB
MaxInUse:                    899.74MiB
NumAllocs:                       44668
MaxAllocSize:                128.00MiB
Reserved:                           0B
PeakReserved:                       0B
LargestFreeBlock:                   0B

W0000 00:00:1783352487.338424 4050889 bfc_allocator.cc:513] *********_*__********************************************xxx************************xx*************x
W0000 00:00:1783352487.338469 4050889 op_kernel.cc:1858] OP_REQUIRES failed at strided_slice_op.cc:257 : RESOURCE_EXHAUSTED: OOM when allocating tensor with shape[34,32,6,96,16] and type float on /job:localhost/replica:0/task:0/device:GPU:0 by allocator GPU_0_bfc
W0000 00:00:1783352487.338528 4050889 local_rendezvous.cc:412] Local rendezvous is aborting with status: RESOURCE_EXHAUSTED: OOM when allocating tensor with shape[34,32,6,96,16] and type float on /job:localhost/replica:0/task:0/device:GPU:0 by allocator GPU_0_bfc
	 [[{{function_node __inference_one_step_on_data_12271}}{{node gradient_tape/widar3_1/time_distributed_1_2/strided_slice_20/StridedSliceGrad}}]]
Hint: If you want to see a list of allocated tensors when OOM happens, add report_tensor_allocations_upon_oom to RunOptions for current allocation info. This isn't available when running in Eager mode.

W0000 00:00:1783352497.338661 4050889 bfc_allocator.cc:502] Allocator (GPU_0_bfc) ran out of memory trying to allocate 38.25MiB (rounded to 40108032)requested by op StatefulPartitionedCall/gradient_tape/widar3_1/time_distributed_1_2/strided_slice_23/StridedSliceGrad
If the cause is memory fragmentation maybe the environment variable 'TF_GPU_ALLOCATOR=cuda_malloc_async' will improve the situation. 
Current allocation summary follows.
Current allocation summary follows.
I0000 00:00:1783352497.338901 4050889 bfc_allocator.cc:1049] BFCAllocator dump for GPU_0_bfc
I0000 00:00:1783352497.338965 4050889 bfc_allocator.cc:1056] Bin (256): 	Total Chunks: 59, Chunks in use: 58. 14.8KiB allocated for chunks. 14.5KiB in use in bin. 1.9KiB client-requested in use in bin.
I0000 00:00:1783352497.339042 4050889 bfc_allocator.cc:1056] Bin (512): 	Total Chunks: 0, Chunks in use: 0. 0B allocated for chunks. 0B in use in bin. 0B client-requested in use in bin.
I0000 00:00:1783352497.339255 4050889 bfc_allocator.cc:1056] Bin (1024): 	Total Chunks: 4, Chunks in use: 3. 6.5KiB allocated for chunks. 4.8KiB in use in bin. 4.1KiB client-requested in use in bin.
I0000 00:00:1783352497.339272 4050889 bfc_allocator.cc:1056] Bin (2048): 	Total Chunks: 6, Chunks in use: 5. 17.5KiB allocated for chunks. 13.8KiB in use in bin. 13.5KiB client-requested in use in bin.
I0000 00:00:1783352497.339278 4050889 bfc_allocator.cc:1056] Bin (4096): 	Total Chunks: 3, Chunks in use: 1. 18.8KiB allocated for chunks. 5.5KiB in use in bin. 3.0KiB client-requested in use in bin.
I0000 00:00:1783352497.339284 4050889 bfc_allocator.cc:1056] Bin (8192): 	Total Chunks: 1, Chunks in use: 0. 12.5KiB allocated for chunks. 0B in use in bin. 0B client-requested in use in bin.
I0000 00:00:1783352497.339288 4050889 bfc_allocator.cc:1056] Bin (16384): 	Total Chunks: 3, Chunks in use: 3. 62.0KiB allocated for chunks. 62.0KiB in use in bin. 48.0KiB client-requested in use in bin.
I0000 00:00:1783352497.339293 4050889 bfc_allocator.cc:1056] Bin (32768): 	Total Chunks: 0, Chunks in use: 0. 0B allocated for chunks. 0B in use in bin. 0B client-requested in use in bin.
I0000 00:00:1783352497.339297 4050889 bfc_allocator.cc:1056] Bin (65536): 	Total Chunks: 5, Chunks in use: 3. 491.8KiB allocated for chunks. 303.8KiB in use in bin. 288.0KiB client-requested in use in bin.
I0000 00:00:1783352497.339302 4050889 bfc_allocator.cc:1056] Bin (131072): 	Total Chunks: 3, Chunks in use: 2. 584.0KiB allocated for chunks. 432.0KiB in use in bin. 384.0KiB client-requested in use in bin.
I0000 00:00:1783352497.339306 4050889 bfc_allocator.cc:1056] Bin (262144): 	Total Chunks: 3, Chunks in use: 1. 914.0KiB allocated for chunks. 272.0KiB in use in bin. 192.0KiB client-requested in use in bin.
I0000 00:00:1783352497.339311 4050889 bfc_allocator.cc:1056] Bin (524288): 	Total Chunks: 3, Chunks in use: 3. 1.99MiB allocated for chunks. 1.99MiB in use in bin. 1.69MiB client-requested in use in bin.
I0000 00:00:1783352497.339315 4050889 bfc_allocator.cc:1056] Bin (1048576): 	Total Chunks: 49, Chunks in use: 46. 56.35MiB allocated for chunks. 52.47MiB in use in bin. 51.75MiB client-requested in use in bin.
I0000 00:00:1783352497.339320 4050889 bfc_allocator.cc:1056] Bin (2097152): 	Total Chunks: 3, Chunks in use: 1. 6.53MiB allocated for chunks. 2.03MiB in use in bin. 1.12MiB client-requested in use in bin.
I0000 00:00:1783352497.339336 4050889 bfc_allocator.cc:1056] Bin (4194304): 	Total Chunks: 1, Chunks in use: 1. 4.15MiB allocated for chunks. 4.15MiB in use in bin. 4.15MiB client-requested in use in bin.
I0000 00:00:1783352497.339341 4050889 bfc_allocator.cc:1056] Bin (8388608): 	Total Chunks: 1, Chunks in use: 0. 15.75MiB allocated for chunks. 0B in use in bin. 0B client-requested in use in bin.
I0000 00:00:1783352497.339345 4050889 bfc_allocator.cc:1056] Bin (16777216): 	Total Chunks: 2, Chunks in use: 0. 39.72MiB allocated for chunks. 0B in use in bin. 0B client-requested in use in bin.
I0000 00:00:1783352497.339349 4050889 bfc_allocator.cc:1056] Bin (33554432): 	Total Chunks: 18, Chunks in use: 18. 701.19MiB allocated for chunks. 701.19MiB in use in bin. 688.50MiB client-requested in use in bin.
I0000 00:00:1783352497.339353 4050889 bfc_allocator.cc:1056] Bin (67108864): 	Total Chunks: 2, Chunks in use: 2. 134.07MiB allocated for chunks. 134.07MiB in use in bin. 76.50MiB client-requested in use in bin.
I0000 00:00:1783352497.339357 4050889 bfc_allocator.cc:1056] Bin (134217728): 	Total Chunks: 0, Chunks in use: 0. 0B allocated for chunks. 0B in use in bin. 0B client-requested in use in bin.
I0000 00:00:1783352497.339361 4050889 bfc_allocator.cc:1056] Bin (268435456): 	Total Chunks: 0, Chunks in use: 0. 0B allocated for chunks. 0B in use in bin. 0B client-requested in use in bin.
I0000 00:00:1783352497.339366 4050889 bfc_allocator.cc:1072] Bin for 38.25MiB was 32.00MiB, Chunk State: 
I0000 00:00:1783352497.339375 4050889 bfc_allocator.cc:1085] Next region of size 2097152
I0000 00:00:1783352497.339380 4050889 bfc_allocator.cc:1105] InUse at 32f000000 of size 1280 next 1
I0000 00:00:1783352497.339384 4050889 bfc_allocator.cc:1105] InUse at 32f000500 of size 256 next 2
I0000 00:00:1783352497.339387 4050889 bfc_allocator.cc:1105] InUse at 32f000600 of size 256 next 3
I0000 00:00:1783352497.339390 4050889 bfc_allocator.cc:1105] InUse at 32f000700 of size 256 next 4
I0000 00:00:1783352497.339393 4050889 bfc_allocator.cc:1105] InUse at 32f000800 of size 256 next 5
I0000 00:00:1783352497.339396 4050889 bfc_allocator.cc:1105] InUse at 32f000900 of size 256 next 6
I0000 00:00:1783352497.339399 4050889 bfc_allocator.cc:1105] InUse at 32f000a00 of size 256 next 7
I0000 00:00:1783352497.339403 4050889 bfc_allocator.cc:1105] InUse at 32f000b00 of size 256 next 8
I0000 00:00:1783352497.339406 4050889 bfc_allocator.cc:1105] InUse at 32f000c00 of size 256 next 9
I0000 00:00:1783352497.339409 4050889 bfc_allocator.cc:1105] InUse at 32f000d00 of size 256 next 10
I0000 00:00:1783352497.339412 4050889 bfc_allocator.cc:1105] InUse at 32f000e00 of size 256 next 11
I0000 00:00:1783352497.339415 4050889 bfc_allocator.cc:1105] InUse at 32f000f00 of size 256 next 13
I0000 00:00:1783352497.339418 4050889 bfc_allocator.cc:1105] InUse at 32f001000 of size 256 next 14
I0000 00:00:1783352497.339421 4050889 bfc_allocator.cc:1105] InUse at 32f001100 of size 256 next 12
I0000 00:00:1783352497.339423 4050889 bfc_allocator.cc:1105] InUse at 32f001200 of size 256 next 18
I0000 00:00:1783352497.339427 4050889 bfc_allocator.cc:1105] InUse at 32f001300 of size 256 next 19
I0000 00:00:1783352497.339430 4050889 bfc_allocator.cc:1105] InUse at 32f001400 of size 256 next 15
I0000 00:00:1783352497.339433 4050889 bfc_allocator.cc:1105] InUse at 32f001500 of size 256 next 20
I0000 00:00:1783352497.339436 4050889 bfc_allocator.cc:1105] InUse at 32f001600 of size 256 next 21
I0000 00:00:1783352497.339439 4050889 bfc_allocator.cc:1105] InUse at 32f001700 of size 256 next 25
I0000 00:00:1783352497.339442 4050889 bfc_allocator.cc:1105] InUse at 32f001800 of size 256 next 23
I0000 00:00:1783352497.339446 4050889 bfc_allocator.cc:1105] InUse at 32f001900 of size 256 next 24
I0000 00:00:1783352497.339449 4050889 bfc_allocator.cc:1105] InUse at 32f001a00 of size 256 next 28
I0000 00:00:1783352497.339452 4050889 bfc_allocator.cc:1105] InUse at 32f001b00 of size 256 next 31
I0000 00:00:1783352497.339457 4050889 bfc_allocator.cc:1105] InUse at 32f001c00 of size 256 next 29
I0000 00:00:1783352497.339461 4050889 bfc_allocator.cc:1105] InUse at 32f001d00 of size 256 next 35
I0000 00:00:1783352497.339464 4050889 bfc_allocator.cc:1105] InUse at 32f001e00 of size 256 next 37
I0000 00:00:1783352497.339467 4050889 bfc_allocator.cc:1105] InUse at 32f001f00 of size 256 next 16
I0000 00:00:1783352497.339470 4050889 bfc_allocator.cc:1105] InUse at 32f002000 of size 1792 next 17
I0000 00:00:1783352497.339473 4050889 bfc_allocator.cc:1105] InUse at 32f002700 of size 3072 next 30
I0000 00:00:1783352497.339476 4050889 bfc_allocator.cc:1105] InUse at 32f003300 of size 256 next 39
I0000 00:00:1783352497.339479 4050889 bfc_allocator.cc:1105] InUse at 32f003400 of size 256 next 40
I0000 00:00:1783352497.339482 4050889 bfc_allocator.cc:1105] InUse at 32f003500 of size 256 next 38
I0000 00:00:1783352497.339485 4050889 bfc_allocator.cc:1105] InUse at 32f003600 of size 256 next 41
I0000 00:00:1783352497.339489 4050889 bfc_allocator.cc:1105] Free  at 32f003700 of size 256 next 44
I0000 00:00:1783352497.339492 4050889 bfc_allocator.cc:1105] InUse at 32f003800 of size 1792 next 45
I0000 00:00:1783352497.339495 4050889 bfc_allocator.cc:1105] InUse at 32f003f00 of size 2816 next 42
I0000 00:00:1783352497.339498 4050889 bfc_allocator.cc:1105] InUse at 32f004a00 of size 2560 next 43
I0000 00:00:1783352497.339501 4050889 bfc_allocator.cc:1105] InUse at 32f005400 of size 3072 next 47
I0000 00:00:1783352497.339505 4050889 bfc_allocator.cc:1105] InUse at 32f006000 of size 256 next 48
I0000 00:00:1783352497.339508 4050889 bfc_allocator.cc:1105] InUse at 32f006100 of size 256 next 49
I0000 00:00:1783352497.339511 4050889 bfc_allocator.cc:1105] InUse at 32f006200 of size 256 next 52
I0000 00:00:1783352497.339514 4050889 bfc_allocator.cc:1105] InUse at 32f006300 of size 17408 next 27
I0000 00:00:1783352497.339517 4050889 bfc_allocator.cc:1105] InUse at 32f00a700 of size 16384 next 26
I0000 00:00:1783352497.339521 4050889 bfc_allocator.cc:1105] InUse at 32f00e700 of size 98304 next 46
I0000 00:00:1783352497.339524 4050889 bfc_allocator.cc:1105] InUse at 32f026700 of size 256 next 54
I0000 00:00:1783352497.339527 4050889 bfc_allocator.cc:1105] InUse at 32f026800 of size 256 next 53
I0000 00:00:1783352497.339530 4050889 bfc_allocator.cc:1105] InUse at 32f026900 of size 256 next 55
I0000 00:00:1783352497.339533 4050889 bfc_allocator.cc:1105] InUse at 32f026a00 of size 256 next 56
I0000 00:00:1783352497.339536 4050889 bfc_allocator.cc:1105] InUse at 32f026b00 of size 256 next 57
I0000 00:00:1783352497.339539 4050889 bfc_allocator.cc:1105] InUse at 32f026c00 of size 256 next 58
I0000 00:00:1783352497.339542 4050889 bfc_allocator.cc:1105] InUse at 32f026d00 of size 256 next 59
I0000 00:00:1783352497.339545 4050889 bfc_allocator.cc:1105] InUse at 32f026e00 of size 256 next 60
I0000 00:00:1783352497.339548 4050889 bfc_allocator.cc:1105] InUse at 32f026f00 of size 256 next 61
I0000 00:00:1783352497.339551 4050889 bfc_allocator.cc:1105] InUse at 32f027000 of size 256 next 62
I0000 00:00:1783352497.339554 4050889 bfc_allocator.cc:1105] InUse at 32f027100 of size 256 next 64
I0000 00:00:1783352497.339557 4050889 bfc_allocator.cc:1105] InUse at 32f027200 of size 256 next 63
I0000 00:00:1783352497.339560 4050889 bfc_allocator.cc:1105] InUse at 32f027300 of size 256 next 65
I0000 00:00:1783352497.339563 4050889 bfc_allocator.cc:1105] InUse at 32f027400 of size 256 next 66
I0000 00:00:1783352497.339566 4050889 bfc_allocator.cc:1105] InUse at 32f027500 of size 256 next 143
I0000 00:00:1783352497.339569 4050889 bfc_allocator.cc:1105] InUse at 32f027600 of size 256 next 69
I0000 00:00:1783352497.339572 4050889 bfc_allocator.cc:1105] Free  at 32f027700 of size 94208 next 33
I0000 00:00:1783352497.339575 4050889 bfc_allocator.cc:1105] InUse at 32f03e700 of size 98304 next 32
I0000 00:00:1783352497.339578 4050889 bfc_allocator.cc:1105] Free  at 32f056700 of size 3840 next 67
I0000 00:00:1783352497.339584 4050889 bfc_allocator.cc:1105] InUse at 32f057600 of size 256 next 93
I0000 00:00:1783352497.339587 4050889 bfc_allocator.cc:1105] InUse at 32f057700 of size 256 next 265
I0000 00:00:1783352497.339590 4050889 bfc_allocator.cc:1105] Free  at 32f057800 of size 1792 next 101
I0000 00:00:1783352497.339593 4050889 bfc_allocator.cc:1105] InUse at 32f057f00 of size 256 next 102
I0000 00:00:1783352497.339596 4050889 bfc_allocator.cc:1105] Free  at 32f058000 of size 7936 next 128
I0000 00:00:1783352497.339599 4050889 bfc_allocator.cc:1105] InUse at 32f059f00 of size 256 next 129
I0000 00:00:1783352497.339602 4050889 bfc_allocator.cc:1105] Free  at 32f05a000 of size 5632 next 151
I0000 00:00:1783352497.339605 4050889 bfc_allocator.cc:1105] InUse at 32f05b600 of size 256 next 152
I0000 00:00:1783352497.339608 4050889 bfc_allocator.cc:1105] InUse at 32f05b700 of size 256 next 153
I0000 00:00:1783352497.339611 4050889 bfc_allocator.cc:1105] Free  at 32f05b800 of size 12800 next 76
I0000 00:00:1783352497.339614 4050889 bfc_allocator.cc:1105] InUse at 32f05ea00 of size 256 next 77
I0000 00:00:1783352497.339617 4050889 bfc_allocator.cc:1105] Free  at 32f05eb00 of size 359424 next 36
I0000 00:00:1783352497.339621 4050889 bfc_allocator.cc:1105] InUse at 32f0b6700 of size 196608 next 34
I0000 00:00:1783352497.339624 4050889 bfc_allocator.cc:1105] InUse at 32f0e6700 of size 245760 next 22
I0000 00:00:1783352497.339627 4050889 bfc_allocator.cc:1105] InUse at 32f122700 of size 907520 next 18446744073709551615
I0000 00:00:1783352497.339630 4050889 bfc_allocator.cc:1085] Next region of size 4194304
I0000 00:00:1783352497.339634 4050889 bfc_allocator.cc:1105] InUse at 32f600000 of size 589824 next 51
I0000 00:00:1783352497.339637 4050889 bfc_allocator.cc:1105] Free  at 32f690000 of size 297984 next 105
I0000 00:00:1783352497.339641 4050889 bfc_allocator.cc:1105] InUse at 32f6d8c00 of size 1179648 next 157
I0000 00:00:1783352497.339644 4050889 bfc_allocator.cc:1105] InUse at 32f7f8c00 of size 2126848 next 18446744073709551615
I0000 00:00:1783352497.339647 4050889 bfc_allocator.cc:1085] Next region of size 8388608
I0000 00:00:1783352497.339650 4050889 bfc_allocator.cc:1105] InUse at 32fa00000 of size 1179648 next 158
I0000 00:00:1783352497.339653 4050889 bfc_allocator.cc:1105] InUse at 32fb20000 of size 1179648 next 162
I0000 00:00:1783352497.339657 4050889 bfc_allocator.cc:1105] InUse at 32fc40000 of size 1179648 next 163
I0000 00:00:1783352497.339660 4050889 bfc_allocator.cc:1105] InUse at 32fd60000 of size 1179648 next 164
I0000 00:00:1783352497.339663 4050889 bfc_allocator.cc:1105] InUse at 32fe80000 of size 1179648 next 165
I0000 00:00:1783352497.339666 4050889 bfc_allocator.cc:1105] InUse at 32ffa0000 of size 1179648 next 166
I0000 00:00:1783352497.339669 4050889 bfc_allocator.cc:1105] InUse at 3300c0000 of size 1310720 next 18446744073709551615
I0000 00:00:1783352497.339672 4050889 bfc_allocator.cc:1085] Next region of size 16777216
I0000 00:00:1783352497.339676 4050889 bfc_allocator.cc:1105] InUse at 330a00000 of size 4352000 next 156
I0000 00:00:1783352497.339679 4050889 bfc_allocator.cc:1105] InUse at 330e26800 of size 1179648 next 167
I0000 00:00:1783352497.339682 4050889 bfc_allocator.cc:1105] InUse at 330f46800 of size 1179648 next 168
I0000 00:00:1783352497.339685 4050889 bfc_allocator.cc:1105] InUse at 331066800 of size 1179648 next 169
I0000 00:00:1783352497.339688 4050889 bfc_allocator.cc:1105] InUse at 331186800 of size 1179648 next 170
I0000 00:00:1783352497.339691 4050889 bfc_allocator.cc:1105] InUse at 3312a6800 of size 1179648 next 171
I0000 00:00:1783352497.339694 4050889 bfc_allocator.cc:1105] InUse at 3313c6800 of size 1179648 next 172
I0000 00:00:1783352497.339697 4050889 bfc_allocator.cc:1105] InUse at 3314e6800 of size 1179648 next 173
I0000 00:00:1783352497.339700 4050889 bfc_allocator.cc:1105] InUse at 331606800 of size 1179648 next 174
I0000 00:00:1783352497.339703 4050889 bfc_allocator.cc:1105] InUse at 331726800 of size 1179648 next 175
I0000 00:00:1783352497.339707 4050889 bfc_allocator.cc:1105] InUse at 331846800 of size 1808384 next 18446744073709551615
I0000 00:00:1783352497.339712 4050889 bfc_allocator.cc:1085] Next region of size 33554432
I0000 00:00:1783352497.339715 4050889 bfc_allocator.cc:1105] InUse at 331a00000 of size 1179648 next 176
I0000 00:00:1783352497.339718 4050889 bfc_allocator.cc:1105] InUse at 331b20000 of size 1179648 next 177
I0000 00:00:1783352497.339722 4050889 bfc_allocator.cc:1105] InUse at 331c40000 of size 1179648 next 178
I0000 00:00:1783352497.339725 4050889 bfc_allocator.cc:1105] InUse at 331d60000 of size 1179648 next 179
I0000 00:00:1783352497.339728 4050889 bfc_allocator.cc:1105] InUse at 331e80000 of size 1179648 next 180
I0000 00:00:1783352497.339731 4050889 bfc_allocator.cc:1105] InUse at 331fa0000 of size 1179648 next 181
I0000 00:00:1783352497.339734 4050889 bfc_allocator.cc:1105] InUse at 3320c0000 of size 1179648 next 182
I0000 00:00:1783352497.339737 4050889 bfc_allocator.cc:1105] InUse at 3321e0000 of size 1179648 next 183
I0000 00:00:1783352497.339740 4050889 bfc_allocator.cc:1105] InUse at 332300000 of size 1179648 next 184
I0000 00:00:1783352497.339743 4050889 bfc_allocator.cc:1105] InUse at 332420000 of size 1179648 next 185
I0000 00:00:1783352497.339747 4050889 bfc_allocator.cc:1105] InUse at 332540000 of size 1179648 next 186
I0000 00:00:1783352497.339750 4050889 bfc_allocator.cc:1105] InUse at 332660000 of size 1179648 next 187
I0000 00:00:1783352497.339753 4050889 bfc_allocator.cc:1105] InUse at 332780000 of size 1179648 next 188
I0000 00:00:1783352497.339756 4050889 bfc_allocator.cc:1105] InUse at 3328a0000 of size 1179648 next 189
I0000 00:00:1783352497.339759 4050889 bfc_allocator.cc:1105] InUse at 3329c0000 of size 1179648 next 190
I0000 00:00:1783352497.339762 4050889 bfc_allocator.cc:1105] Free  at 332ae0000 of size 2359296 next 216
I0000 00:00:1783352497.339765 4050889 bfc_allocator.cc:1105] InUse at 332d20000 of size 1179648 next 210
I0000 00:00:1783352497.339768 4050889 bfc_allocator.cc:1105] Free  at 332e40000 of size 1179648 next 211
I0000 00:00:1783352497.339771 4050889 bfc_allocator.cc:1105] InUse at 332f60000 of size 1179648 next 217
I0000 00:00:1783352497.339774 4050889 bfc_allocator.cc:1105] InUse at 333080000 of size 1179648 next 214
I0000 00:00:1783352497.339777 4050889 bfc_allocator.cc:1105] InUse at 3331a0000 of size 1179648 next 213
I0000 00:00:1783352497.339780 4050889 bfc_allocator.cc:1105] InUse at 3332c0000 of size 1179648 next 208
I0000 00:00:1783352497.339783 4050889 bfc_allocator.cc:1105] InUse at 3333e0000 of size 1179648 next 209
I0000 00:00:1783352497.339786 4050889 bfc_allocator.cc:1105] InUse at 333500000 of size 1179648 next 212
I0000 00:00:1783352497.339789 4050889 bfc_allocator.cc:1105] Free  at 333620000 of size 1179648 next 207
I0000 00:00:1783352497.339792 4050889 bfc_allocator.cc:1105] InUse at 333740000 of size 1179648 next 206
I0000 00:00:1783352497.339795 4050889 bfc_allocator.cc:1105] Free  at 333860000 of size 1703936 next 18446744073709551615
I0000 00:00:1783352497.339798 4050889 bfc_allocator.cc:1085] Next region of size 67108864
I0000 00:00:1783352497.339801 4050889 bfc_allocator.cc:1105] InUse at 334e00000 of size 1179648 next 205
I0000 00:00:1783352497.339804 4050889 bfc_allocator.cc:1105] InUse at 334f20000 of size 1179648 next 202
I0000 00:00:1783352497.339807 4050889 bfc_allocator.cc:1105] InUse at 335040000 of size 1179648 next 204
I0000 00:00:1783352497.339810 4050889 bfc_allocator.cc:1105] Free  at 335160000 of size 2359296 next 200
I0000 00:00:1783352497.339813 4050889 bfc_allocator.cc:1105] InUse at 3353a0000 of size 1179648 next 201
I0000 00:00:1783352497.339816 4050889 bfc_allocator.cc:1105] Free  at 3354c0000 of size 16515072 next 218
I0000 00:00:1783352497.339819 4050889 bfc_allocator.cc:1105] InUse at 336480000 of size 1179648 next 316
I0000 00:00:1783352497.339822 4050889 bfc_allocator.cc:1105] Free  at 3365a0000 of size 20237312 next 299
I0000 00:00:1783352497.339826 4050889 bfc_allocator.cc:1105] InUse at 3378ecc00 of size 29696 next 127
I0000 00:00:1783352497.339829 4050889 bfc_allocator.cc:1105] InUse at 3378f4000 of size 256 next 70
I0000 00:00:1783352497.339834 4050889 bfc_allocator.cc:1105] InUse at 3378f4100 of size 5632 next 136
I0000 00:00:1783352497.339837 4050889 bfc_allocator.cc:1105] InUse at 3378f5700 of size 2560 next 147
I0000 00:00:1783352497.339840 4050889 bfc_allocator.cc:1105] Free  at 3378f6100 of size 98304 next 298
I0000 00:00:1783352497.339843 4050889 bfc_allocator.cc:1105] InUse at 33790e100 of size 114432 next 323
I0000 00:00:1783352497.339846 4050889 bfc_allocator.cc:1105] Free  at 33792a000 of size 155648 next 370
I0000 00:00:1783352497.339850 4050889 bfc_allocator.cc:1105] InUse at 337950000 of size 278528 next 68
I0000 00:00:1783352497.339853 4050889 bfc_allocator.cc:1105] Free  at 337994000 of size 21413888 next 18446744073709551615
I0000 00:00:1783352497.339856 4050889 bfc_allocator.cc:1085] Next region of size 473767936
I0000 00:00:1783352497.339860 4050889 bfc_allocator.cc:1105] InUse at e5c220000000 of size 40108032 next 319
I0000 00:00:1783352497.339863 4050889 bfc_allocator.cc:1105] InUse at e5c222640000 of size 40108032 next 195
I0000 00:00:1783352497.339866 4050889 bfc_allocator.cc:1105] InUse at e5c224c80000 of size 40108032 next 221
I0000 00:00:1783352497.339869 4050889 bfc_allocator.cc:1105] InUse at e5c2272c0000 of size 40108032 next 191
I0000 00:00:1783352497.339872 4050889 bfc_allocator.cc:1105] InUse at e5c229900000 of size 40108032 next 196
I0000 00:00:1783352497.339875 4050889 bfc_allocator.cc:1105] InUse at e5c22bf40000 of size 40108032 next 365
I0000 00:00:1783352497.339878 4050889 bfc_allocator.cc:1105] InUse at e5c22e580000 of size 40108032 next 194
I0000 00:00:1783352497.339881 4050889 bfc_allocator.cc:1105] InUse at e5c230bc0000 of size 40108032 next 222
I0000 00:00:1783352497.339884 4050889 bfc_allocator.cc:1105] InUse at e5c233200000 of size 40108032 next 192
I0000 00:00:1783352497.339888 4050889 bfc_allocator.cc:1105] InUse at e5c235840000 of size 40108032 next 215
I0000 00:00:1783352497.339891 4050889 bfc_allocator.cc:1105] InUse at e5c237e80000 of size 72687616 next 18446744073709551615
I0000 00:00:1783352497.339894 4050889 bfc_allocator.cc:1085] Next region of size 268435456
I0000 00:00:1783352497.339897 4050889 bfc_allocator.cc:1105] InUse at e5c240000000 of size 40108032 next 256
I0000 00:00:1783352497.339900 4050889 bfc_allocator.cc:1105] InUse at e5c242640000 of size 40108032 next 199
I0000 00:00:1783352497.339903 4050889 bfc_allocator.cc:1105] InUse at e5c244c80000 of size 40108032 next 198
I0000 00:00:1783352497.339906 4050889 bfc_allocator.cc:1105] InUse at e5c2472c0000 of size 40108032 next 95
I0000 00:00:1783352497.339909 4050889 bfc_allocator.cc:1105] InUse at e5c249900000 of size 40108032 next 197
I0000 00:00:1783352497.339913 4050889 bfc_allocator.cc:1105] InUse at e5c24bf40000 of size 67895296 next 18446744073709551615
I0000 00:00:1783352497.339916 4050889 bfc_allocator.cc:1085] Next region of size 134217728
I0000 00:00:1783352497.339919 4050889 bfc_allocator.cc:1105] InUse at e5c280000000 of size 589824 next 279
I0000 00:00:1783352497.339922 4050889 bfc_allocator.cc:1105] InUse at e5c280090000 of size 40108032 next 309
I0000 00:00:1783352497.339925 4050889 bfc_allocator.cc:1105] InUse at e5c2826d0000 of size 40108032 next 203
I0000 00:00:1783352497.339928 4050889 bfc_allocator.cc:1105] InUse at e5c284d10000 of size 53411840 next 18446744073709551615
I0000 00:00:1783352497.339931 4050889 bfc_allocator.cc:1110]      Summary of in-use Chunks by size: 
I0000 00:00:1783352497.339934 4050889 bfc_allocator.cc:1113] 58 Chunks of size 256 totalling 14.5KiB
I0000 00:00:1783352497.339939 4050889 bfc_allocator.cc:1113] 1 Chunks of size 1280 totalling 1.2KiB
I0000 00:00:1783352497.339942 4050889 bfc_allocator.cc:1113] 2 Chunks of size 1792 totalling 3.5KiB
I0000 00:00:1783352497.339946 4050889 bfc_allocator.cc:1113] 2 Chunks of size 2560 totalling 5.0KiB
I0000 00:00:1783352497.339949 4050889 bfc_allocator.cc:1113] 1 Chunks of size 2816 totalling 2.8KiB
I0000 00:00:1783352497.339953 4050889 bfc_allocator.cc:1113] 2 Chunks of size 3072 totalling 6.0KiB
I0000 00:00:1783352497.339958 4050889 bfc_allocator.cc:1113] 1 Chunks of size 5632 totalling 5.5KiB
I0000 00:00:1783352497.339961 4050889 bfc_allocator.cc:1113] 1 Chunks of size 16384 totalling 16.0KiB
I0000 00:00:1783352497.339965 4050889 bfc_allocator.cc:1113] 1 Chunks of size 17408 totalling 17.0KiB
I0000 00:00:1783352497.339968 4050889 bfc_allocator.cc:1113] 1 Chunks of size 29696 totalling 29.0KiB
I0000 00:00:1783352497.339971 4050889 bfc_allocator.cc:1113] 2 Chunks of size 98304 totalling 192.0KiB
I0000 00:00:1783352497.339975 4050889 bfc_allocator.cc:1113] 1 Chunks of size 114432 totalling 111.8KiB
I0000 00:00:1783352497.339978 4050889 bfc_allocator.cc:1113] 1 Chunks of size 196608 totalling 192.0KiB
I0000 00:00:1783352497.339982 4050889 bfc_allocator.cc:1113] 1 Chunks of size 245760 totalling 240.0KiB
I0000 00:00:1783352497.339985 4050889 bfc_allocator.cc:1113] 1 Chunks of size 278528 totalling 272.0KiB
I0000 00:00:1783352497.339988 4050889 bfc_allocator.cc:1113] 2 Chunks of size 589824 totalling 1.12MiB
I0000 00:00:1783352497.339992 4050889 bfc_allocator.cc:1113] 1 Chunks of size 907520 totalling 886.2KiB
I0000 00:00:1783352497.339995 4050889 bfc_allocator.cc:1113] 44 Chunks of size 1179648 totalling 49.50MiB
I0000 00:00:1783352497.340043 4050889 bfc_allocator.cc:1113] 1 Chunks of size 1310720 totalling 1.25MiB
I0000 00:00:1783352497.340093 4050889 bfc_allocator.cc:1113] 1 Chunks of size 1808384 totalling 1.72MiB
I0000 00:00:1783352497.340145 4050889 bfc_allocator.cc:1113] 1 Chunks of size 2126848 totalling 2.03MiB
I0000 00:00:1783352497.340186 4050889 bfc_allocator.cc:1113] 1 Chunks of size 4352000 totalling 4.15MiB
I0000 00:00:1783352497.340199 4050889 bfc_allocator.cc:1113] 17 Chunks of size 40108032 totalling 650.25MiB
I0000 00:00:1783352497.340204 4050889 bfc_allocator.cc:1113] 1 Chunks of size 53411840 totalling 50.94MiB
I0000 00:00:1783352497.340208 4050889 bfc_allocator.cc:1113] 1 Chunks of size 67895296 totalling 64.75MiB
I0000 00:00:1783352497.340212 4050889 bfc_allocator.cc:1113] 1 Chunks of size 72687616 totalling 69.32MiB
I0000 00:00:1783352497.340215 4050889 bfc_allocator.cc:1117] Sum Total of in-use chunks: 896.98MiB
I0000 00:00:1783352497.340219 4050889 bfc_allocator.cc:1119] Total size in pool: 961.82MiB memory_limit_: 961.82MiB available size: 0B curr_region_allocation_bytes_: 1.00GiB
I0000 00:00:1783352497.340223 4050889 bfc_allocator.cc:1128] Stats: 
Limit:                       961.82MiB
InUse:                       896.98MiB
MaxInUse:                    899.74MiB
NumAllocs:                       44668
MaxAllocSize:                128.00MiB
Reserved:                           0B
PeakReserved:                       0B
LargestFreeBlock:                   0B

W0000 00:00:1783352497.340231 4050889 bfc_allocator.cc:513] *********_*__********************************************xxx************************xx*************x
W0000 00:00:1783352497.340246 4050889 op_kernel.cc:1858] OP_REQUIRES failed at strided_slice_op.cc:257 : RESOURCE_EXHAUSTED: OOM when allocating tensor with shape[34,32,6,96,16] and type float on /job:localhost/replica:0/task:0/device:GPU:0 by allocator GPU_0_bfc
W0000 00:00:1783352507.340380 4050889 bfc_allocator.cc:502] Allocator (GPU_0_bfc) ran out of memory trying to allocate 38.25MiB (rounded to 40108032)requested by op StatefulPartitionedCall/gradient_tape/widar3_1/time_distributed_1_2/strided_slice_27/StridedSliceGrad
If the cause is memory fragmentation maybe the environment variable 'TF_GPU_ALLOCATOR=cuda_malloc_async' will improve the situation. 
Current allocation summary follows.
Current allocation summary follows.
I0000 00:00:1783352507.340658 4050889 bfc_allocator.cc:1049] BFCAllocator dump for GPU_0_bfc
I0000 00:00:1783352507.340681 4050889 bfc_allocator.cc:1056] Bin (256): 	Total Chunks: 59, Chunks in use: 58. 14.8KiB allocated for chunks. 14.5KiB in use in bin. 1.9KiB client-requested in use in bin.
I0000 00:00:1783352507.340699 4050889 bfc_allocator.cc:1056] Bin (512): 	Total Chunks: 0, Chunks in use: 0. 0B allocated for chunks. 0B in use in bin. 0B client-requested in use in bin.
I0000 00:00:1783352507.340792 4050889 bfc_allocator.cc:1056] Bin (1024): 	Total Chunks: 4, Chunks in use: 3. 6.5KiB allocated for chunks. 4.8KiB in use in bin. 4.1KiB client-requested in use in bin.
I0000 00:00:1783352507.340805 4050889 bfc_allocator.cc:1056] Bin (2048): 	Total Chunks: 6, Chunks in use: 5. 17.5KiB allocated for chunks. 13.8KiB in use in bin. 13.5KiB client-requested in use in bin.
I0000 00:00:1783352507.340817 4050889 bfc_allocator.cc:1056] Bin (4096): 	Total Chunks: 3, Chunks in use: 1. 18.8KiB allocated for chunks. 5.5KiB in use in bin. 3.0KiB client-requested in use in bin.
I0000 00:00:1783352507.340828 4050889 bfc_allocator.cc:1056] Bin (8192): 	Total Chunks: 1, Chunks in use: 0. 12.5KiB allocated for chunks. 0B in use in bin. 0B client-requested in use in bin.
I0000 00:00:1783352507.340840 4050889 bfc_allocator.cc:1056] Bin (16384): 	Total Chunks: 3, Chunks in use: 3. 62.0KiB allocated for chunks. 62.0KiB in use in bin. 48.0KiB client-requested in use in bin.
I0000 00:00:1783352507.340853 4050889 bfc_allocator.cc:1056] Bin (32768): 	Total Chunks: 0, Chunks in use: 0. 0B allocated for chunks. 0B in use in bin. 0B client-requested in use in bin.
I0000 00:00:1783352507.340867 4050889 bfc_allocator.cc:1056] Bin (65536): 	Total Chunks: 5, Chunks in use: 3. 491.8KiB allocated for chunks. 303.8KiB in use in bin. 288.0KiB client-requested in use in bin.
I0000 00:00:1783352507.340880 4050889 bfc_allocator.cc:1056] Bin (131072): 	Total Chunks: 3, Chunks in use: 2. 584.0KiB allocated for chunks. 432.0KiB in use in bin. 384.0KiB client-requested in use in bin.
I0000 00:00:1783352507.340891 4050889 bfc_allocator.cc:1056] Bin (262144): 	Total Chunks: 3, Chunks in use: 1. 914.0KiB allocated for chunks. 272.0KiB in use in bin. 192.0KiB client-requested in use in bin.
I0000 00:00:1783352507.340901 4050889 bfc_allocator.cc:1056] Bin (524288): 	Total Chunks: 3, Chunks in use: 3. 1.99MiB allocated for chunks. 1.99MiB in use in bin. 1.69MiB client-requested in use in bin.
I0000 00:00:1783352507.340911 4050889 bfc_allocator.cc:1056] Bin (1048576): 	Total Chunks: 47, Chunks in use: 45. 54.10MiB allocated for chunks. 51.35MiB in use in bin. 50.62MiB client-requested in use in bin.
I0000 00:00:1783352507.340922 4050889 bfc_allocator.cc:1056] Bin (2097152): 	Total Chunks: 2, Chunks in use: 1. 4.28MiB allocated for chunks. 2.03MiB in use in bin. 1.12MiB client-requested in use in bin.
I0000 00:00:1783352507.340933 4050889 bfc_allocator.cc:1056] Bin (4194304): 	Total Chunks: 2, Chunks in use: 1. 8.65MiB allocated for chunks. 4.15MiB in use in bin. 4.15MiB client-requested in use in bin.
I0000 00:00:1783352507.340944 4050889 bfc_allocator.cc:1056] Bin (8388608): 	Total Chunks: 1, Chunks in use: 0. 15.75MiB allocated for chunks. 0B in use in bin. 0B client-requested in use in bin.
I0000 00:00:1783352507.340957 4050889 bfc_allocator.cc:1056] Bin (16777216): 	Total Chunks: 2, Chunks in use: 0. 39.72MiB allocated for chunks. 0B in use in bin. 0B client-requested in use in bin.
I0000 00:00:1783352507.340969 4050889 bfc_allocator.cc:1056] Bin (33554432): 	Total Chunks: 18, Chunks in use: 18. 701.19MiB allocated for chunks. 701.19MiB in use in bin. 688.50MiB client-requested in use in bin.
I0000 00:00:1783352507.340981 4050889 bfc_allocator.cc:1056] Bin (67108864): 	Total Chunks: 2, Chunks in use: 2. 134.07MiB allocated for chunks. 134.07MiB in use in bin. 76.50MiB client-requested in use in bin.
I0000 00:00:1783352507.340994 4050889 bfc_allocator.cc:1056] Bin (134217728): 	Total Chunks: 0, Chunks in use: 0. 0B allocated for chunks. 0B in use in bin. 0B client-requested in use in bin.
I0000 00:00:1783352507.341064 4050889 bfc_allocator.cc:1056] Bin (268435456): 	Total Chunks: 0, Chunks in use: 0. 0B allocated for chunks. 0B in use in bin. 0B client-requested in use in bin.
I0000 00:00:1783352507.341120 4050889 bfc_allocator.cc:1072] Bin for 38.25MiB was 32.00MiB, Chunk State: 
I0000 00:00:1783352507.341174 4050889 bfc_allocator.cc:1085] Next region of size 2097152
I0000 00:00:1783352507.341225 4050889 bfc_allocator.cc:1105] InUse at 32f000000 of size 1280 next 1
I0000 00:00:1783352507.341247 4050889 bfc_allocator.cc:1105] InUse at 32f000500 of size 256 next 2
I0000 00:00:1783352507.341256 4050889 bfc_allocator.cc:1105] InUse at 32f000600 of size 256 next 3
I0000 00:00:1783352507.341260 4050889 bfc_allocator.cc:1105] InUse at 32f000700 of size 256 next 4
I0000 00:00:1783352507.341265 4050889 bfc_allocator.cc:1105] InUse at 32f000800 of size 256 next 5
I0000 00:00:1783352507.341270 4050889 bfc_allocator.cc:1105] InUse at 32f000900 of size 256 next 6
I0000 00:00:1783352507.341274 4050889 bfc_allocator.cc:1105] InUse at 32f000a00 of size 256 next 7
I0000 00:00:1783352507.341278 4050889 bfc_allocator.cc:1105] InUse at 32f000b00 of size 256 next 8
I0000 00:00:1783352507.341283 4050889 bfc_allocator.cc:1105] InUse at 32f000c00 of size 256 next 9
I0000 00:00:1783352507.341287 4050889 bfc_allocator.cc:1105] InUse at 32f000d00 of size 256 next 10
I0000 00:00:1783352507.341292 4050889 bfc_allocator.cc:1105] InUse at 32f000e00 of size 256 next 11
I0000 00:00:1783352507.341297 4050889 bfc_allocator.cc:1105] InUse at 32f000f00 of size 256 next 13
I0000 00:00:1783352507.341302 4050889 bfc_allocator.cc:1105] InUse at 32f001000 of size 256 next 14
I0000 00:00:1783352507.341308 4050889 bfc_allocator.cc:1105] InUse at 32f001100 of size 256 next 12
I0000 00:00:1783352507.341313 4050889 bfc_allocator.cc:1105] InUse at 32f001200 of size 256 next 18
I0000 00:00:1783352507.341318 4050889 bfc_allocator.cc:1105] InUse at 32f001300 of size 256 next 19
I0000 00:00:1783352507.341324 4050889 bfc_allocator.cc:1105] InUse at 32f001400 of size 256 next 15
I0000 00:00:1783352507.341328 4050889 bfc_allocator.cc:1105] InUse at 32f001500 of size 256 next 20
I0000 00:00:1783352507.341332 4050889 bfc_allocator.cc:1105] InUse at 32f001600 of size 256 next 21
I0000 00:00:1783352507.341338 4050889 bfc_allocator.cc:1105] InUse at 32f001700 of size 256 next 25
I0000 00:00:1783352507.341343 4050889 bfc_allocator.cc:1105] InUse at 32f001800 of size 256 next 23
I0000 00:00:1783352507.341348 4050889 bfc_allocator.cc:1105] InUse at 32f001900 of size 256 next 24
I0000 00:00:1783352507.341353 4050889 bfc_allocator.cc:1105] InUse at 32f001a00 of size 256 next 28
I0000 00:00:1783352507.341358 4050889 bfc_allocator.cc:1105] InUse at 32f001b00 of size 256 next 31
I0000 00:00:1783352507.341364 4050889 bfc_allocator.cc:1105] InUse at 32f001c00 of size 256 next 29
I0000 00:00:1783352507.341369 4050889 bfc_allocator.cc:1105] InUse at 32f001d00 of size 256 next 35
I0000 00:00:1783352507.341374 4050889 bfc_allocator.cc:1105] InUse at 32f001e00 of size 256 next 37
I0000 00:00:1783352507.341379 4050889 bfc_allocator.cc:1105] InUse at 32f001f00 of size 256 next 16
I0000 00:00:1783352507.341384 4050889 bfc_allocator.cc:1105] InUse at 32f002000 of size 1792 next 17
I0000 00:00:1783352507.341393 4050889 bfc_allocator.cc:1105] InUse at 32f002700 of size 3072 next 30
I0000 00:00:1783352507.341397 4050889 bfc_allocator.cc:1105] InUse at 32f003300 of size 256 next 39
I0000 00:00:1783352507.341402 4050889 bfc_allocator.cc:1105] InUse at 32f003400 of size 256 next 40
I0000 00:00:1783352507.341408 4050889 bfc_allocator.cc:1105] InUse at 32f003500 of size 256 next 38
I0000 00:00:1783352507.341413 4050889 bfc_allocator.cc:1105] InUse at 32f003600 of size 256 next 41
I0000 00:00:1783352507.341417 4050889 bfc_allocator.cc:1105] Free  at 32f003700 of size 256 next 44
I0000 00:00:1783352507.341421 4050889 bfc_allocator.cc:1105] InUse at 32f003800 of size 1792 next 45
I0000 00:00:1783352507.341426 4050889 bfc_allocator.cc:1105] InUse at 32f003f00 of size 2816 next 42
I0000 00:00:1783352507.341430 4050889 bfc_allocator.cc:1105] InUse at 32f004a00 of size 2560 next 43
I0000 00:00:1783352507.341432 4050889 bfc_allocator.cc:1105] InUse at 32f005400 of size 3072 next 47
I0000 00:00:1783352507.341436 4050889 bfc_allocator.cc:1105] InUse at 32f006000 of size 256 next 48
I0000 00:00:1783352507.341439 4050889 bfc_allocator.cc:1105] InUse at 32f006100 of size 256 next 49
I0000 00:00:1783352507.341442 4050889 bfc_allocator.cc:1105] InUse at 32f006200 of size 256 next 52
I0000 00:00:1783352507.341454 4050889 bfc_allocator.cc:1105] InUse at 32f006300 of size 17408 next 27
I0000 00:00:1783352507.341458 4050889 bfc_allocator.cc:1105] InUse at 32f00a700 of size 16384 next 26
I0000 00:00:1783352507.341461 4050889 bfc_allocator.cc:1105] InUse at 32f00e700 of size 98304 next 46
I0000 00:00:1783352507.341463 4050889 bfc_allocator.cc:1105] InUse at 32f026700 of size 256 next 54
I0000 00:00:1783352507.341466 4050889 bfc_allocator.cc:1105] InUse at 32f026800 of size 256 next 53
I0000 00:00:1783352507.341469 4050889 bfc_allocator.cc:1105] InUse at 32f026900 of size 256 next 55
I0000 00:00:1783352507.341473 4050889 bfc_allocator.cc:1105] InUse at 32f026a00 of size 256 next 56
I0000 00:00:1783352507.341477 4050889 bfc_allocator.cc:1105] InUse at 32f026b00 of size 256 next 57
I0000 00:00:1783352507.341479 4050889 bfc_allocator.cc:1105] InUse at 32f026c00 of size 256 next 58
I0000 00:00:1783352507.341482 4050889 bfc_allocator.cc:1105] InUse at 32f026d00 of size 256 next 59
I0000 00:00:1783352507.341486 4050889 bfc_allocator.cc:1105] InUse at 32f026e00 of size 256 next 60
I0000 00:00:1783352507.341490 4050889 bfc_allocator.cc:1105] InUse at 32f026f00 of size 256 next 61
I0000 00:00:1783352507.341493 4050889 bfc_allocator.cc:1105] InUse at 32f027000 of size 256 next 62
I0000 00:00:1783352507.341495 4050889 bfc_allocator.cc:1105] InUse at 32f027100 of size 256 next 64
I0000 00:00:1783352507.341499 4050889 bfc_allocator.cc:1105] InUse at 32f027200 of size 256 next 63
I0000 00:00:1783352507.341501 4050889 bfc_allocator.cc:1105] InUse at 32f027300 of size 256 next 65
I0000 00:00:1783352507.341503 4050889 bfc_allocator.cc:1105] InUse at 32f027400 of size 256 next 66
I0000 00:00:1783352507.341506 4050889 bfc_allocator.cc:1105] InUse at 32f027500 of size 256 next 143
I0000 00:00:1783352507.341508 4050889 bfc_allocator.cc:1105] InUse at 32f027600 of size 256 next 69
I0000 00:00:1783352507.341512 4050889 bfc_allocator.cc:1105] Free  at 32f027700 of size 94208 next 33
I0000 00:00:1783352507.341517 4050889 bfc_allocator.cc:1105] InUse at 32f03e700 of size 98304 next 32
I0000 00:00:1783352507.341522 4050889 bfc_allocator.cc:1105] Free  at 32f056700 of size 3840 next 67
I0000 00:00:1783352507.341525 4050889 bfc_allocator.cc:1105] InUse at 32f057600 of size 256 next 93
I0000 00:00:1783352507.341530 4050889 bfc_allocator.cc:1105] InUse at 32f057700 of size 256 next 265
I0000 00:00:1783352507.341534 4050889 bfc_allocator.cc:1105] Free  at 32f057800 of size 1792 next 101
I0000 00:00:1783352507.341538 4050889 bfc_allocator.cc:1105] InUse at 32f057f00 of size 256 next 102
I0000 00:00:1783352507.341542 4050889 bfc_allocator.cc:1105] Free  at 32f058000 of size 7936 next 128
I0000 00:00:1783352507.341546 4050889 bfc_allocator.cc:1105] InUse at 32f059f00 of size 256 next 129
I0000 00:00:1783352507.341550 4050889 bfc_allocator.cc:1105] Free  at 32f05a000 of size 5632 next 151
I0000 00:00:1783352507.341554 4050889 bfc_allocator.cc:1105] InUse at 32f05b600 of size 256 next 152
I0000 00:00:1783352507.341557 4050889 bfc_allocator.cc:1105] InUse at 32f05b700 of size 256 next 153
I0000 00:00:1783352507.341561 4050889 bfc_allocator.cc:1105] Free  at 32f05b800 of size 12800 next 76
I0000 00:00:1783352507.341565 4050889 bfc_allocator.cc:1105] InUse at 32f05ea00 of size 256 next 77
I0000 00:00:1783352507.341569 4050889 bfc_allocator.cc:1105] Free  at 32f05eb00 of size 359424 next 36
I0000 00:00:1783352507.341573 4050889 bfc_allocator.cc:1105] InUse at 32f0b6700 of size 196608 next 34
I0000 00:00:1783352507.341578 4050889 bfc_allocator.cc:1105] InUse at 32f0e6700 of size 245760 next 22
I0000 00:00:1783352507.341582 4050889 bfc_allocator.cc:1105] InUse at 32f122700 of size 907520 next 18446744073709551615
I0000 00:00:1783352507.341587 4050889 bfc_allocator.cc:1085] Next region of size 4194304
I0000 00:00:1783352507.341596 4050889 bfc_allocator.cc:1105] InUse at 32f600000 of size 589824 next 51
I0000 00:00:1783352507.341601 4050889 bfc_allocator.cc:1105] Free  at 32f690000 of size 297984 next 105
I0000 00:00:1783352507.341610 4050889 bfc_allocator.cc:1105] InUse at 32f6d8c00 of size 1179648 next 157
I0000 00:00:1783352507.341615 4050889 bfc_allocator.cc:1105] InUse at 32f7f8c00 of size 2126848 next 18446744073709551615
I0000 00:00:1783352507.341621 4050889 bfc_allocator.cc:1085] Next region of size 8388608
I0000 00:00:1783352507.341625 4050889 bfc_allocator.cc:1105] InUse at 32fa00000 of size 1179648 next 158
I0000 00:00:1783352507.341630 4050889 bfc_allocator.cc:1105] InUse at 32fb20000 of size 1179648 next 162
I0000 00:00:1783352507.341635 4050889 bfc_allocator.cc:1105] InUse at 32fc40000 of size 1179648 next 163
I0000 00:00:1783352507.341640 4050889 bfc_allocator.cc:1105] InUse at 32fd60000 of size 1179648 next 164
I0000 00:00:1783352507.341644 4050889 bfc_allocator.cc:1105] InUse at 32fe80000 of size 1179648 next 165
I0000 00:00:1783352507.341650 4050889 bfc_allocator.cc:1105] InUse at 32ffa0000 of size 1179648 next 166
I0000 00:00:1783352507.341656 4050889 bfc_allocator.cc:1105] InUse at 3300c0000 of size 1310720 next 18446744073709551615
I0000 00:00:1783352507.341661 4050889 bfc_allocator.cc:1085] Next region of size 16777216
I0000 00:00:1783352507.341667 4050889 bfc_allocator.cc:1105] InUse at 330a00000 of size 4352000 next 156
I0000 00:00:1783352507.341672 4050889 bfc_allocator.cc:1105] InUse at 330e26800 of size 1179648 next 167
I0000 00:00:1783352507.341675 4050889 bfc_allocator.cc:1105] InUse at 330f46800 of size 1179648 next 168
I0000 00:00:1783352507.341679 4050889 bfc_allocator.cc:1105] InUse at 331066800 of size 1179648 next 169
I0000 00:00:1783352507.341683 4050889 bfc_allocator.cc:1105] InUse at 331186800 of size 1179648 next 170
I0000 00:00:1783352507.341687 4050889 bfc_allocator.cc:1105] InUse at 3312a6800 of size 1179648 next 171
I0000 00:00:1783352507.341692 4050889 bfc_allocator.cc:1105] InUse at 3313c6800 of size 1179648 next 172
I0000 00:00:1783352507.341696 4050889 bfc_allocator.cc:1105] InUse at 3314e6800 of size 1179648 next 173
I0000 00:00:1783352507.341701 4050889 bfc_allocator.cc:1105] InUse at 331606800 of size 1179648 next 174
I0000 00:00:1783352507.341706 4050889 bfc_allocator.cc:1105] InUse at 331726800 of size 1179648 next 175
I0000 00:00:1783352507.341711 4050889 bfc_allocator.cc:1105] InUse at 331846800 of size 1808384 next 18446744073709551615
I0000 00:00:1783352507.341714 4050889 bfc_allocator.cc:1085] Next region of size 33554432
I0000 00:00:1783352507.341720 4050889 bfc_allocator.cc:1105] InUse at 331a00000 of size 1179648 next 176
I0000 00:00:1783352507.341723 4050889 bfc_allocator.cc:1105] InUse at 331b20000 of size 1179648 next 177
I0000 00:00:1783352507.341727 4050889 bfc_allocator.cc:1105] InUse at 331c40000 of size 1179648 next 178
I0000 00:00:1783352507.341731 4050889 bfc_allocator.cc:1105] InUse at 331d60000 of size 1179648 next 179
I0000 00:00:1783352507.341735 4050889 bfc_allocator.cc:1105] InUse at 331e80000 of size 1179648 next 180
I0000 00:00:1783352507.341740 4050889 bfc_allocator.cc:1105] InUse at 331fa0000 of size 1179648 next 181
I0000 00:00:1783352507.341745 4050889 bfc_allocator.cc:1105] InUse at 3320c0000 of size 1179648 next 182
I0000 00:00:1783352507.341750 4050889 bfc_allocator.cc:1105] InUse at 3321e0000 of size 1179648 next 183
I0000 00:00:1783352507.341755 4050889 bfc_allocator.cc:1105] InUse at 332300000 of size 1179648 next 184
I0000 00:00:1783352507.341759 4050889 bfc_allocator.cc:1105] InUse at 332420000 of size 1179648 next 185
I0000 00:00:1783352507.341763 4050889 bfc_allocator.cc:1105] InUse at 332540000 of size 1179648 next 186
I0000 00:00:1783352507.341769 4050889 bfc_allocator.cc:1105] InUse at 332660000 of size 1179648 next 187
I0000 00:00:1783352507.341775 4050889 bfc_allocator.cc:1105] InUse at 332780000 of size 1179648 next 188
I0000 00:00:1783352507.341780 4050889 bfc_allocator.cc:1105] InUse at 3328a0000 of size 1179648 next 189
I0000 00:00:1783352507.341783 4050889 bfc_allocator.cc:1105] InUse at 3329c0000 of size 1179648 next 190
I0000 00:00:1783352507.341787 4050889 bfc_allocator.cc:1105] Free  at 332ae0000 of size 4718592 next 211
I0000 00:00:1783352507.341794 4050889 bfc_allocator.cc:1105] InUse at 332f60000 of size 1179648 next 217
I0000 00:00:1783352507.341798 4050889 bfc_allocator.cc:1105] InUse at 333080000 of size 1179648 next 214
I0000 00:00:1783352507.341803 4050889 bfc_allocator.cc:1105] InUse at 3331a0000 of size 1179648 next 213
I0000 00:00:1783352507.341808 4050889 bfc_allocator.cc:1105] InUse at 3332c0000 of size 1179648 next 208
I0000 00:00:1783352507.341812 4050889 bfc_allocator.cc:1105] InUse at 3333e0000 of size 1179648 next 209
I0000 00:00:1783352507.341817 4050889 bfc_allocator.cc:1105] InUse at 333500000 of size 1179648 next 212
I0000 00:00:1783352507.341822 4050889 bfc_allocator.cc:1105] Free  at 333620000 of size 1179648 next 207
I0000 00:00:1783352507.341825 4050889 bfc_allocator.cc:1105] InUse at 333740000 of size 1179648 next 206
I0000 00:00:1783352507.341830 4050889 bfc_allocator.cc:1105] Free  at 333860000 of size 1703936 next 18446744073709551615
I0000 00:00:1783352507.341833 4050889 bfc_allocator.cc:1085] Next region of size 67108864
I0000 00:00:1783352507.341838 4050889 bfc_allocator.cc:1105] InUse at 334e00000 of size 1179648 next 205
I0000 00:00:1783352507.341843 4050889 bfc_allocator.cc:1105] InUse at 334f20000 of size 1179648 next 202
I0000 00:00:1783352507.341848 4050889 bfc_allocator.cc:1105] InUse at 335040000 of size 1179648 next 204
I0000 00:00:1783352507.341854 4050889 bfc_allocator.cc:1105] Free  at 335160000 of size 2359296 next 200
I0000 00:00:1783352507.341859 4050889 bfc_allocator.cc:1105] InUse at 3353a0000 of size 1179648 next 201
I0000 00:00:1783352507.341863 4050889 bfc_allocator.cc:1105] Free  at 3354c0000 of size 16515072 next 218
I0000 00:00:1783352507.341867 4050889 bfc_allocator.cc:1105] InUse at 336480000 of size 1179648 next 316
I0000 00:00:1783352507.341871 4050889 bfc_allocator.cc:1105] Free  at 3365a0000 of size 20237312 next 299
I0000 00:00:1783352507.341877 4050889 bfc_allocator.cc:1105] InUse at 3378ecc00 of size 29696 next 127
I0000 00:00:1783352507.341881 4050889 bfc_allocator.cc:1105] InUse at 3378f4000 of size 256 next 70
I0000 00:00:1783352507.341887 4050889 bfc_allocator.cc:1105] InUse at 3378f4100 of size 5632 next 136
I0000 00:00:1783352507.341892 4050889 bfc_allocator.cc:1105] InUse at 3378f5700 of size 2560 next 147
I0000 00:00:1783352507.341896 4050889 bfc_allocator.cc:1105] Free  at 3378f6100 of size 98304 next 298
I0000 00:00:1783352507.341903 4050889 bfc_allocator.cc:1105] InUse at 33790e100 of size 114432 next 323
I0000 00:00:1783352507.341908 4050889 bfc_allocator.cc:1105] Free  at 33792a000 of size 155648 next 370
I0000 00:00:1783352507.341913 4050889 bfc_allocator.cc:1105] InUse at 337950000 of size 278528 next 68
I0000 00:00:1783352507.341918 4050889 bfc_allocator.cc:1105] Free  at 337994000 of size 21413888 next 18446744073709551615
I0000 00:00:1783352507.341923 4050889 bfc_allocator.cc:1085] Next region of size 473767936
I0000 00:00:1783352507.341928 4050889 bfc_allocator.cc:1105] InUse at e5c220000000 of size 40108032 next 319
I0000 00:00:1783352507.341933 4050889 bfc_allocator.cc:1105] InUse at e5c222640000 of size 40108032 next 195
I0000 00:00:1783352507.341939 4050889 bfc_allocator.cc:1105] InUse at e5c224c80000 of size 40108032 next 221
I0000 00:00:1783352507.341944 4050889 bfc_allocator.cc:1105] InUse at e5c2272c0000 of size 40108032 next 191
I0000 00:00:1783352507.341950 4050889 bfc_allocator.cc:1105] InUse at e5c229900000 of size 40108032 next 196
I0000 00:00:1783352507.341955 4050889 bfc_allocator.cc:1105] InUse at e5c22bf40000 of size 40108032 next 365
I0000 00:00:1783352507.341959 4050889 bfc_allocator.cc:1105] InUse at e5c22e580000 of size 40108032 next 194
I0000 00:00:1783352507.341965 4050889 bfc_allocator.cc:1105] InUse at e5c230bc0000 of size 40108032 next 222
I0000 00:00:1783352507.341969 4050889 bfc_allocator.cc:1105] InUse at e5c233200000 of size 40108032 next 192
I0000 00:00:1783352507.341974 4050889 bfc_allocator.cc:1105] InUse at e5c235840000 of size 40108032 next 215
I0000 00:00:1783352507.341979 4050889 bfc_allocator.cc:1105] InUse at e5c237e80000 of size 72687616 next 18446744073709551615
I0000 00:00:1783352507.341990 4050889 bfc_allocator.cc:1085] Next region of size 268435456
I0000 00:00:1783352507.341997 4050889 bfc_allocator.cc:1105] InUse at e5c240000000 of size 40108032 next 256
I0000 00:00:1783352507.342066 4050889 bfc_allocator.cc:1105] InUse at e5c242640000 of size 40108032 next 199
I0000 00:00:1783352507.342114 4050889 bfc_allocator.cc:1105] InUse at e5c244c80000 of size 40108032 next 198
I0000 00:00:1783352507.342163 4050889 bfc_allocator.cc:1105] InUse at e5c2472c0000 of size 40108032 next 95
I0000 00:00:1783352507.342211 4050889 bfc_allocator.cc:1105] InUse at e5c249900000 of size 40108032 next 197
I0000 00:00:1783352507.342259 4050889 bfc_allocator.cc:1105] InUse at e5c24bf40000 of size 67895296 next 18446744073709551615
I0000 00:00:1783352507.342308 4050889 bfc_allocator.cc:1085] Next region of size 134217728
I0000 00:00:1783352507.342357 4050889 bfc_allocator.cc:1105] InUse at e5c280000000 of size 589824 next 279
I0000 00:00:1783352507.342407 4050889 bfc_allocator.cc:1105] InUse at e5c280090000 of size 40108032 next 309
I0000 00:00:1783352507.342455 4050889 bfc_allocator.cc:1105] InUse at e5c2826d0000 of size 40108032 next 203
I0000 00:00:1783352507.342504 4050889 bfc_allocator.cc:1105] InUse at e5c284d10000 of size 53411840 next 18446744073709551615
I0000 00:00:1783352507.342552 4050889 bfc_allocator.cc:1110]      Summary of in-use Chunks by size: 
I0000 00:00:1783352507.342590 4050889 bfc_allocator.cc:1113] 58 Chunks of size 256 totalling 14.5KiB
I0000 00:00:1783352507.342603 4050889 bfc_allocator.cc:1113] 1 Chunks of size 1280 totalling 1.2KiB
I0000 00:00:1783352507.342612 4050889 bfc_allocator.cc:1113] 2 Chunks of size 1792 totalling 3.5KiB
I0000 00:00:1783352507.342617 4050889 bfc_allocator.cc:1113] 2 Chunks of size 2560 totalling 5.0KiB
I0000 00:00:1783352507.342623 4050889 bfc_allocator.cc:1113] 1 Chunks of size 2816 totalling 2.8KiB
I0000 00:00:1783352507.342628 4050889 bfc_allocator.cc:1113] 2 Chunks of size 3072 totalling 6.0KiB
I0000 00:00:1783352507.342632 4050889 bfc_allocator.cc:1113] 1 Chunks of size 5632 totalling 5.5KiB
I0000 00:00:1783352507.342637 4050889 bfc_allocator.cc:1113] 1 Chunks of size 16384 totalling 16.0KiB
I0000 00:00:1783352507.342642 4050889 bfc_allocator.cc:1113] 1 Chunks of size 17408 totalling 17.0KiB
I0000 00:00:1783352507.342647 4050889 bfc_allocator.cc:1113] 1 Chunks of size 29696 totalling 29.0KiB
I0000 00:00:1783352507.342652 4050889 bfc_allocator.cc:1113] 2 Chunks of size 98304 totalling 192.0KiB
I0000 00:00:1783352507.342657 4050889 bfc_allocator.cc:1113] 1 Chunks of size 114432 totalling 111.8KiB
I0000 00:00:1783352507.342662 4050889 bfc_allocator.cc:1113] 1 Chunks of size 196608 totalling 192.0KiB
I0000 00:00:1783352507.342666 4050889 bfc_allocator.cc:1113] 1 Chunks of size 245760 totalling 240.0KiB
I0000 00:00:1783352507.342670 4050889 bfc_allocator.cc:1113] 1 Chunks of size 278528 totalling 272.0KiB
I0000 00:00:1783352507.342675 4050889 bfc_allocator.cc:1113] 2 Chunks of size 589824 totalling 1.12MiB
I0000 00:00:1783352507.342680 4050889 bfc_allocator.cc:1113] 1 Chunks of size 907520 totalling 886.2KiB
I0000 00:00:1783352507.342684 4050889 bfc_allocator.cc:1113] 43 Chunks of size 1179648 totalling 48.38MiB
I0000 00:00:1783352507.342689 4050889 bfc_allocator.cc:1113] 1 Chunks of size 1310720 totalling 1.25MiB
I0000 00:00:1783352507.342692 4050889 bfc_allocator.cc:1113] 1 Chunks of size 1808384 totalling 1.72MiB
I0000 00:00:1783352507.342696 4050889 bfc_allocator.cc:1113] 1 Chunks of size 2126848 totalling 2.03MiB
I0000 00:00:1783352507.342700 4050889 bfc_allocator.cc:1113] 1 Chunks of size 4352000 totalling 4.15MiB
I0000 00:00:1783352507.342705 4050889 bfc_allocator.cc:1113] 17 Chunks of size 40108032 totalling 650.25MiB
I0000 00:00:1783352507.342711 4050889 bfc_allocator.cc:1113] 1 Chunks of size 53411840 totalling 50.94MiB
I0000 00:00:1783352507.342715 4050889 bfc_allocator.cc:1113] 1 Chunks of size 67895296 totalling 64.75MiB
I0000 00:00:1783352507.342719 4050889 bfc_allocator.cc:1113] 1 Chunks of size 72687616 totalling 69.32MiB
I0000 00:00:1783352507.342730 4050889 bfc_allocator.cc:1117] Sum Total of in-use chunks: 895.86MiB
I0000 00:00:1783352507.342735 4050889 bfc_allocator.cc:1119] Total size in pool: 961.82MiB memory_limit_: 961.82MiB available size: 0B curr_region_allocation_bytes_: 1.00GiB
I0000 00:00:1783352507.342742 4050889 bfc_allocator.cc:1128] Stats: 
Limit:                       961.82MiB
InUse:                       895.86MiB
MaxInUse:                    899.74MiB
NumAllocs:                       44668
MaxAllocSize:                128.00MiB
Reserved:                           0B
PeakReserved:                       0B
LargestFreeBlock:                   0B

W0000 00:00:1783352507.342753 4050889 bfc_allocator.cc:513] *********_*__********************************************xxx************************xx*************x
W0000 00:00:1783352507.342784 4050889 op_kernel.cc:1858] OP_REQUIRES failed at strided_slice_op.cc:257 : RESOURCE_EXHAUSTED: OOM when allocating tensor with shape[34,32,6,96,16] and type float on /job:localhost/replica:0/task:0/device:GPU:0 by allocator GPU_0_bfc
W0000 00:00:1783352517.342955 4050889 bfc_allocator.cc:502] Allocator (GPU_0_bfc) ran out of memory trying to allocate 38.25MiB (rounded to 40108032)requested by op StatefulPartitionedCall/gradient_tape/widar3_1/time_distributed_1_2/strided_slice_30/StridedSliceGrad
If the cause is memory fragmentation maybe the environment variable 'TF_GPU_ALLOCATOR=cuda_malloc_async' will improve the situation. 
Current allocation summary follows.
Current allocation summary follows.
I0000 00:00:1783352517.343618 4050889 bfc_allocator.cc:1049] BFCAllocator dump for GPU_0_bfc
I0000 00:00:1783352517.343705 4050889 bfc_allocator.cc:1056] Bin (256): 	Total Chunks: 59, Chunks in use: 58. 14.8KiB allocated for chunks. 14.5KiB in use in bin. 1.9KiB client-requested in use in bin.
I0000 00:00:1783352517.343780 4050889 bfc_allocator.cc:1056] Bin (512): 	Total Chunks: 0, Chunks in use: 0. 0B allocated for chunks. 0B in use in bin. 0B client-requested in use in bin.
I0000 00:00:1783352517.343812 4050889 bfc_allocator.cc:1056] Bin (1024): 	Total Chunks: 4, Chunks in use: 3. 6.5KiB allocated for chunks. 4.8KiB in use in bin. 4.1KiB client-requested in use in bin.
I0000 00:00:1783352517.343825 4050889 bfc_allocator.cc:1056] Bin (2048): 	Total Chunks: 6, Chunks in use: 5. 17.5KiB allocated for chunks. 13.8KiB in use in bin. 13.5KiB client-requested in use in bin.
I0000 00:00:1783352517.343831 4050889 bfc_allocator.cc:1056] Bin (4096): 	Total Chunks: 3, Chunks in use: 1. 18.8KiB allocated for chunks. 5.5KiB in use in bin. 3.0KiB client-requested in use in bin.
I0000 00:00:1783352517.343840 4050889 bfc_allocator.cc:1056] Bin (8192): 	Total Chunks: 1, Chunks in use: 0. 12.5KiB allocated for chunks. 0B in use in bin. 0B client-requested in use in bin.
I0000 00:00:1783352517.343846 4050889 bfc_allocator.cc:1056] Bin (16384): 	Total Chunks: 3, Chunks in use: 3. 62.0KiB allocated for chunks. 62.0KiB in use in bin. 48.0KiB client-requested in use in bin.
I0000 00:00:1783352517.343854 4050889 bfc_allocator.cc:1056] Bin (32768): 	Total Chunks: 0, Chunks in use: 0. 0B allocated for chunks. 0B in use in bin. 0B client-requested in use in bin.
I0000 00:00:1783352517.343860 4050889 bfc_allocator.cc:1056] Bin (65536): 	Total Chunks: 5, Chunks in use: 3. 491.8KiB allocated for chunks. 303.8KiB in use in bin. 288.0KiB client-requested in use in bin.
I0000 00:00:1783352517.343868 4050889 bfc_allocator.cc:1056] Bin (131072): 	Total Chunks: 3, Chunks in use: 2. 584.0KiB allocated for chunks. 432.0KiB in use in bin. 384.0KiB client-requested in use in bin.
I0000 00:00:1783352517.343875 4050889 bfc_allocator.cc:1056] Bin (262144): 	Total Chunks: 3, Chunks in use: 1. 914.0KiB allocated for chunks. 272.0KiB in use in bin. 192.0KiB client-requested in use in bin.
I0000 00:00:1783352517.343881 4050889 bfc_allocator.cc:1056] Bin (524288): 	Total Chunks: 3, Chunks in use: 3. 1.99MiB allocated for chunks. 1.99MiB in use in bin. 1.69MiB client-requested in use in bin.
I0000 00:00:1783352517.343936 4050889 bfc_allocator.cc:1056] Bin (1048576): 	Total Chunks: 46, Chunks in use: 44. 52.97MiB allocated for chunks. 50.22MiB in use in bin. 49.50MiB client-requested in use in bin.
I0000 00:00:1783352517.343943 4050889 bfc_allocator.cc:1056] Bin (2097152): 	Total Chunks: 2, Chunks in use: 1. 4.28MiB allocated for chunks. 2.03MiB in use in bin. 1.12MiB client-requested in use in bin.
I0000 00:00:1783352517.343949 4050889 bfc_allocator.cc:1056] Bin (4194304): 	Total Chunks: 2, Chunks in use: 1. 9.78MiB allocated for chunks. 4.15MiB in use in bin. 4.15MiB client-requested in use in bin.
I0000 00:00:1783352517.343955 4050889 bfc_allocator.cc:1056] Bin (8388608): 	Total Chunks: 1, Chunks in use: 0. 15.75MiB allocated for chunks. 0B in use in bin. 0B client-requested in use in bin.
I0000 00:00:1783352517.343962 4050889 bfc_allocator.cc:1056] Bin (16777216): 	Total Chunks: 2, Chunks in use: 0. 39.72MiB allocated for chunks. 0B in use in bin. 0B client-requested in use in bin.
I0000 00:00:1783352517.343969 4050889 bfc_allocator.cc:1056] Bin (33554432): 	Total Chunks: 18, Chunks in use: 18. 701.19MiB allocated for chunks. 701.19MiB in use in bin. 688.50MiB client-requested in use in bin.
I0000 00:00:1783352517.343974 4050889 bfc_allocator.cc:1056] Bin (67108864): 	Total Chunks: 2, Chunks in use: 2. 134.07MiB allocated for chunks. 134.07MiB in use in bin. 76.50MiB client-requested in use in bin.
I0000 00:00:1783352517.343980 4050889 bfc_allocator.cc:1056] Bin (134217728): 	Total Chunks: 0, Chunks in use: 0. 0B allocated for chunks. 0B in use in bin. 0B client-requested in use in bin.
I0000 00:00:1783352517.343985 4050889 bfc_allocator.cc:1056] Bin (268435456): 	Total Chunks: 0, Chunks in use: 0. 0B allocated for chunks. 0B in use in bin. 0B client-requested in use in bin.
I0000 00:00:1783352517.343990 4050889 bfc_allocator.cc:1072] Bin for 38.25MiB was 32.00MiB, Chunk State: 
I0000 00:00:1783352517.344439 4050889 bfc_allocator.cc:1085] Next region of size 2097152
I0000 00:00:1783352517.344469 4050889 bfc_allocator.cc:1105] InUse at 32f000000 of size 1280 next 1
I0000 00:00:1783352517.344476 4050889 bfc_allocator.cc:1105] InUse at 32f000500 of size 256 next 2
I0000 00:00:1783352517.344480 4050889 bfc_allocator.cc:1105] InUse at 32f000600 of size 256 next 3
I0000 00:00:1783352517.344484 4050889 bfc_allocator.cc:1105] InUse at 32f000700 of size 256 next 4
I0000 00:00:1783352517.344488 4050889 bfc_allocator.cc:1105] InUse at 32f000800 of size 256 next 5
I0000 00:00:1783352517.344493 4050889 bfc_allocator.cc:1105] InUse at 32f000900 of size 256 next 6
I0000 00:00:1783352517.344497 4050889 bfc_allocator.cc:1105] InUse at 32f000a00 of size 256 next 7
I0000 00:00:1783352517.344501 4050889 bfc_allocator.cc:1105] InUse at 32f000b00 of size 256 next 8
I0000 00:00:1783352517.344504 4050889 bfc_allocator.cc:1105] InUse at 32f000c00 of size 256 next 9
I0000 00:00:1783352517.344507 4050889 bfc_allocator.cc:1105] InUse at 32f000d00 of size 256 next 10
I0000 00:00:1783352517.344511 4050889 bfc_allocator.cc:1105] InUse at 32f000e00 of size 256 next 11
I0000 00:00:1783352517.344514 4050889 bfc_allocator.cc:1105] InUse at 32f000f00 of size 256 next 13
I0000 00:00:1783352517.344516 4050889 bfc_allocator.cc:1105] InUse at 32f001000 of size 256 next 14
I0000 00:00:1783352517.344520 4050889 bfc_allocator.cc:1105] InUse at 32f001100 of size 256 next 12
I0000 00:00:1783352517.344524 4050889 bfc_allocator.cc:1105] InUse at 32f001200 of size 256 next 18
I0000 00:00:1783352517.344530 4050889 bfc_allocator.cc:1105] InUse at 32f001300 of size 256 next 19
I0000 00:00:1783352517.344534 4050889 bfc_allocator.cc:1105] InUse at 32f001400 of size 256 next 15
I0000 00:00:1783352517.344537 4050889 bfc_allocator.cc:1105] InUse at 32f001500 of size 256 next 20
I0000 00:00:1783352517.344539 4050889 bfc_allocator.cc:1105] InUse at 32f001600 of size 256 next 21
I0000 00:00:1783352517.344543 4050889 bfc_allocator.cc:1105] InUse at 32f001700 of size 256 next 25
I0000 00:00:1783352517.344546 4050889 bfc_allocator.cc:1105] InUse at 32f001800 of size 256 next 23
I0000 00:00:1783352517.344555 4050889 bfc_allocator.cc:1105] InUse at 32f001900 of size 256 next 24
I0000 00:00:1783352517.344558 4050889 bfc_allocator.cc:1105] InUse at 32f001a00 of size 256 next 28
I0000 00:00:1783352517.344560 4050889 bfc_allocator.cc:1105] InUse at 32f001b00 of size 256 next 31
I0000 00:00:1783352517.344563 4050889 bfc_allocator.cc:1105] InUse at 32f001c00 of size 256 next 29
I0000 00:00:1783352517.344565 4050889 bfc_allocator.cc:1105] InUse at 32f001d00 of size 256 next 35
I0000 00:00:1783352517.344567 4050889 bfc_allocator.cc:1105] InUse at 32f001e00 of size 256 next 37
I0000 00:00:1783352517.344569 4050889 bfc_allocator.cc:1105] InUse at 32f001f00 of size 256 next 16
I0000 00:00:1783352517.344572 4050889 bfc_allocator.cc:1105] InUse at 32f002000 of size 1792 next 17
I0000 00:00:1783352517.344575 4050889 bfc_allocator.cc:1105] InUse at 32f002700 of size 3072 next 30
I0000 00:00:1783352517.344577 4050889 bfc_allocator.cc:1105] InUse at 32f003300 of size 256 next 39
I0000 00:00:1783352517.344579 4050889 bfc_allocator.cc:1105] InUse at 32f003400 of size 256 next 40
I0000 00:00:1783352517.344582 4050889 bfc_allocator.cc:1105] InUse at 32f003500 of size 256 next 38
I0000 00:00:1783352517.344587 4050889 bfc_allocator.cc:1105] InUse at 32f003600 of size 256 next 41
I0000 00:00:1783352517.344590 4050889 bfc_allocator.cc:1105] Free  at 32f003700 of size 256 next 44
I0000 00:00:1783352517.344593 4050889 bfc_allocator.cc:1105] InUse at 32f003800 of size 1792 next 45
I0000 00:00:1783352517.344597 4050889 bfc_allocator.cc:1105] InUse at 32f003f00 of size 2816 next 42
I0000 00:00:1783352517.344600 4050889 bfc_allocator.cc:1105] InUse at 32f004a00 of size 2560 next 43
I0000 00:00:1783352517.344602 4050889 bfc_allocator.cc:1105] InUse at 32f005400 of size 3072 next 47
I0000 00:00:1783352517.344604 4050889 bfc_allocator.cc:1105] InUse at 32f006000 of size 256 next 48
I0000 00:00:1783352517.344607 4050889 bfc_allocator.cc:1105] InUse at 32f006100 of size 256 next 49
I0000 00:00:1783352517.344609 4050889 bfc_allocator.cc:1105] InUse at 32f006200 of size 256 next 52
I0000 00:00:1783352517.344611 4050889 bfc_allocator.cc:1105] InUse at 32f006300 of size 17408 next 27
I0000 00:00:1783352517.344614 4050889 bfc_allocator.cc:1105] InUse at 32f00a700 of size 16384 next 26
I0000 00:00:1783352517.344618 4050889 bfc_allocator.cc:1105] InUse at 32f00e700 of size 98304 next 46
I0000 00:00:1783352517.344620 4050889 bfc_allocator.cc:1105] InUse at 32f026700 of size 256 next 54
I0000 00:00:1783352517.344623 4050889 bfc_allocator.cc:1105] InUse at 32f026800 of size 256 next 53
I0000 00:00:1783352517.344626 4050889 bfc_allocator.cc:1105] InUse at 32f026900 of size 256 next 55
I0000 00:00:1783352517.344628 4050889 bfc_allocator.cc:1105] InUse at 32f026a00 of size 256 next 56
I0000 00:00:1783352517.344631 4050889 bfc_allocator.cc:1105] InUse at 32f026b00 of size 256 next 57
I0000 00:00:1783352517.344633 4050889 bfc_allocator.cc:1105] InUse at 32f026c00 of size 256 next 58
I0000 00:00:1783352517.344636 4050889 bfc_allocator.cc:1105] InUse at 32f026d00 of size 256 next 59
I0000 00:00:1783352517.344638 4050889 bfc_allocator.cc:1105] InUse at 32f026e00 of size 256 next 60
I0000 00:00:1783352517.344641 4050889 bfc_allocator.cc:1105] InUse at 32f026f00 of size 256 next 61
I0000 00:00:1783352517.344644 4050889 bfc_allocator.cc:1105] InUse at 32f027000 of size 256 next 62
I0000 00:00:1783352517.344647 4050889 bfc_allocator.cc:1105] InUse at 32f027100 of size 256 next 64
I0000 00:00:1783352517.344650 4050889 bfc_allocator.cc:1105] InUse at 32f027200 of size 256 next 63
I0000 00:00:1783352517.344653 4050889 bfc_allocator.cc:1105] InUse at 32f027300 of size 256 next 65
I0000 00:00:1783352517.344655 4050889 bfc_allocator.cc:1105] InUse at 32f027400 of size 256 next 66
I0000 00:00:1783352517.344659 4050889 bfc_allocator.cc:1105] InUse at 32f027500 of size 256 next 143
I0000 00:00:1783352517.344661 4050889 bfc_allocator.cc:1105] InUse at 32f027600 of size 256 next 69
I0000 00:00:1783352517.344664 4050889 bfc_allocator.cc:1105] Free  at 32f027700 of size 94208 next 33
I0000 00:00:1783352517.344668 4050889 bfc_allocator.cc:1105] InUse at 32f03e700 of size 98304 next 32
I0000 00:00:1783352517.344672 4050889 bfc_allocator.cc:1105] Free  at 32f056700 of size 3840 next 67
I0000 00:00:1783352517.344675 4050889 bfc_allocator.cc:1105] InUse at 32f057600 of size 256 next 93
I0000 00:00:1783352517.344678 4050889 bfc_allocator.cc:1105] InUse at 32f057700 of size 256 next 265
I0000 00:00:1783352517.344681 4050889 bfc_allocator.cc:1105] Free  at 32f057800 of size 1792 next 101
I0000 00:00:1783352517.344683 4050889 bfc_allocator.cc:1105] InUse at 32f057f00 of size 256 next 102
I0000 00:00:1783352517.344686 4050889 bfc_allocator.cc:1105] Free  at 32f058000 of size 7936 next 128
I0000 00:00:1783352517.344689 4050889 bfc_allocator.cc:1105] InUse at 32f059f00 of size 256 next 129
I0000 00:00:1783352517.344691 4050889 bfc_allocator.cc:1105] Free  at 32f05a000 of size 5632 next 151
I0000 00:00:1783352517.344694 4050889 bfc_allocator.cc:1105] InUse at 32f05b600 of size 256 next 152
I0000 00:00:1783352517.344696 4050889 bfc_allocator.cc:1105] InUse at 32f05b700 of size 256 next 153
I0000 00:00:1783352517.344698 4050889 bfc_allocator.cc:1105] Free  at 32f05b800 of size 12800 next 76
I0000 00:00:1783352517.344701 4050889 bfc_allocator.cc:1105] InUse at 32f05ea00 of size 256 next 77
I0000 00:00:1783352517.344704 4050889 bfc_allocator.cc:1105] Free  at 32f05eb00 of size 359424 next 36
I0000 00:00:1783352517.344707 4050889 bfc_allocator.cc:1105] InUse at 32f0b6700 of size 196608 next 34
I0000 00:00:1783352517.344711 4050889 bfc_allocator.cc:1105] InUse at 32f0e6700 of size 245760 next 22
I0000 00:00:1783352517.344714 4050889 bfc_allocator.cc:1105] InUse at 32f122700 of size 907520 next 18446744073709551615
I0000 00:00:1783352517.344716 4050889 bfc_allocator.cc:1085] Next region of size 4194304
I0000 00:00:1783352517.344720 4050889 bfc_allocator.cc:1105] InUse at 32f600000 of size 589824 next 51
I0000 00:00:1783352517.344723 4050889 bfc_allocator.cc:1105] Free  at 32f690000 of size 297984 next 105
I0000 00:00:1783352517.344725 4050889 bfc_allocator.cc:1105] InUse at 32f6d8c00 of size 1179648 next 157
I0000 00:00:1783352517.344728 4050889 bfc_allocator.cc:1105] InUse at 32f7f8c00 of size 2126848 next 18446744073709551615
I0000 00:00:1783352517.344731 4050889 bfc_allocator.cc:1085] Next region of size 8388608
I0000 00:00:1783352517.344734 4050889 bfc_allocator.cc:1105] InUse at 32fa00000 of size 1179648 next 158
I0000 00:00:1783352517.344737 4050889 bfc_allocator.cc:1105] InUse at 32fb20000 of size 1179648 next 162
I0000 00:00:1783352517.344740 4050889 bfc_allocator.cc:1105] InUse at 32fc40000 of size 1179648 next 163
I0000 00:00:1783352517.344743 4050889 bfc_allocator.cc:1105] InUse at 32fd60000 of size 1179648 next 164
I0000 00:00:1783352517.344745 4050889 bfc_allocator.cc:1105] InUse at 32fe80000 of size 1179648 next 165
I0000 00:00:1783352517.344749 4050889 bfc_allocator.cc:1105] InUse at 32ffa0000 of size 1179648 next 166
I0000 00:00:1783352517.344752 4050889 bfc_allocator.cc:1105] InUse at 3300c0000 of size 1310720 next 18446744073709551615
I0000 00:00:1783352517.344754 4050889 bfc_allocator.cc:1085] Next region of size 16777216
I0000 00:00:1783352517.344757 4050889 bfc_allocator.cc:1105] InUse at 330a00000 of size 4352000 next 156
I0000 00:00:1783352517.344759 4050889 bfc_allocator.cc:1105] InUse at 330e26800 of size 1179648 next 167
I0000 00:00:1783352517.344763 4050889 bfc_allocator.cc:1105] InUse at 330f46800 of size 1179648 next 168
I0000 00:00:1783352517.344765 4050889 bfc_allocator.cc:1105] InUse at 331066800 of size 1179648 next 169
I0000 00:00:1783352517.344768 4050889 bfc_allocator.cc:1105] InUse at 331186800 of size 1179648 next 170
I0000 00:00:1783352517.344771 4050889 bfc_allocator.cc:1105] InUse at 3312a6800 of size 1179648 next 171
I0000 00:00:1783352517.344774 4050889 bfc_allocator.cc:1105] InUse at 3313c6800 of size 1179648 next 172
I0000 00:00:1783352517.344778 4050889 bfc_allocator.cc:1105] InUse at 3314e6800 of size 1179648 next 173
I0000 00:00:1783352517.344780 4050889 bfc_allocator.cc:1105] InUse at 331606800 of size 1179648 next 174
I0000 00:00:1783352517.344785 4050889 bfc_allocator.cc:1105] InUse at 331726800 of size 1179648 next 175
I0000 00:00:1783352517.344788 4050889 bfc_allocator.cc:1105] InUse at 331846800 of size 1808384 next 18446744073709551615
I0000 00:00:1783352517.344790 4050889 bfc_allocator.cc:1085] Next region of size 33554432
I0000 00:00:1783352517.344793 4050889 bfc_allocator.cc:1105] InUse at 331a00000 of size 1179648 next 176
I0000 00:00:1783352517.344796 4050889 bfc_allocator.cc:1105] InUse at 331b20000 of size 1179648 next 177
I0000 00:00:1783352517.344799 4050889 bfc_allocator.cc:1105] InUse at 331c40000 of size 1179648 next 178
I0000 00:00:1783352517.344802 4050889 bfc_allocator.cc:1105] InUse at 331d60000 of size 1179648 next 179
I0000 00:00:1783352517.344805 4050889 bfc_allocator.cc:1105] InUse at 331e80000 of size 1179648 next 180
I0000 00:00:1783352517.344808 4050889 bfc_allocator.cc:1105] InUse at 331fa0000 of size 1179648 next 181
I0000 00:00:1783352517.344811 4050889 bfc_allocator.cc:1105] InUse at 3320c0000 of size 1179648 next 182
I0000 00:00:1783352517.344814 4050889 bfc_allocator.cc:1105] InUse at 3321e0000 of size 1179648 next 183
I0000 00:00:1783352517.344817 4050889 bfc_allocator.cc:1105] InUse at 332300000 of size 1179648 next 184
I0000 00:00:1783352517.344819 4050889 bfc_allocator.cc:1105] InUse at 332420000 of size 1179648 next 185
I0000 00:00:1783352517.344821 4050889 bfc_allocator.cc:1105] InUse at 332540000 of size 1179648 next 186
I0000 00:00:1783352517.344824 4050889 bfc_allocator.cc:1105] InUse at 332660000 of size 1179648 next 187
I0000 00:00:1783352517.344826 4050889 bfc_allocator.cc:1105] InUse at 332780000 of size 1179648 next 188
I0000 00:00:1783352517.344828 4050889 bfc_allocator.cc:1105] InUse at 3328a0000 of size 1179648 next 189
I0000 00:00:1783352517.344831 4050889 bfc_allocator.cc:1105] InUse at 3329c0000 of size 1179648 next 190
I0000 00:00:1783352517.344833 4050889 bfc_allocator.cc:1105] Free  at 332ae0000 of size 5898240 next 217
I0000 00:00:1783352517.344835 4050889 bfc_allocator.cc:1105] InUse at 333080000 of size 1179648 next 214
I0000 00:00:1783352517.344837 4050889 bfc_allocator.cc:1105] InUse at 3331a0000 of size 1179648 next 213
I0000 00:00:1783352517.344840 4050889 bfc_allocator.cc:1105] InUse at 3332c0000 of size 1179648 next 208
I0000 00:00:1783352517.344842 4050889 bfc_allocator.cc:1105] InUse at 3333e0000 of size 1179648 next 209
I0000 00:00:1783352517.344844 4050889 bfc_allocator.cc:1105] InUse at 333500000 of size 1179648 next 212
I0000 00:00:1783352517.344847 4050889 bfc_allocator.cc:1105] Free  at 333620000 of size 1179648 next 207
I0000 00:00:1783352517.344849 4050889 bfc_allocator.cc:1105] InUse at 333740000 of size 1179648 next 206
I0000 00:00:1783352517.344851 4050889 bfc_allocator.cc:1105] Free  at 333860000 of size 1703936 next 18446744073709551615
I0000 00:00:1783352517.344854 4050889 bfc_allocator.cc:1085] Next region of size 67108864
I0000 00:00:1783352517.344856 4050889 bfc_allocator.cc:1105] InUse at 334e00000 of size 1179648 next 205
I0000 00:00:1783352517.344858 4050889 bfc_allocator.cc:1105] InUse at 334f20000 of size 1179648 next 202
I0000 00:00:1783352517.344861 4050889 bfc_allocator.cc:1105] InUse at 335040000 of size 1179648 next 204
I0000 00:00:1783352517.344863 4050889 bfc_allocator.cc:1105] Free  at 335160000 of size 2359296 next 200
I0000 00:00:1783352517.344865 4050889 bfc_allocator.cc:1105] InUse at 3353a0000 of size 1179648 next 201
I0000 00:00:1783352517.344867 4050889 bfc_allocator.cc:1105] Free  at 3354c0000 of size 16515072 next 218
I0000 00:00:1783352517.344870 4050889 bfc_allocator.cc:1105] InUse at 336480000 of size 1179648 next 316
I0000 00:00:1783352517.344872 4050889 bfc_allocator.cc:1105] Free  at 3365a0000 of size 20237312 next 299
I0000 00:00:1783352517.344874 4050889 bfc_allocator.cc:1105] InUse at 3378ecc00 of size 29696 next 127
I0000 00:00:1783352517.344877 4050889 bfc_allocator.cc:1105] InUse at 3378f4000 of size 256 next 70
I0000 00:00:1783352517.344879 4050889 bfc_allocator.cc:1105] InUse at 3378f4100 of size 5632 next 136
I0000 00:00:1783352517.344884 4050889 bfc_allocator.cc:1105] InUse at 3378f5700 of size 2560 next 147
I0000 00:00:1783352517.344886 4050889 bfc_allocator.cc:1105] Free  at 3378f6100 of size 98304 next 298
I0000 00:00:1783352517.344889 4050889 bfc_allocator.cc:1105] InUse at 33790e100 of size 114432 next 323
I0000 00:00:1783352517.344891 4050889 bfc_allocator.cc:1105] Free  at 33792a000 of size 155648 next 370
I0000 00:00:1783352517.344894 4050889 bfc_allocator.cc:1105] InUse at 337950000 of size 278528 next 68
I0000 00:00:1783352517.344896 4050889 bfc_allocator.cc:1105] Free  at 337994000 of size 21413888 next 18446744073709551615
I0000 00:00:1783352517.344898 4050889 bfc_allocator.cc:1085] Next region of size 473767936
I0000 00:00:1783352517.344901 4050889 bfc_allocator.cc:1105] InUse at e5c220000000 of size 40108032 next 319
I0000 00:00:1783352517.344904 4050889 bfc_allocator.cc:1105] InUse at e5c222640000 of size 40108032 next 195
I0000 00:00:1783352517.344906 4050889 bfc_allocator.cc:1105] InUse at e5c224c80000 of size 40108032 next 221
I0000 00:00:1783352517.344908 4050889 bfc_allocator.cc:1105] InUse at e5c2272c0000 of size 40108032 next 191
I0000 00:00:1783352517.344911 4050889 bfc_allocator.cc:1105] InUse at e5c229900000 of size 40108032 next 196
I0000 00:00:1783352517.344913 4050889 bfc_allocator.cc:1105] InUse at e5c22bf40000 of size 40108032 next 365
I0000 00:00:1783352517.344915 4050889 bfc_allocator.cc:1105] InUse at e5c22e580000 of size 40108032 next 194
I0000 00:00:1783352517.344918 4050889 bfc_allocator.cc:1105] InUse at e5c230bc0000 of size 40108032 next 222
I0000 00:00:1783352517.344920 4050889 bfc_allocator.cc:1105] InUse at e5c233200000 of size 40108032 next 192
I0000 00:00:1783352517.344922 4050889 bfc_allocator.cc:1105] InUse at e5c235840000 of size 40108032 next 215
I0000 00:00:1783352517.344925 4050889 bfc_allocator.cc:1105] InUse at e5c237e80000 of size 72687616 next 18446744073709551615
I0000 00:00:1783352517.344927 4050889 bfc_allocator.cc:1085] Next region of size 268435456
I0000 00:00:1783352517.344930 4050889 bfc_allocator.cc:1105] InUse at e5c240000000 of size 40108032 next 256
I0000 00:00:1783352517.344932 4050889 bfc_allocator.cc:1105] InUse at e5c242640000 of size 40108032 next 199
I0000 00:00:1783352517.344934 4050889 bfc_allocator.cc:1105] InUse at e5c244c80000 of size 40108032 next 198
I0000 00:00:1783352517.344937 4050889 bfc_allocator.cc:1105] InUse at e5c2472c0000 of size 40108032 next 95
I0000 00:00:1783352517.344939 4050889 bfc_allocator.cc:1105] InUse at e5c249900000 of size 40108032 next 197
I0000 00:00:1783352517.344941 4050889 bfc_allocator.cc:1105] InUse at e5c24bf40000 of size 67895296 next 18446744073709551615
I0000 00:00:1783352517.344944 4050889 bfc_allocator.cc:1085] Next region of size 134217728
I0000 00:00:1783352517.344946 4050889 bfc_allocator.cc:1105] InUse at e5c280000000 of size 589824 next 279
I0000 00:00:1783352517.344949 4050889 bfc_allocator.cc:1105] InUse at e5c280090000 of size 40108032 next 309
I0000 00:00:1783352517.344951 4050889 bfc_allocator.cc:1105] InUse at e5c2826d0000 of size 40108032 next 203
I0000 00:00:1783352517.344953 4050889 bfc_allocator.cc:1105] InUse at e5c284d10000 of size 53411840 next 18446744073709551615
I0000 00:00:1783352517.344956 4050889 bfc_allocator.cc:1110]      Summary of in-use Chunks by size: 
I0000 00:00:1783352517.344958 4050889 bfc_allocator.cc:1113] 58 Chunks of size 256 totalling 14.5KiB
I0000 00:00:1783352517.344963 4050889 bfc_allocator.cc:1113] 1 Chunks of size 1280 totalling 1.2KiB
I0000 00:00:1783352517.344965 4050889 bfc_allocator.cc:1113] 2 Chunks of size 1792 totalling 3.5KiB
I0000 00:00:1783352517.344968 4050889 bfc_allocator.cc:1113] 2 Chunks of size 2560 totalling 5.0KiB
I0000 00:00:1783352517.344971 4050889 bfc_allocator.cc:1113] 1 Chunks of size 2816 totalling 2.8KiB
I0000 00:00:1783352517.344974 4050889 bfc_allocator.cc:1113] 2 Chunks of size 3072 totalling 6.0KiB
I0000 00:00:1783352517.344976 4050889 bfc_allocator.cc:1113] 1 Chunks of size 5632 totalling 5.5KiB
I0000 00:00:1783352517.344980 4050889 bfc_allocator.cc:1113] 1 Chunks of size 16384 totalling 16.0KiB
I0000 00:00:1783352517.344983 4050889 bfc_allocator.cc:1113] 1 Chunks of size 17408 totalling 17.0KiB
I0000 00:00:1783352517.344986 4050889 bfc_allocator.cc:1113] 1 Chunks of size 29696 totalling 29.0KiB
I0000 00:00:1783352517.344989 4050889 bfc_allocator.cc:1113] 2 Chunks of size 98304 totalling 192.0KiB
I0000 00:00:1783352517.344991 4050889 bfc_allocator.cc:1113] 1 Chunks of size 114432 totalling 111.8KiB
I0000 00:00:1783352517.344994 4050889 bfc_allocator.cc:1113] 1 Chunks of size 196608 totalling 192.0KiB
I0000 00:00:1783352517.344997 4050889 bfc_allocator.cc:1113] 1 Chunks of size 245760 totalling 240.0KiB
I0000 00:00:1783352517.345123 4050889 bfc_allocator.cc:1113] 1 Chunks of size 278528 totalling 272.0KiB
I0000 00:00:1783352517.345169 4050889 bfc_allocator.cc:1113] 2 Chunks of size 589824 totalling 1.12MiB
I0000 00:00:1783352517.345212 4050889 bfc_allocator.cc:1113] 1 Chunks of size 907520 totalling 886.2KiB
I0000 00:00:1783352517.345251 4050889 bfc_allocator.cc:1113] 42 Chunks of size 1179648 totalling 47.25MiB
I0000 00:00:1783352517.345293 4050889 bfc_allocator.cc:1113] 1 Chunks of size 1310720 totalling 1.25MiB
I0000 00:00:1783352517.345332 4050889 bfc_allocator.cc:1113] 1 Chunks of size 1808384 totalling 1.72MiB
I0000 00:00:1783352517.345373 4050889 bfc_allocator.cc:1113] 1 Chunks of size 2126848 totalling 2.03MiB
I0000 00:00:1783352517.345383 4050889 bfc_allocator.cc:1113] 1 Chunks of size 4352000 totalling 4.15MiB
I0000 00:00:1783352517.345387 4050889 bfc_allocator.cc:1113] 17 Chunks of size 40108032 totalling 650.25MiB
I0000 00:00:1783352517.345391 4050889 bfc_allocator.cc:1113] 1 Chunks of size 53411840 totalling 50.94MiB
I0000 00:00:1783352517.345394 4050889 bfc_allocator.cc:1113] 1 Chunks of size 67895296 totalling 64.75MiB
I0000 00:00:1783352517.345397 4050889 bfc_allocator.cc:1113] 1 Chunks of size 72687616 totalling 69.32MiB
I0000 00:00:1783352517.345399 4050889 bfc_allocator.cc:1117] Sum Total of in-use chunks: 894.73MiB
I0000 00:00:1783352517.345402 4050889 bfc_allocator.cc:1119] Total size in pool: 961.82MiB memory_limit_: 961.82MiB available size: 0B curr_region_allocation_bytes_: 1.00GiB
I0000 00:00:1783352517.345406 4050889 bfc_allocator.cc:1128] Stats: 
Limit:                       961.82MiB
InUse:                       894.73MiB
MaxInUse:                    899.74MiB
NumAllocs:                       44668
MaxAllocSize:                128.00MiB
Reserved:                           0B
PeakReserved:                       0B
LargestFreeBlock:                   0B

W0000 00:00:1783352517.345413 4050889 bfc_allocator.cc:513] *********_*__********************************************xxx************************xx*************x
W0000 00:00:1783352517.345428 4050889 op_kernel.cc:1858] OP_REQUIRES failed at strided_slice_op.cc:257 : RESOURCE_EXHAUSTED: OOM when allocating tensor with shape[34,32,6,96,16] and type float on /job:localhost/replica:0/task:0/device:GPU:0 by allocator GPU_0_bfc
W0000 00:00:1783352527.345534 4050889 bfc_allocator.cc:502] Allocator (GPU_0_bfc) ran out of memory trying to allocate 38.25MiB (rounded to 40108032)requested by op StatefulPartitionedCall/gradient_tape/widar3_1/time_distributed_1_2/strided_slice_34/StridedSliceGrad
If the cause is memory fragmentation maybe the environment variable 'TF_GPU_ALLOCATOR=cuda_malloc_async' will improve the situation. 
Current allocation summary follows.
Current allocation summary follows.
I0000 00:00:1783352527.345687 4050889 bfc_allocator.cc:1049] BFCAllocator dump for GPU_0_bfc
I0000 00:00:1783352527.345703 4050889 bfc_allocator.cc:1056] Bin (256): 	Total Chunks: 59, Chunks in use: 58. 14.8KiB allocated for chunks. 14.5KiB in use in bin. 1.9KiB client-requested in use in bin.
I0000 00:00:1783352527.345716 4050889 bfc_allocator.cc:1056] Bin (512): 	Total Chunks: 0, Chunks in use: 0. 0B allocated for chunks. 0B in use in bin. 0B client-requested in use in bin.
I0000 00:00:1783352527.345725 4050889 bfc_allocator.cc:1056] Bin (1024): 	Total Chunks: 4, Chunks in use: 3. 6.5KiB allocated for chunks. 4.8KiB in use in bin. 4.1KiB client-requested in use in bin.
I0000 00:00:1783352527.345761 4050889 bfc_allocator.cc:1056] Bin (2048): 	Total Chunks: 6, Chunks in use: 5. 17.5KiB allocated for chunks. 13.8KiB in use in bin. 13.5KiB client-requested in use in bin.
I0000 00:00:1783352527.345769 4050889 bfc_allocator.cc:1056] Bin (4096): 	Total Chunks: 3, Chunks in use: 1. 18.8KiB allocated for chunks. 5.5KiB in use in bin. 3.0KiB client-requested in use in bin.
I0000 00:00:1783352527.345775 4050889 bfc_allocator.cc:1056] Bin (8192): 	Total Chunks: 1, Chunks in use: 0. 12.5KiB allocated for chunks. 0B in use in bin. 0B client-requested in use in bin.
I0000 00:00:1783352527.345786 4050889 bfc_allocator.cc:1056] Bin (16384): 	Total Chunks: 3, Chunks in use: 3. 62.0KiB allocated for chunks. 62.0KiB in use in bin. 48.0KiB client-requested in use in bin.
I0000 00:00:1783352527.345797 4050889 bfc_allocator.cc:1056] Bin (32768): 	Total Chunks: 0, Chunks in use: 0. 0B allocated for chunks. 0B in use in bin. 0B client-requested in use in bin.
I0000 00:00:1783352527.345807 4050889 bfc_allocator.cc:1056] Bin (65536): 	Total Chunks: 5, Chunks in use: 3. 491.8KiB allocated for chunks. 303.8KiB in use in bin. 288.0KiB client-requested in use in bin.
I0000 00:00:1783352527.345818 4050889 bfc_allocator.cc:1056] Bin (131072): 	Total Chunks: 3, Chunks in use: 2. 584.0KiB allocated for chunks. 432.0KiB in use in bin. 384.0KiB client-requested in use in bin.
I0000 00:00:1783352527.345827 4050889 bfc_allocator.cc:1056] Bin (262144): 	Total Chunks: 3, Chunks in use: 1. 914.0KiB allocated for chunks. 272.0KiB in use in bin. 192.0KiB client-requested in use in bin.
I0000 00:00:1783352527.345836 4050889 bfc_allocator.cc:1056] Bin (524288): 	Total Chunks: 3, Chunks in use: 3. 1.99MiB allocated for chunks. 1.99MiB in use in bin. 1.69MiB client-requested in use in bin.
I0000 00:00:1783352527.345842 4050889 bfc_allocator.cc:1056] Bin (1048576): 	Total Chunks: 46, Chunks in use: 43. 52.97MiB allocated for chunks. 49.10MiB in use in bin. 48.38MiB client-requested in use in bin.
I0000 00:00:1783352527.345853 4050889 bfc_allocator.cc:1056] Bin (2097152): 	Total Chunks: 2, Chunks in use: 1. 4.28MiB allocated for chunks. 2.03MiB in use in bin. 1.12MiB client-requested in use in bin.
I0000 00:00:1783352527.345860 4050889 bfc_allocator.cc:1056] Bin (4194304): 	Total Chunks: 2, Chunks in use: 1. 9.78MiB allocated for chunks. 4.15MiB in use in bin. 4.15MiB client-requested in use in bin.
I0000 00:00:1783352527.345865 4050889 bfc_allocator.cc:1056] Bin (8388608): 	Total Chunks: 1, Chunks in use: 0. 15.75MiB allocated for chunks. 0B in use in bin. 0B client-requested in use in bin.
I0000 00:00:1783352527.345872 4050889 bfc_allocator.cc:1056] Bin (16777216): 	Total Chunks: 2, Chunks in use: 0. 39.72MiB allocated for chunks. 0B in use in bin. 0B client-requested in use in bin.
I0000 00:00:1783352527.345880 4050889 bfc_allocator.cc:1056] Bin (33554432): 	Total Chunks: 18, Chunks in use: 18. 701.19MiB allocated for chunks. 701.19MiB in use in bin. 688.50MiB client-requested in use in bin.
I0000 00:00:1783352527.345885 4050889 bfc_allocator.cc:1056] Bin (67108864): 	Total Chunks: 2, Chunks in use: 2. 134.07MiB allocated for chunks. 134.07MiB in use in bin. 76.50MiB client-requested in use in bin.
I0000 00:00:1783352527.345889 4050889 bfc_allocator.cc:1056] Bin (134217728): 	Total Chunks: 0, Chunks in use: 0. 0B allocated for chunks. 0B in use in bin. 0B client-requested in use in bin.
I0000 00:00:1783352527.345898 4050889 bfc_allocator.cc:1056] Bin (268435456): 	Total Chunks: 0, Chunks in use: 0. 0B allocated for chunks. 0B in use in bin. 0B client-requested in use in bin.
I0000 00:00:1783352527.345908 4050889 bfc_allocator.cc:1072] Bin for 38.25MiB was 32.00MiB, Chunk State: 
I0000 00:00:1783352527.345922 4050889 bfc_allocator.cc:1085] Next region of size 2097152
I0000 00:00:1783352527.345940 4050889 bfc_allocator.cc:1105] InUse at 32f000000 of size 1280 next 1
I0000 00:00:1783352527.345947 4050889 bfc_allocator.cc:1105] InUse at 32f000500 of size 256 next 2
I0000 00:00:1783352527.345951 4050889 bfc_allocator.cc:1105] InUse at 32f000600 of size 256 next 3
I0000 00:00:1783352527.345956 4050889 bfc_allocator.cc:1105] InUse at 32f000700 of size 256 next 4
I0000 00:00:1783352527.345961 4050889 bfc_allocator.cc:1105] InUse at 32f000800 of size 256 next 5
I0000 00:00:1783352527.345967 4050889 bfc_allocator.cc:1105] InUse at 32f000900 of size 256 next 6
I0000 00:00:1783352527.345975 4050889 bfc_allocator.cc:1105] InUse at 32f000a00 of size 256 next 7
I0000 00:00:1783352527.345984 4050889 bfc_allocator.cc:1105] InUse at 32f000b00 of size 256 next 8
I0000 00:00:1783352527.345993 4050889 bfc_allocator.cc:1105] InUse at 32f000c00 of size 256 next 9
I0000 00:00:1783352527.346068 4050889 bfc_allocator.cc:1105] InUse at 32f000d00 of size 256 next 10
I0000 00:00:1783352527.346123 4050889 bfc_allocator.cc:1105] InUse at 32f000e00 of size 256 next 11
I0000 00:00:1783352527.346175 4050889 bfc_allocator.cc:1105] InUse at 32f000f00 of size 256 next 13
I0000 00:00:1783352527.346223 4050889 bfc_allocator.cc:1105] InUse at 32f001000 of size 256 next 14
I0000 00:00:1783352527.346270 4050889 bfc_allocator.cc:1105] InUse at 32f001100 of size 256 next 12
I0000 00:00:1783352527.346318 4050889 bfc_allocator.cc:1105] InUse at 32f001200 of size 256 next 18
I0000 00:00:1783352527.346358 4050889 bfc_allocator.cc:1105] InUse at 32f001300 of size 256 next 19
I0000 00:00:1783352527.346370 4050889 bfc_allocator.cc:1105] InUse at 32f001400 of size 256 next 15
I0000 00:00:1783352527.346375 4050889 bfc_allocator.cc:1105] InUse at 32f001500 of size 256 next 20
I0000 00:00:1783352527.346380 4050889 bfc_allocator.cc:1105] InUse at 32f001600 of size 256 next 21
I0000 00:00:1783352527.346386 4050889 bfc_allocator.cc:1105] InUse at 32f001700 of size 256 next 25
I0000 00:00:1783352527.346389 4050889 bfc_allocator.cc:1105] InUse at 32f001800 of size 256 next 23
I0000 00:00:1783352527.346394 4050889 bfc_allocator.cc:1105] InUse at 32f001900 of size 256 next 24
I0000 00:00:1783352527.346397 4050889 bfc_allocator.cc:1105] InUse at 32f001a00 of size 256 next 28
I0000 00:00:1783352527.346402 4050889 bfc_allocator.cc:1105] InUse at 32f001b00 of size 256 next 31
I0000 00:00:1783352527.346406 4050889 bfc_allocator.cc:1105] InUse at 32f001c00 of size 256 next 29
I0000 00:00:1783352527.346409 4050889 bfc_allocator.cc:1105] InUse at 32f001d00 of size 256 next 35
I0000 00:00:1783352527.346413 4050889 bfc_allocator.cc:1105] InUse at 32f001e00 of size 256 next 37
I0000 00:00:1783352527.346417 4050889 bfc_allocator.cc:1105] InUse at 32f001f00 of size 256 next 16
I0000 00:00:1783352527.346421 4050889 bfc_allocator.cc:1105] InUse at 32f002000 of size 1792 next 17
I0000 00:00:1783352527.346426 4050889 bfc_allocator.cc:1105] InUse at 32f002700 of size 3072 next 30
I0000 00:00:1783352527.346430 4050889 bfc_allocator.cc:1105] InUse at 32f003300 of size 256 next 39
I0000 00:00:1783352527.346434 4050889 bfc_allocator.cc:1105] InUse at 32f003400 of size 256 next 40
I0000 00:00:1783352527.346438 4050889 bfc_allocator.cc:1105] InUse at 32f003500 of size 256 next 38
I0000 00:00:1783352527.346442 4050889 bfc_allocator.cc:1105] InUse at 32f003600 of size 256 next 41
I0000 00:00:1783352527.346446 4050889 bfc_allocator.cc:1105] Free  at 32f003700 of size 256 next 44
I0000 00:00:1783352527.346451 4050889 bfc_allocator.cc:1105] InUse at 32f003800 of size 1792 next 45
I0000 00:00:1783352527.346456 4050889 bfc_allocator.cc:1105] InUse at 32f003f00 of size 2816 next 42
I0000 00:00:1783352527.346460 4050889 bfc_allocator.cc:1105] InUse at 32f004a00 of size 2560 next 43
I0000 00:00:1783352527.346465 4050889 bfc_allocator.cc:1105] InUse at 32f005400 of size 3072 next 47
I0000 00:00:1783352527.346467 4050889 bfc_allocator.cc:1105] InUse at 32f006000 of size 256 next 48
I0000 00:00:1783352527.346471 4050889 bfc_allocator.cc:1105] InUse at 32f006100 of size 256 next 49
I0000 00:00:1783352527.346474 4050889 bfc_allocator.cc:1105] InUse at 32f006200 of size 256 next 52
I0000 00:00:1783352527.346487 4050889 bfc_allocator.cc:1105] InUse at 32f006300 of size 17408 next 27
I0000 00:00:1783352527.346495 4050889 bfc_allocator.cc:1105] InUse at 32f00a700 of size 16384 next 26
I0000 00:00:1783352527.346500 4050889 bfc_allocator.cc:1105] InUse at 32f00e700 of size 98304 next 46
I0000 00:00:1783352527.346503 4050889 bfc_allocator.cc:1105] InUse at 32f026700 of size 256 next 54
I0000 00:00:1783352527.346507 4050889 bfc_allocator.cc:1105] InUse at 32f026800 of size 256 next 53
I0000 00:00:1783352527.346510 4050889 bfc_allocator.cc:1105] InUse at 32f026900 of size 256 next 55
I0000 00:00:1783352527.346514 4050889 bfc_allocator.cc:1105] InUse at 32f026a00 of size 256 next 56
I0000 00:00:1783352527.346517 4050889 bfc_allocator.cc:1105] InUse at 32f026b00 of size 256 next 57
I0000 00:00:1783352527.346521 4050889 bfc_allocator.cc:1105] InUse at 32f026c00 of size 256 next 58
I0000 00:00:1783352527.346525 4050889 bfc_allocator.cc:1105] InUse at 32f026d00 of size 256 next 59
I0000 00:00:1783352527.346530 4050889 bfc_allocator.cc:1105] InUse at 32f026e00 of size 256 next 60
I0000 00:00:1783352527.346535 4050889 bfc_allocator.cc:1105] InUse at 32f026f00 of size 256 next 61
I0000 00:00:1783352527.346539 4050889 bfc_allocator.cc:1105] InUse at 32f027000 of size 256 next 62
I0000 00:00:1783352527.346543 4050889 bfc_allocator.cc:1105] InUse at 32f027100 of size 256 next 64
I0000 00:00:1783352527.346547 4050889 bfc_allocator.cc:1105] InUse at 32f027200 of size 256 next 63
I0000 00:00:1783352527.346551 4050889 bfc_allocator.cc:1105] InUse at 32f027300 of size 256 next 65
I0000 00:00:1783352527.346554 4050889 bfc_allocator.cc:1105] InUse at 32f027400 of size 256 next 66
I0000 00:00:1783352527.346558 4050889 bfc_allocator.cc:1105] InUse at 32f027500 of size 256 next 143
I0000 00:00:1783352527.346562 4050889 bfc_allocator.cc:1105] InUse at 32f027600 of size 256 next 69
I0000 00:00:1783352527.346567 4050889 bfc_allocator.cc:1105] Free  at 32f027700 of size 94208 next 33
I0000 00:00:1783352527.346571 4050889 bfc_allocator.cc:1105] InUse at 32f03e700 of size 98304 next 32
I0000 00:00:1783352527.346574 4050889 bfc_allocator.cc:1105] Free  at 32f056700 of size 3840 next 67
I0000 00:00:1783352527.346578 4050889 bfc_allocator.cc:1105] InUse at 32f057600 of size 256 next 93
I0000 00:00:1783352527.346581 4050889 bfc_allocator.cc:1105] InUse at 32f057700 of size 256 next 265
I0000 00:00:1783352527.346584 4050889 bfc_allocator.cc:1105] Free  at 32f057800 of size 1792 next 101
I0000 00:00:1783352527.346587 4050889 bfc_allocator.cc:1105] InUse at 32f057f00 of size 256 next 102
I0000 00:00:1783352527.346591 4050889 bfc_allocator.cc:1105] Free  at 32f058000 of size 7936 next 128
I0000 00:00:1783352527.346594 4050889 bfc_allocator.cc:1105] InUse at 32f059f00 of size 256 next 129
I0000 00:00:1783352527.346598 4050889 bfc_allocator.cc:1105] Free  at 32f05a000 of size 5632 next 151
I0000 00:00:1783352527.346601 4050889 bfc_allocator.cc:1105] InUse at 32f05b600 of size 256 next 152
I0000 00:00:1783352527.346605 4050889 bfc_allocator.cc:1105] InUse at 32f05b700 of size 256 next 153
I0000 00:00:1783352527.346608 4050889 bfc_allocator.cc:1105] Free  at 32f05b800 of size 12800 next 76
I0000 00:00:1783352527.346611 4050889 bfc_allocator.cc:1105] InUse at 32f05ea00 of size 256 next 77
I0000 00:00:1783352527.346614 4050889 bfc_allocator.cc:1105] Free  at 32f05eb00 of size 359424 next 36
I0000 00:00:1783352527.346616 4050889 bfc_allocator.cc:1105] InUse at 32f0b6700 of size 196608 next 34
I0000 00:00:1783352527.346619 4050889 bfc_allocator.cc:1105] InUse at 32f0e6700 of size 245760 next 22
I0000 00:00:1783352527.346622 4050889 bfc_allocator.cc:1105] InUse at 32f122700 of size 907520 next 18446744073709551615
I0000 00:00:1783352527.346625 4050889 bfc_allocator.cc:1085] Next region of size 4194304
I0000 00:00:1783352527.346629 4050889 bfc_allocator.cc:1105] InUse at 32f600000 of size 589824 next 51
I0000 00:00:1783352527.346631 4050889 bfc_allocator.cc:1105] Free  at 32f690000 of size 297984 next 105
I0000 00:00:1783352527.346634 4050889 bfc_allocator.cc:1105] InUse at 32f6d8c00 of size 1179648 next 157
I0000 00:00:1783352527.346638 4050889 bfc_allocator.cc:1105] InUse at 32f7f8c00 of size 2126848 next 18446744073709551615
I0000 00:00:1783352527.346642 4050889 bfc_allocator.cc:1085] Next region of size 8388608
I0000 00:00:1783352527.346647 4050889 bfc_allocator.cc:1105] InUse at 32fa00000 of size 1179648 next 158
I0000 00:00:1783352527.346651 4050889 bfc_allocator.cc:1105] InUse at 32fb20000 of size 1179648 next 162
I0000 00:00:1783352527.346654 4050889 bfc_allocator.cc:1105] InUse at 32fc40000 of size 1179648 next 163
I0000 00:00:1783352527.346658 4050889 bfc_allocator.cc:1105] InUse at 32fd60000 of size 1179648 next 164
I0000 00:00:1783352527.346661 4050889 bfc_allocator.cc:1105] InUse at 32fe80000 of size 1179648 next 165
I0000 00:00:1783352527.346664 4050889 bfc_allocator.cc:1105] InUse at 32ffa0000 of size 1179648 next 166
I0000 00:00:1783352527.346667 4050889 bfc_allocator.cc:1105] InUse at 3300c0000 of size 1310720 next 18446744073709551615
I0000 00:00:1783352527.346669 4050889 bfc_allocator.cc:1085] Next region of size 16777216
I0000 00:00:1783352527.346672 4050889 bfc_allocator.cc:1105] InUse at 330a00000 of size 4352000 next 156
I0000 00:00:1783352527.346674 4050889 bfc_allocator.cc:1105] InUse at 330e26800 of size 1179648 next 167
I0000 00:00:1783352527.346677 4050889 bfc_allocator.cc:1105] InUse at 330f46800 of size 1179648 next 168
I0000 00:00:1783352527.346679 4050889 bfc_allocator.cc:1105] InUse at 331066800 of size 1179648 next 169
I0000 00:00:1783352527.346684 4050889 bfc_allocator.cc:1105] InUse at 331186800 of size 1179648 next 170
I0000 00:00:1783352527.346688 4050889 bfc_allocator.cc:1105] InUse at 3312a6800 of size 1179648 next 171
I0000 00:00:1783352527.346693 4050889 bfc_allocator.cc:1105] InUse at 3313c6800 of size 1179648 next 172
I0000 00:00:1783352527.346697 4050889 bfc_allocator.cc:1105] InUse at 3314e6800 of size 1179648 next 173
I0000 00:00:1783352527.346701 4050889 bfc_allocator.cc:1105] InUse at 331606800 of size 1179648 next 174
I0000 00:00:1783352527.346705 4050889 bfc_allocator.cc:1105] InUse at 331726800 of size 1179648 next 175
I0000 00:00:1783352527.346710 4050889 bfc_allocator.cc:1105] InUse at 331846800 of size 1808384 next 18446744073709551615
I0000 00:00:1783352527.346714 4050889 bfc_allocator.cc:1085] Next region of size 33554432
I0000 00:00:1783352527.346718 4050889 bfc_allocator.cc:1105] InUse at 331a00000 of size 1179648 next 176
I0000 00:00:1783352527.346722 4050889 bfc_allocator.cc:1105] InUse at 331b20000 of size 1179648 next 177
I0000 00:00:1783352527.346726 4050889 bfc_allocator.cc:1105] InUse at 331c40000 of size 1179648 next 178
I0000 00:00:1783352527.346729 4050889 bfc_allocator.cc:1105] InUse at 331d60000 of size 1179648 next 179
I0000 00:00:1783352527.346732 4050889 bfc_allocator.cc:1105] InUse at 331e80000 of size 1179648 next 180
I0000 00:00:1783352527.346736 4050889 bfc_allocator.cc:1105] InUse at 331fa0000 of size 1179648 next 181
I0000 00:00:1783352527.346740 4050889 bfc_allocator.cc:1105] InUse at 3320c0000 of size 1179648 next 182
I0000 00:00:1783352527.346744 4050889 bfc_allocator.cc:1105] InUse at 3321e0000 of size 1179648 next 183
I0000 00:00:1783352527.346748 4050889 bfc_allocator.cc:1105] InUse at 332300000 of size 1179648 next 184
I0000 00:00:1783352527.346751 4050889 bfc_allocator.cc:1105] InUse at 332420000 of size 1179648 next 185
I0000 00:00:1783352527.346756 4050889 bfc_allocator.cc:1105] InUse at 332540000 of size 1179648 next 186
I0000 00:00:1783352527.346761 4050889 bfc_allocator.cc:1105] InUse at 332660000 of size 1179648 next 187
I0000 00:00:1783352527.346765 4050889 bfc_allocator.cc:1105] InUse at 332780000 of size 1179648 next 188
I0000 00:00:1783352527.346769 4050889 bfc_allocator.cc:1105] InUse at 3328a0000 of size 1179648 next 189
I0000 00:00:1783352527.346772 4050889 bfc_allocator.cc:1105] InUse at 3329c0000 of size 1179648 next 190
I0000 00:00:1783352527.346776 4050889 bfc_allocator.cc:1105] Free  at 332ae0000 of size 5898240 next 217
I0000 00:00:1783352527.346780 4050889 bfc_allocator.cc:1105] InUse at 333080000 of size 1179648 next 214
I0000 00:00:1783352527.346788 4050889 bfc_allocator.cc:1105] Free  at 3331a0000 of size 1179648 next 213
I0000 00:00:1783352527.346792 4050889 bfc_allocator.cc:1105] InUse at 3332c0000 of size 1179648 next 208
I0000 00:00:1783352527.346796 4050889 bfc_allocator.cc:1105] InUse at 3333e0000 of size 1179648 next 209
I0000 00:00:1783352527.346800 4050889 bfc_allocator.cc:1105] InUse at 333500000 of size 1179648 next 212
I0000 00:00:1783352527.346803 4050889 bfc_allocator.cc:1105] Free  at 333620000 of size 1179648 next 207
I0000 00:00:1783352527.346807 4050889 bfc_allocator.cc:1105] InUse at 333740000 of size 1179648 next 206
I0000 00:00:1783352527.346811 4050889 bfc_allocator.cc:1105] Free  at 333860000 of size 1703936 next 18446744073709551615
I0000 00:00:1783352527.346816 4050889 bfc_allocator.cc:1085] Next region of size 67108864
I0000 00:00:1783352527.346821 4050889 bfc_allocator.cc:1105] InUse at 334e00000 of size 1179648 next 205
I0000 00:00:1783352527.346826 4050889 bfc_allocator.cc:1105] InUse at 334f20000 of size 1179648 next 202
I0000 00:00:1783352527.346830 4050889 bfc_allocator.cc:1105] InUse at 335040000 of size 1179648 next 204
I0000 00:00:1783352527.346836 4050889 bfc_allocator.cc:1105] Free  at 335160000 of size 2359296 next 200
I0000 00:00:1783352527.346840 4050889 bfc_allocator.cc:1105] InUse at 3353a0000 of size 1179648 next 201
I0000 00:00:1783352527.346844 4050889 bfc_allocator.cc:1105] Free  at 3354c0000 of size 16515072 next 218
I0000 00:00:1783352527.346849 4050889 bfc_allocator.cc:1105] InUse at 336480000 of size 1179648 next 316
I0000 00:00:1783352527.346852 4050889 bfc_allocator.cc:1105] Free  at 3365a0000 of size 20237312 next 299
I0000 00:00:1783352527.346855 4050889 bfc_allocator.cc:1105] InUse at 3378ecc00 of size 29696 next 127
I0000 00:00:1783352527.346859 4050889 bfc_allocator.cc:1105] InUse at 3378f4000 of size 256 next 70
I0000 00:00:1783352527.346863 4050889 bfc_allocator.cc:1105] InUse at 3378f4100 of size 5632 next 136
I0000 00:00:1783352527.346867 4050889 bfc_allocator.cc:1105] InUse at 3378f5700 of size 2560 next 147
I0000 00:00:1783352527.346871 4050889 bfc_allocator.cc:1105] Free  at 3378f6100 of size 98304 next 298
I0000 00:00:1783352527.346875 4050889 bfc_allocator.cc:1105] InUse at 33790e100 of size 114432 next 323
I0000 00:00:1783352527.346879 4050889 bfc_allocator.cc:1105] Free  at 33792a000 of size 155648 next 370
I0000 00:00:1783352527.346883 4050889 bfc_allocator.cc:1105] InUse at 337950000 of size 278528 next 68
I0000 00:00:1783352527.346887 4050889 bfc_allocator.cc:1105] Free  at 337994000 of size 21413888 next 18446744073709551615
I0000 00:00:1783352527.346890 4050889 bfc_allocator.cc:1085] Next region of size 473767936
I0000 00:00:1783352527.346895 4050889 bfc_allocator.cc:1105] InUse at e5c220000000 of size 40108032 next 319
I0000 00:00:1783352527.346898 4050889 bfc_allocator.cc:1105] InUse at e5c222640000 of size 40108032 next 195
I0000 00:00:1783352527.346901 4050889 bfc_allocator.cc:1105] InUse at e5c224c80000 of size 40108032 next 221
I0000 00:00:1783352527.346904 4050889 bfc_allocator.cc:1105] InUse at e5c2272c0000 of size 40108032 next 191
I0000 00:00:1783352527.346906 4050889 bfc_allocator.cc:1105] InUse at e5c229900000 of size 40108032 next 196
I0000 00:00:1783352527.346908 4050889 bfc_allocator.cc:1105] InUse at e5c22bf40000 of size 40108032 next 365
I0000 00:00:1783352527.346911 4050889 bfc_allocator.cc:1105] InUse at e5c22e580000 of size 40108032 next 194
I0000 00:00:1783352527.346913 4050889 bfc_allocator.cc:1105] InUse at e5c230bc0000 of size 40108032 next 222
I0000 00:00:1783352527.346916 4050889 bfc_allocator.cc:1105] InUse at e5c233200000 of size 40108032 next 192
I0000 00:00:1783352527.346918 4050889 bfc_allocator.cc:1105] InUse at e5c235840000 of size 40108032 next 215
I0000 00:00:1783352527.346921 4050889 bfc_allocator.cc:1105] InUse at e5c237e80000 of size 72687616 next 18446744073709551615
I0000 00:00:1783352527.346923 4050889 bfc_allocator.cc:1085] Next region of size 268435456
I0000 00:00:1783352527.346926 4050889 bfc_allocator.cc:1105] InUse at e5c240000000 of size 40108032 next 256
I0000 00:00:1783352527.346930 4050889 bfc_allocator.cc:1105] InUse at e5c242640000 of size 40108032 next 199
I0000 00:00:1783352527.346932 4050889 bfc_allocator.cc:1105] InUse at e5c244c80000 of size 40108032 next 198
I0000 00:00:1783352527.346935 4050889 bfc_allocator.cc:1105] InUse at e5c2472c0000 of size 40108032 next 95
I0000 00:00:1783352527.346937 4050889 bfc_allocator.cc:1105] InUse at e5c249900000 of size 40108032 next 197
I0000 00:00:1783352527.346939 4050889 bfc_allocator.cc:1105] InUse at e5c24bf40000 of size 67895296 next 18446744073709551615
I0000 00:00:1783352527.346942 4050889 bfc_allocator.cc:1085] Next region of size 134217728
I0000 00:00:1783352527.346944 4050889 bfc_allocator.cc:1105] InUse at e5c280000000 of size 589824 next 279
I0000 00:00:1783352527.346947 4050889 bfc_allocator.cc:1105] InUse at e5c280090000 of size 40108032 next 309
I0000 00:00:1783352527.346949 4050889 bfc_allocator.cc:1105] InUse at e5c2826d0000 of size 40108032 next 203
I0000 00:00:1783352527.346952 4050889 bfc_allocator.cc:1105] InUse at e5c284d10000 of size 53411840 next 18446744073709551615
I0000 00:00:1783352527.346954 4050889 bfc_allocator.cc:1110]      Summary of in-use Chunks by size: 
I0000 00:00:1783352527.346956 4050889 bfc_allocator.cc:1113] 58 Chunks of size 256 totalling 14.5KiB
I0000 00:00:1783352527.346961 4050889 bfc_allocator.cc:1113] 1 Chunks of size 1280 totalling 1.2KiB
I0000 00:00:1783352527.346964 4050889 bfc_allocator.cc:1113] 2 Chunks of size 1792 totalling 3.5KiB
I0000 00:00:1783352527.346967 4050889 bfc_allocator.cc:1113] 2 Chunks of size 2560 totalling 5.0KiB
I0000 00:00:1783352527.346969 4050889 bfc_allocator.cc:1113] 1 Chunks of size 2816 totalling 2.8KiB
I0000 00:00:1783352527.346973 4050889 bfc_allocator.cc:1113] 2 Chunks of size 3072 totalling 6.0KiB
I0000 00:00:1783352527.346979 4050889 bfc_allocator.cc:1113] 1 Chunks of size 5632 totalling 5.5KiB
I0000 00:00:1783352527.346983 4050889 bfc_allocator.cc:1113] 1 Chunks of size 16384 totalling 16.0KiB
I0000 00:00:1783352527.346987 4050889 bfc_allocator.cc:1113] 1 Chunks of size 17408 totalling 17.0KiB
I0000 00:00:1783352527.346992 4050889 bfc_allocator.cc:1113] 1 Chunks of size 29696 totalling 29.0KiB
I0000 00:00:1783352527.346997 4050889 bfc_allocator.cc:1113] 2 Chunks of size 98304 totalling 192.0KiB
I0000 00:00:1783352527.347073 4050889 bfc_allocator.cc:1113] 1 Chunks of size 114432 totalling 111.8KiB
I0000 00:00:1783352527.347120 4050889 bfc_allocator.cc:1113] 1 Chunks of size 196608 totalling 192.0KiB
I0000 00:00:1783352527.347171 4050889 bfc_allocator.cc:1113] 1 Chunks of size 245760 totalling 240.0KiB
I0000 00:00:1783352527.347221 4050889 bfc_allocator.cc:1113] 1 Chunks of size 278528 totalling 272.0KiB
I0000 00:00:1783352527.347271 4050889 bfc_allocator.cc:1113] 2 Chunks of size 589824 totalling 1.12MiB
I0000 00:00:1783352527.347320 4050889 bfc_allocator.cc:1113] 1 Chunks of size 907520 totalling 886.2KiB
I0000 00:00:1783352527.347370 4050889 bfc_allocator.cc:1113] 41 Chunks of size 1179648 totalling 46.12MiB
I0000 00:00:1783352527.347419 4050889 bfc_allocator.cc:1113] 1 Chunks of size 1310720 totalling 1.25MiB
I0000 00:00:1783352527.347468 4050889 bfc_allocator.cc:1113] 1 Chunks of size 1808384 totalling 1.72MiB
I0000 00:00:1783352527.347510 4050889 bfc_allocator.cc:1113] 1 Chunks of size 2126848 totalling 2.03MiB
I0000 00:00:1783352527.347523 4050889 bfc_allocator.cc:1113] 1 Chunks of size 4352000 totalling 4.15MiB
I0000 00:00:1783352527.347527 4050889 bfc_allocator.cc:1113] 17 Chunks of size 40108032 totalling 650.25MiB
I0000 00:00:1783352527.347530 4050889 bfc_allocator.cc:1113] 1 Chunks of size 53411840 totalling 50.94MiB
I0000 00:00:1783352527.347533 4050889 bfc_allocator.cc:1113] 1 Chunks of size 67895296 totalling 64.75MiB
I0000 00:00:1783352527.347536 4050889 bfc_allocator.cc:1113] 1 Chunks of size 72687616 totalling 69.32MiB
I0000 00:00:1783352527.347540 4050889 bfc_allocator.cc:1117] Sum Total of in-use chunks: 893.61MiB
I0000 00:00:1783352527.347543 4050889 bfc_allocator.cc:1119] Total size in pool: 961.82MiB memory_limit_: 961.82MiB available size: 0B curr_region_allocation_bytes_: 1.00GiB
I0000 00:00:1783352527.347553 4050889 bfc_allocator.cc:1128] Stats: 
Limit:                       961.82MiB
InUse:                       893.61MiB
MaxInUse:                    899.74MiB
NumAllocs:                       44668
MaxAllocSize:                128.00MiB
Reserved:                           0B
PeakReserved:                       0B
LargestFreeBlock:                   0B

W0000 00:00:1783352527.347561 4050889 bfc_allocator.cc:513] *********_*__********************************************xxx************************xx*************x
W0000 00:00:1783352527.347580 4050889 op_kernel.cc:1858] OP_REQUIRES failed at strided_slice_op.cc:257 : RESOURCE_EXHAUSTED: OOM when allocating tensor with shape[34,32,6,96,16] and type float on /job:localhost/replica:0/task:0/device:GPU:0 by allocator GPU_0_bfc
W0000 00:00:1783352537.347740 4050889 bfc_allocator.cc:502] Allocator (GPU_0_bfc) ran out of memory trying to allocate 38.25MiB (rounded to 40108032)requested by op StatefulPartitionedCall/gradient_tape/widar3_1/time_distributed_1_2/strided_slice_17/StridedSliceGrad
If the cause is memory fragmentation maybe the environment variable 'TF_GPU_ALLOCATOR=cuda_malloc_async' will improve the situation. 
Current allocation summary follows.
Current allocation summary follows.
I0000 00:00:1783352537.348320 4050889 bfc_allocator.cc:1049] BFCAllocator dump for GPU_0_bfc
I0000 00:00:1783352537.348384 4050889 bfc_allocator.cc:1056] Bin (256): 	Total Chunks: 59, Chunks in use: 58. 14.8KiB allocated for chunks. 14.5KiB in use in bin. 1.9KiB client-requested in use in bin.
I0000 00:00:1783352537.348429 4050889 bfc_allocator.cc:1056] Bin (512): 	Total Chunks: 0, Chunks in use: 0. 0B allocated for chunks. 0B in use in bin. 0B client-requested in use in bin.
I0000 00:00:1783352537.348475 4050889 bfc_allocator.cc:1056] Bin (1024): 	Total Chunks: 4, Chunks in use: 3. 6.5KiB allocated for chunks. 4.8KiB in use in bin. 4.1KiB client-requested in use in bin.
I0000 00:00:1783352537.348501 4050889 bfc_allocator.cc:1056] Bin (2048): 	Total Chunks: 6, Chunks in use: 5. 17.5KiB allocated for chunks. 13.8KiB in use in bin. 13.5KiB client-requested in use in bin.
I0000 00:00:1783352537.348520 4050889 bfc_allocator.cc:1056] Bin (4096): 	Total Chunks: 3, Chunks in use: 1. 18.8KiB allocated for chunks. 5.5KiB in use in bin. 3.0KiB client-requested in use in bin.
I0000 00:00:1783352537.348535 4050889 bfc_allocator.cc:1056] Bin (8192): 	Total Chunks: 1, Chunks in use: 0. 12.5KiB allocated for chunks. 0B in use in bin. 0B client-requested in use in bin.
I0000 00:00:1783352537.348560 4050889 bfc_allocator.cc:1056] Bin (16384): 	Total Chunks: 3, Chunks in use: 3. 62.0KiB allocated for chunks. 62.0KiB in use in bin. 48.0KiB client-requested in use in bin.
I0000 00:00:1783352537.348575 4050889 bfc_allocator.cc:1056] Bin (32768): 	Total Chunks: 0, Chunks in use: 0. 0B allocated for chunks. 0B in use in bin. 0B client-requested in use in bin.
I0000 00:00:1783352537.348589 4050889 bfc_allocator.cc:1056] Bin (65536): 	Total Chunks: 5, Chunks in use: 3. 491.8KiB allocated for chunks. 303.8KiB in use in bin. 288.0KiB client-requested in use in bin.
I0000 00:00:1783352537.348604 4050889 bfc_allocator.cc:1056] Bin (131072): 	Total Chunks: 3, Chunks in use: 2. 584.0KiB allocated for chunks. 432.0KiB in use in bin. 384.0KiB client-requested in use in bin.
I0000 00:00:1783352537.348619 4050889 bfc_allocator.cc:1056] Bin (262144): 	Total Chunks: 3, Chunks in use: 1. 914.0KiB allocated for chunks. 272.0KiB in use in bin. 192.0KiB client-requested in use in bin.
I0000 00:00:1783352537.348636 4050889 bfc_allocator.cc:1056] Bin (524288): 	Total Chunks: 3, Chunks in use: 3. 1.99MiB allocated for chunks. 1.99MiB in use in bin. 1.69MiB client-requested in use in bin.
I0000 00:00:1783352537.348651 4050889 bfc_allocator.cc:1056] Bin (1048576): 	Total Chunks: 46, Chunks in use: 42. 52.97MiB allocated for chunks. 47.97MiB in use in bin. 47.25MiB client-requested in use in bin.
I0000 00:00:1783352537.348711 4050889 bfc_allocator.cc:1056] Bin (2097152): 	Total Chunks: 2, Chunks in use: 1. 4.28MiB allocated for chunks. 2.03MiB in use in bin. 1.12MiB client-requested in use in bin.
I0000 00:00:1783352537.348724 4050889 bfc_allocator.cc:1056] Bin (4194304): 	Total Chunks: 2, Chunks in use: 1. 9.78MiB allocated for chunks. 4.15MiB in use in bin. 4.15MiB client-requested in use in bin.
I0000 00:00:1783352537.348739 4050889 bfc_allocator.cc:1056] Bin (8388608): 	Total Chunks: 1, Chunks in use: 0. 15.75MiB allocated for chunks. 0B in use in bin. 0B client-requested in use in bin.
I0000 00:00:1783352537.348751 4050889 bfc_allocator.cc:1056] Bin (16777216): 	Total Chunks: 2, Chunks in use: 0. 39.72MiB allocated for chunks. 0B in use in bin. 0B client-requested in use in bin.
I0000 00:00:1783352537.348768 4050889 bfc_allocator.cc:1056] Bin (33554432): 	Total Chunks: 18, Chunks in use: 18. 701.19MiB allocated for chunks. 701.19MiB in use in bin. 688.50MiB client-requested in use in bin.
I0000 00:00:1783352537.348780 4050889 bfc_allocator.cc:1056] Bin (67108864): 	Total Chunks: 2, Chunks in use: 2. 134.07MiB allocated for chunks. 134.07MiB in use in bin. 76.50MiB client-requested in use in bin.
I0000 00:00:1783352537.348793 4050889 bfc_allocator.cc:1056] Bin (134217728): 	Total Chunks: 0, Chunks in use: 0. 0B allocated for chunks. 0B in use in bin. 0B client-requested in use in bin.
I0000 00:00:1783352537.348806 4050889 bfc_allocator.cc:1056] Bin (268435456): 	Total Chunks: 0, Chunks in use: 0. 0B allocated for chunks. 0B in use in bin. 0B client-requested in use in bin.
I0000 00:00:1783352537.348823 4050889 bfc_allocator.cc:1072] Bin for 38.25MiB was 32.00MiB, Chunk State: 
I0000 00:00:1783352537.348840 4050889 bfc_allocator.cc:1085] Next region of size 2097152
I0000 00:00:1783352537.348861 4050889 bfc_allocator.cc:1105] InUse at 32f000000 of size 1280 next 1
I0000 00:00:1783352537.348874 4050889 bfc_allocator.cc:1105] InUse at 32f000500 of size 256 next 2
I0000 00:00:1783352537.348886 4050889 bfc_allocator.cc:1105] InUse at 32f000600 of size 256 next 3
I0000 00:00:1783352537.348899 4050889 bfc_allocator.cc:1105] InUse at 32f000700 of size 256 next 4
I0000 00:00:1783352537.348913 4050889 bfc_allocator.cc:1105] InUse at 32f000800 of size 256 next 5
I0000 00:00:1783352537.348925 4050889 bfc_allocator.cc:1105] InUse at 32f000900 of size 256 next 6
I0000 00:00:1783352537.348931 4050889 bfc_allocator.cc:1105] InUse at 32f000a00 of size 256 next 7
I0000 00:00:1783352537.348935 4050889 bfc_allocator.cc:1105] InUse at 32f000b00 of size 256 next 8
I0000 00:00:1783352537.348939 4050889 bfc_allocator.cc:1105] InUse at 32f000c00 of size 256 next 9
I0000 00:00:1783352537.348952 4050889 bfc_allocator.cc:1105] InUse at 32f000d00 of size 256 next 10
I0000 00:00:1783352537.348965 4050889 bfc_allocator.cc:1105] InUse at 32f000e00 of size 256 next 11
I0000 00:00:1783352537.348977 4050889 bfc_allocator.cc:1105] InUse at 32f000f00 of size 256 next 13
I0000 00:00:1783352537.348990 4050889 bfc_allocator.cc:1105] InUse at 32f001000 of size 256 next 14
I0000 00:00:1783352537.349356 4050889 bfc_allocator.cc:1105] InUse at 32f001100 of size 256 next 12
I0000 00:00:1783352537.349414 4050889 bfc_allocator.cc:1105] InUse at 32f001200 of size 256 next 18
I0000 00:00:1783352537.349484 4050889 bfc_allocator.cc:1105] InUse at 32f001300 of size 256 next 19
I0000 00:00:1783352537.349541 4050889 bfc_allocator.cc:1105] InUse at 32f001400 of size 256 next 15
I0000 00:00:1783352537.349593 4050889 bfc_allocator.cc:1105] InUse at 32f001500 of size 256 next 20
I0000 00:00:1783352537.349641 4050889 bfc_allocator.cc:1105] InUse at 32f001600 of size 256 next 21
I0000 00:00:1783352537.349680 4050889 bfc_allocator.cc:1105] InUse at 32f001700 of size 256 next 25
I0000 00:00:1783352537.349691 4050889 bfc_allocator.cc:1105] InUse at 32f001800 of size 256 next 23
I0000 00:00:1783352537.349694 4050889 bfc_allocator.cc:1105] InUse at 32f001900 of size 256 next 24
I0000 00:00:1783352537.349697 4050889 bfc_allocator.cc:1105] InUse at 32f001a00 of size 256 next 28
I0000 00:00:1783352537.349706 4050889 bfc_allocator.cc:1105] InUse at 32f001b00 of size 256 next 31
I0000 00:00:1783352537.349709 4050889 bfc_allocator.cc:1105] InUse at 32f001c00 of size 256 next 29
I0000 00:00:1783352537.349711 4050889 bfc_allocator.cc:1105] InUse at 32f001d00 of size 256 next 35
I0000 00:00:1783352537.349714 4050889 bfc_allocator.cc:1105] InUse at 32f001e00 of size 256 next 37
I0000 00:00:1783352537.349716 4050889 bfc_allocator.cc:1105] InUse at 32f001f00 of size 256 next 16
I0000 00:00:1783352537.349719 4050889 bfc_allocator.cc:1105] InUse at 32f002000 of size 1792 next 17
I0000 00:00:1783352537.349721 4050889 bfc_allocator.cc:1105] InUse at 32f002700 of size 3072 next 30
I0000 00:00:1783352537.349724 4050889 bfc_allocator.cc:1105] InUse at 32f003300 of size 256 next 39
I0000 00:00:1783352537.349726 4050889 bfc_allocator.cc:1105] InUse at 32f003400 of size 256 next 40
I0000 00:00:1783352537.349729 4050889 bfc_allocator.cc:1105] InUse at 32f003500 of size 256 next 38
I0000 00:00:1783352537.349732 4050889 bfc_allocator.cc:1105] InUse at 32f003600 of size 256 next 41
I0000 00:00:1783352537.349734 4050889 bfc_allocator.cc:1105] Free  at 32f003700 of size 256 next 44
I0000 00:00:1783352537.349737 4050889 bfc_allocator.cc:1105] InUse at 32f003800 of size 1792 next 45
I0000 00:00:1783352537.349739 4050889 bfc_allocator.cc:1105] InUse at 32f003f00 of size 2816 next 42
I0000 00:00:1783352537.349742 4050889 bfc_allocator.cc:1105] InUse at 32f004a00 of size 2560 next 43
I0000 00:00:1783352537.349744 4050889 bfc_allocator.cc:1105] InUse at 32f005400 of size 3072 next 47
I0000 00:00:1783352537.349746 4050889 bfc_allocator.cc:1105] InUse at 32f006000 of size 256 next 48
I0000 00:00:1783352537.349749 4050889 bfc_allocator.cc:1105] InUse at 32f006100 of size 256 next 49
I0000 00:00:1783352537.349752 4050889 bfc_allocator.cc:1105] InUse at 32f006200 of size 256 next 52
I0000 00:00:1783352537.349754 4050889 bfc_allocator.cc:1105] InUse at 32f006300 of size 17408 next 27
I0000 00:00:1783352537.349759 4050889 bfc_allocator.cc:1105] InUse at 32f00a700 of size 16384 next 26
I0000 00:00:1783352537.349762 4050889 bfc_allocator.cc:1105] InUse at 32f00e700 of size 98304 next 46
I0000 00:00:1783352537.349765 4050889 bfc_allocator.cc:1105] InUse at 32f026700 of size 256 next 54
I0000 00:00:1783352537.349767 4050889 bfc_allocator.cc:1105] InUse at 32f026800 of size 256 next 53
I0000 00:00:1783352537.349770 4050889 bfc_allocator.cc:1105] InUse at 32f026900 of size 256 next 55
I0000 00:00:1783352537.349773 4050889 bfc_allocator.cc:1105] InUse at 32f026a00 of size 256 next 56
I0000 00:00:1783352537.349775 4050889 bfc_allocator.cc:1105] InUse at 32f026b00 of size 256 next 57
I0000 00:00:1783352537.349777 4050889 bfc_allocator.cc:1105] InUse at 32f026c00 of size 256 next 58
I0000 00:00:1783352537.349780 4050889 bfc_allocator.cc:1105] InUse at 32f026d00 of size 256 next 59
I0000 00:00:1783352537.349782 4050889 bfc_allocator.cc:1105] InUse at 32f026e00 of size 256 next 60
I0000 00:00:1783352537.349784 4050889 bfc_allocator.cc:1105] InUse at 32f026f00 of size 256 next 61
I0000 00:00:1783352537.349787 4050889 bfc_allocator.cc:1105] InUse at 32f027000 of size 256 next 62
I0000 00:00:1783352537.349789 4050889 bfc_allocator.cc:1105] InUse at 32f027100 of size 256 next 64
I0000 00:00:1783352537.349791 4050889 bfc_allocator.cc:1105] InUse at 32f027200 of size 256 next 63
I0000 00:00:1783352537.349794 4050889 bfc_allocator.cc:1105] InUse at 32f027300 of size 256 next 65
I0000 00:00:1783352537.349796 4050889 bfc_allocator.cc:1105] InUse at 32f027400 of size 256 next 66
I0000 00:00:1783352537.349798 4050889 bfc_allocator.cc:1105] InUse at 32f027500 of size 256 next 143
I0000 00:00:1783352537.349800 4050889 bfc_allocator.cc:1105] InUse at 32f027600 of size 256 next 69
I0000 00:00:1783352537.349803 4050889 bfc_allocator.cc:1105] Free  at 32f027700 of size 94208 next 33
I0000 00:00:1783352537.349805 4050889 bfc_allocator.cc:1105] InUse at 32f03e700 of size 98304 next 32
I0000 00:00:1783352537.349807 4050889 bfc_allocator.cc:1105] Free  at 32f056700 of size 3840 next 67
I0000 00:00:1783352537.349812 4050889 bfc_allocator.cc:1105] InUse at 32f057600 of size 256 next 93
I0000 00:00:1783352537.349814 4050889 bfc_allocator.cc:1105] InUse at 32f057700 of size 256 next 265
I0000 00:00:1783352537.349817 4050889 bfc_allocator.cc:1105] Free  at 32f057800 of size 1792 next 101
I0000 00:00:1783352537.349819 4050889 bfc_allocator.cc:1105] InUse at 32f057f00 of size 256 next 102
I0000 00:00:1783352537.349821 4050889 bfc_allocator.cc:1105] Free  at 32f058000 of size 7936 next 128
I0000 00:00:1783352537.349824 4050889 bfc_allocator.cc:1105] InUse at 32f059f00 of size 256 next 129
I0000 00:00:1783352537.349826 4050889 bfc_allocator.cc:1105] Free  at 32f05a000 of size 5632 next 151
I0000 00:00:1783352537.349828 4050889 bfc_allocator.cc:1105] InUse at 32f05b600 of size 256 next 152
I0000 00:00:1783352537.349831 4050889 bfc_allocator.cc:1105] InUse at 32f05b700 of size 256 next 153
I0000 00:00:1783352537.349833 4050889 bfc_allocator.cc:1105] Free  at 32f05b800 of size 12800 next 76
I0000 00:00:1783352537.349835 4050889 bfc_allocator.cc:1105] InUse at 32f05ea00 of size 256 next 77
I0000 00:00:1783352537.349837 4050889 bfc_allocator.cc:1105] Free  at 32f05eb00 of size 359424 next 36
I0000 00:00:1783352537.349840 4050889 bfc_allocator.cc:1105] InUse at 32f0b6700 of size 196608 next 34
I0000 00:00:1783352537.349843 4050889 bfc_allocator.cc:1105] InUse at 32f0e6700 of size 245760 next 22
I0000 00:00:1783352537.349845 4050889 bfc_allocator.cc:1105] InUse at 32f122700 of size 907520 next 18446744073709551615
I0000 00:00:1783352537.349847 4050889 bfc_allocator.cc:1085] Next region of size 4194304
I0000 00:00:1783352537.349852 4050889 bfc_allocator.cc:1105] InUse at 32f600000 of size 589824 next 51
I0000 00:00:1783352537.349854 4050889 bfc_allocator.cc:1105] Free  at 32f690000 of size 297984 next 105
I0000 00:00:1783352537.349857 4050889 bfc_allocator.cc:1105] InUse at 32f6d8c00 of size 1179648 next 157
I0000 00:00:1783352537.349860 4050889 bfc_allocator.cc:1105] InUse at 32f7f8c00 of size 2126848 next 18446744073709551615
I0000 00:00:1783352537.349862 4050889 bfc_allocator.cc:1085] Next region of size 8388608
I0000 00:00:1783352537.349864 4050889 bfc_allocator.cc:1105] InUse at 32fa00000 of size 1179648 next 158
I0000 00:00:1783352537.349867 4050889 bfc_allocator.cc:1105] InUse at 32fb20000 of size 1179648 next 162
I0000 00:00:1783352537.349869 4050889 bfc_allocator.cc:1105] InUse at 32fc40000 of size 1179648 next 163
I0000 00:00:1783352537.349872 4050889 bfc_allocator.cc:1105] InUse at 32fd60000 of size 1179648 next 164
I0000 00:00:1783352537.349874 4050889 bfc_allocator.cc:1105] InUse at 32fe80000 of size 1179648 next 165
I0000 00:00:1783352537.349876 4050889 bfc_allocator.cc:1105] InUse at 32ffa0000 of size 1179648 next 166
I0000 00:00:1783352537.349879 4050889 bfc_allocator.cc:1105] InUse at 3300c0000 of size 1310720 next 18446744073709551615
I0000 00:00:1783352537.349881 4050889 bfc_allocator.cc:1085] Next region of size 16777216
I0000 00:00:1783352537.349883 4050889 bfc_allocator.cc:1105] InUse at 330a00000 of size 4352000 next 156
I0000 00:00:1783352537.349886 4050889 bfc_allocator.cc:1105] InUse at 330e26800 of size 1179648 next 167
I0000 00:00:1783352537.349888 4050889 bfc_allocator.cc:1105] InUse at 330f46800 of size 1179648 next 168
I0000 00:00:1783352537.349891 4050889 bfc_allocator.cc:1105] InUse at 331066800 of size 1179648 next 169
I0000 00:00:1783352537.349893 4050889 bfc_allocator.cc:1105] InUse at 331186800 of size 1179648 next 170
I0000 00:00:1783352537.349895 4050889 bfc_allocator.cc:1105] InUse at 3312a6800 of size 1179648 next 171
I0000 00:00:1783352537.349898 4050889 bfc_allocator.cc:1105] InUse at 3313c6800 of size 1179648 next 172
I0000 00:00:1783352537.349900 4050889 bfc_allocator.cc:1105] InUse at 3314e6800 of size 1179648 next 173
I0000 00:00:1783352537.349902 4050889 bfc_allocator.cc:1105] InUse at 331606800 of size 1179648 next 174
I0000 00:00:1783352537.349905 4050889 bfc_allocator.cc:1105] InUse at 331726800 of size 1179648 next 175
I0000 00:00:1783352537.349909 4050889 bfc_allocator.cc:1105] InUse at 331846800 of size 1808384 next 18446744073709551615
I0000 00:00:1783352537.349912 4050889 bfc_allocator.cc:1085] Next region of size 33554432
I0000 00:00:1783352537.349914 4050889 bfc_allocator.cc:1105] InUse at 331a00000 of size 1179648 next 176
I0000 00:00:1783352537.349917 4050889 bfc_allocator.cc:1105] InUse at 331b20000 of size 1179648 next 177
I0000 00:00:1783352537.349919 4050889 bfc_allocator.cc:1105] InUse at 331c40000 of size 1179648 next 178
I0000 00:00:1783352537.349921 4050889 bfc_allocator.cc:1105] InUse at 331d60000 of size 1179648 next 179
I0000 00:00:1783352537.349923 4050889 bfc_allocator.cc:1105] InUse at 331e80000 of size 1179648 next 180
I0000 00:00:1783352537.349926 4050889 bfc_allocator.cc:1105] InUse at 331fa0000 of size 1179648 next 181
I0000 00:00:1783352537.349928 4050889 bfc_allocator.cc:1105] InUse at 3320c0000 of size 1179648 next 182
I0000 00:00:1783352537.349930 4050889 bfc_allocator.cc:1105] InUse at 3321e0000 of size 1179648 next 183
I0000 00:00:1783352537.349932 4050889 bfc_allocator.cc:1105] InUse at 332300000 of size 1179648 next 184
I0000 00:00:1783352537.349935 4050889 bfc_allocator.cc:1105] InUse at 332420000 of size 1179648 next 185
I0000 00:00:1783352537.349937 4050889 bfc_allocator.cc:1105] InUse at 332540000 of size 1179648 next 186
I0000 00:00:1783352537.349939 4050889 bfc_allocator.cc:1105] InUse at 332660000 of size 1179648 next 187
I0000 00:00:1783352537.349942 4050889 bfc_allocator.cc:1105] InUse at 332780000 of size 1179648 next 188
I0000 00:00:1783352537.349944 4050889 bfc_allocator.cc:1105] InUse at 3328a0000 of size 1179648 next 189
I0000 00:00:1783352537.349946 4050889 bfc_allocator.cc:1105] InUse at 3329c0000 of size 1179648 next 190
I0000 00:00:1783352537.349948 4050889 bfc_allocator.cc:1105] Free  at 332ae0000 of size 5898240 next 217
I0000 00:00:1783352537.349951 4050889 bfc_allocator.cc:1105] InUse at 333080000 of size 1179648 next 214
I0000 00:00:1783352537.349953 4050889 bfc_allocator.cc:1105] Free  at 3331a0000 of size 1179648 next 213
I0000 00:00:1783352537.349955 4050889 bfc_allocator.cc:1105] InUse at 3332c0000 of size 1179648 next 208
I0000 00:00:1783352537.349958 4050889 bfc_allocator.cc:1105] Free  at 3333e0000 of size 1179648 next 209
I0000 00:00:1783352537.349960 4050889 bfc_allocator.cc:1105] InUse at 333500000 of size 1179648 next 212
I0000 00:00:1783352537.349962 4050889 bfc_allocator.cc:1105] Free  at 333620000 of size 1179648 next 207
I0000 00:00:1783352537.349964 4050889 bfc_allocator.cc:1105] InUse at 333740000 of size 1179648 next 206
I0000 00:00:1783352537.349967 4050889 bfc_allocator.cc:1105] Free  at 333860000 of size 1703936 next 18446744073709551615
I0000 00:00:1783352537.349969 4050889 bfc_allocator.cc:1085] Next region of size 67108864
I0000 00:00:1783352537.349972 4050889 bfc_allocator.cc:1105] InUse at 334e00000 of size 1179648 next 205
I0000 00:00:1783352537.349974 4050889 bfc_allocator.cc:1105] InUse at 334f20000 of size 1179648 next 202
I0000 00:00:1783352537.349976 4050889 bfc_allocator.cc:1105] InUse at 335040000 of size 1179648 next 204
I0000 00:00:1783352537.349979 4050889 bfc_allocator.cc:1105] Free  at 335160000 of size 2359296 next 200
I0000 00:00:1783352537.349981 4050889 bfc_allocator.cc:1105] InUse at 3353a0000 of size 1179648 next 201
I0000 00:00:1783352537.349983 4050889 bfc_allocator.cc:1105] Free  at 3354c0000 of size 16515072 next 218
I0000 00:00:1783352537.349985 4050889 bfc_allocator.cc:1105] InUse at 336480000 of size 1179648 next 316
I0000 00:00:1783352537.349988 4050889 bfc_allocator.cc:1105] Free  at 3365a0000 of size 20237312 next 299
I0000 00:00:1783352537.349990 4050889 bfc_allocator.cc:1105] InUse at 3378ecc00 of size 29696 next 127
I0000 00:00:1783352537.349992 4050889 bfc_allocator.cc:1105] InUse at 3378f4000 of size 256 next 70
I0000 00:00:1783352537.349995 4050889 bfc_allocator.cc:1105] InUse at 3378f4100 of size 5632 next 136
I0000 00:00:1783352537.349997 4050889 bfc_allocator.cc:1105] InUse at 3378f5700 of size 2560 next 147
I0000 00:00:1783352537.350074 4050889 bfc_allocator.cc:1105] Free  at 3378f6100 of size 98304 next 298
I0000 00:00:1783352537.350119 4050889 bfc_allocator.cc:1105] InUse at 33790e100 of size 114432 next 323
I0000 00:00:1783352537.350167 4050889 bfc_allocator.cc:1105] Free  at 33792a000 of size 155648 next 370
I0000 00:00:1783352537.350214 4050889 bfc_allocator.cc:1105] InUse at 337950000 of size 278528 next 68
I0000 00:00:1783352537.350261 4050889 bfc_allocator.cc:1105] Free  at 337994000 of size 21413888 next 18446744073709551615
I0000 00:00:1783352537.350298 4050889 bfc_allocator.cc:1085] Next region of size 473767936
I0000 00:00:1783352537.350311 4050889 bfc_allocator.cc:1105] InUse at e5c220000000 of size 40108032 next 319
I0000 00:00:1783352537.350314 4050889 bfc_allocator.cc:1105] InUse at e5c222640000 of size 40108032 next 195
I0000 00:00:1783352537.350317 4050889 bfc_allocator.cc:1105] InUse at e5c224c80000 of size 40108032 next 221
I0000 00:00:1783352537.350320 4050889 bfc_allocator.cc:1105] InUse at e5c2272c0000 of size 40108032 next 191
I0000 00:00:1783352537.350322 4050889 bfc_allocator.cc:1105] InUse at e5c229900000 of size 40108032 next 196
I0000 00:00:1783352537.350325 4050889 bfc_allocator.cc:1105] InUse at e5c22bf40000 of size 40108032 next 365
I0000 00:00:1783352537.350327 4050889 bfc_allocator.cc:1105] InUse at e5c22e580000 of size 40108032 next 194
I0000 00:00:1783352537.350329 4050889 bfc_allocator.cc:1105] InUse at e5c230bc0000 of size 40108032 next 222
I0000 00:00:1783352537.350332 4050889 bfc_allocator.cc:1105] InUse at e5c233200000 of size 40108032 next 192
I0000 00:00:1783352537.350334 4050889 bfc_allocator.cc:1105] InUse at e5c235840000 of size 40108032 next 215
I0000 00:00:1783352537.350337 4050889 bfc_allocator.cc:1105] InUse at e5c237e80000 of size 72687616 next 18446744073709551615
I0000 00:00:1783352537.350339 4050889 bfc_allocator.cc:1085] Next region of size 268435456
I0000 00:00:1783352537.350342 4050889 bfc_allocator.cc:1105] InUse at e5c240000000 of size 40108032 next 256
I0000 00:00:1783352537.350344 4050889 bfc_allocator.cc:1105] InUse at e5c242640000 of size 40108032 next 199
I0000 00:00:1783352537.350347 4050889 bfc_allocator.cc:1105] InUse at e5c244c80000 of size 40108032 next 198
I0000 00:00:1783352537.350349 4050889 bfc_allocator.cc:1105] InUse at e5c2472c0000 of size 40108032 next 95
I0000 00:00:1783352537.350351 4050889 bfc_allocator.cc:1105] InUse at e5c249900000 of size 40108032 next 197
I0000 00:00:1783352537.350354 4050889 bfc_allocator.cc:1105] InUse at e5c24bf40000 of size 67895296 next 18446744073709551615
I0000 00:00:1783352537.350357 4050889 bfc_allocator.cc:1085] Next region of size 134217728
I0000 00:00:1783352537.350360 4050889 bfc_allocator.cc:1105] InUse at e5c280000000 of size 589824 next 279
I0000 00:00:1783352537.350362 4050889 bfc_allocator.cc:1105] InUse at e5c280090000 of size 40108032 next 309
I0000 00:00:1783352537.350364 4050889 bfc_allocator.cc:1105] InUse at e5c2826d0000 of size 40108032 next 203
I0000 00:00:1783352537.350367 4050889 bfc_allocator.cc:1105] InUse at e5c284d10000 of size 53411840 next 18446744073709551615
I0000 00:00:1783352537.350369 4050889 bfc_allocator.cc:1110]      Summary of in-use Chunks by size: 
I0000 00:00:1783352537.350371 4050889 bfc_allocator.cc:1113] 58 Chunks of size 256 totalling 14.5KiB
I0000 00:00:1783352537.350375 4050889 bfc_allocator.cc:1113] 1 Chunks of size 1280 totalling 1.2KiB
I0000 00:00:1783352537.350378 4050889 bfc_allocator.cc:1113] 2 Chunks of size 1792 totalling 3.5KiB
I0000 00:00:1783352537.350381 4050889 bfc_allocator.cc:1113] 2 Chunks of size 2560 totalling 5.0KiB
I0000 00:00:1783352537.350384 4050889 bfc_allocator.cc:1113] 1 Chunks of size 2816 totalling 2.8KiB
I0000 00:00:1783352537.350387 4050889 bfc_allocator.cc:1113] 2 Chunks of size 3072 totalling 6.0KiB
I0000 00:00:1783352537.350389 4050889 bfc_allocator.cc:1113] 1 Chunks of size 5632 totalling 5.5KiB
I0000 00:00:1783352537.350392 4050889 bfc_allocator.cc:1113] 1 Chunks of size 16384 totalling 16.0KiB
I0000 00:00:1783352537.350395 4050889 bfc_allocator.cc:1113] 1 Chunks of size 17408 totalling 17.0KiB
I0000 00:00:1783352537.350402 4050889 bfc_allocator.cc:1113] 1 Chunks of size 29696 totalling 29.0KiB
I0000 00:00:1783352537.350405 4050889 bfc_allocator.cc:1113] 2 Chunks of size 98304 totalling 192.0KiB
I0000 00:00:1783352537.350408 4050889 bfc_allocator.cc:1113] 1 Chunks of size 114432 totalling 111.8KiB
I0000 00:00:1783352537.350411 4050889 bfc_allocator.cc:1113] 1 Chunks of size 196608 totalling 192.0KiB
I0000 00:00:1783352537.350413 4050889 bfc_allocator.cc:1113] 1 Chunks of size 245760 totalling 240.0KiB
I0000 00:00:1783352537.350416 4050889 bfc_allocator.cc:1113] 1 Chunks of size 278528 totalling 272.0KiB
I0000 00:00:1783352537.350418 4050889 bfc_allocator.cc:1113] 2 Chunks of size 589824 totalling 1.12MiB
I0000 00:00:1783352537.350421 4050889 bfc_allocator.cc:1113] 1 Chunks of size 907520 totalling 886.2KiB
I0000 00:00:1783352537.350424 4050889 bfc_allocator.cc:1113] 40 Chunks of size 1179648 totalling 45.00MiB
I0000 00:00:1783352537.350426 4050889 bfc_allocator.cc:1113] 1 Chunks of size 1310720 totalling 1.25MiB
I0000 00:00:1783352537.350429 4050889 bfc_allocator.cc:1113] 1 Chunks of size 1808384 totalling 1.72MiB
I0000 00:00:1783352537.350432 4050889 bfc_allocator.cc:1113] 1 Chunks of size 2126848 totalling 2.03MiB
I0000 00:00:1783352537.350434 4050889 bfc_allocator.cc:1113] 1 Chunks of size 4352000 totalling 4.15MiB
I0000 00:00:1783352537.350437 4050889 bfc_allocator.cc:1113] 17 Chunks of size 40108032 totalling 650.25MiB
I0000 00:00:1783352537.350439 4050889 bfc_allocator.cc:1113] 1 Chunks of size 53411840 totalling 50.94MiB
I0000 00:00:1783352537.350442 4050889 bfc_allocator.cc:1113] 1 Chunks of size 67895296 totalling 64.75MiB
I0000 00:00:1783352537.350445 4050889 bfc_allocator.cc:1113] 1 Chunks of size 72687616 totalling 69.32MiB
I0000 00:00:1783352537.350447 4050889 bfc_allocator.cc:1117] Sum Total of in-use chunks: 892.48MiB
I0000 00:00:1783352537.350450 4050889 bfc_allocator.cc:1119] Total size in pool: 961.82MiB memory_limit_: 961.82MiB available size: 0B curr_region_allocation_bytes_: 1.00GiB
I0000 00:00:1783352537.350453 4050889 bfc_allocator.cc:1128] Stats: 
Limit:                       961.82MiB
InUse:                       892.48MiB
MaxInUse:                    899.74MiB
NumAllocs:                       44668
MaxAllocSize:                128.00MiB
Reserved:                           0B
PeakReserved:                       0B
LargestFreeBlock:                   0B

W0000 00:00:1783352537.350460 4050889 bfc_allocator.cc:513] *********_*__********************************************xxx************************xx*************x
W0000 00:00:1783352537.350474 4050889 op_kernel.cc:1858] OP_REQUIRES failed at strided_slice_op.cc:257 : RESOURCE_EXHAUSTED: OOM when allocating tensor with shape[34,32,6,96,16] and type float on /job:localhost/replica:0/task:0/device:GPU:0 by allocator GPU_0_bfc
W0000 00:00:1783352547.350577 4050889 bfc_allocator.cc:502] Allocator (GPU_0_bfc) ran out of memory trying to allocate 38.25MiB (rounded to 40108032)requested by op StatefulPartitionedCall/gradient_tape/widar3_1/time_distributed_1_2/strided_slice_21/StridedSliceGrad
If the cause is memory fragmentation maybe the environment variable 'TF_GPU_ALLOCATOR=cuda_malloc_async' will improve the situation. 
Current allocation summary follows.
Current allocation summary follows.
I0000 00:00:1783352547.350740 4050889 bfc_allocator.cc:1049] BFCAllocator dump for GPU_0_bfc
I0000 00:00:1783352547.350756 4050889 bfc_allocator.cc:1056] Bin (256): 	Total Chunks: 59, Chunks in use: 58. 14.8KiB allocated for chunks. 14.5KiB in use in bin. 1.9KiB client-requested in use in bin.
I0000 00:00:1783352547.350764 4050889 bfc_allocator.cc:1056] Bin (512): 	Total Chunks: 0, Chunks in use: 0. 0B allocated for chunks. 0B in use in bin. 0B client-requested in use in bin.
I0000 00:00:1783352547.350769 4050889 bfc_allocator.cc:1056] Bin (1024): 	Total Chunks: 4, Chunks in use: 3. 6.5KiB allocated for chunks. 4.8KiB in use in bin. 4.1KiB client-requested in use in bin.
I0000 00:00:1783352547.350773 4050889 bfc_allocator.cc:1056] Bin (2048): 	Total Chunks: 6, Chunks in use: 5. 17.5KiB allocated for chunks. 13.8KiB in use in bin. 13.5KiB client-requested in use in bin.
I0000 00:00:1783352547.350795 4050889 bfc_allocator.cc:1056] Bin (4096): 	Total Chunks: 3, Chunks in use: 1. 18.8KiB allocated for chunks. 5.5KiB in use in bin. 3.0KiB client-requested in use in bin.
I0000 00:00:1783352547.350802 4050889 bfc_allocator.cc:1056] Bin (8192): 	Total Chunks: 1, Chunks in use: 0. 12.5KiB allocated for chunks. 0B in use in bin. 0B client-requested in use in bin.
I0000 00:00:1783352547.350806 4050889 bfc_allocator.cc:1056] Bin (16384): 	Total Chunks: 3, Chunks in use: 3. 62.0KiB allocated for chunks. 62.0KiB in use in bin. 48.0KiB client-requested in use in bin.
I0000 00:00:1783352547.350810 4050889 bfc_allocator.cc:1056] Bin (32768): 	Total Chunks: 0, Chunks in use: 0. 0B allocated for chunks. 0B in use in bin. 0B client-requested in use in bin.
I0000 00:00:1783352547.350814 4050889 bfc_allocator.cc:1056] Bin (65536): 	Total Chunks: 5, Chunks in use: 3. 491.8KiB allocated for chunks. 303.8KiB in use in bin. 288.0KiB client-requested in use in bin.
I0000 00:00:1783352547.350818 4050889 bfc_allocator.cc:1056] Bin (131072): 	Total Chunks: 3, Chunks in use: 2. 584.0KiB allocated for chunks. 432.0KiB in use in bin. 384.0KiB client-requested in use in bin.
I0000 00:00:1783352547.350822 4050889 bfc_allocator.cc:1056] Bin (262144): 	Total Chunks: 3, Chunks in use: 1. 914.0KiB allocated for chunks. 272.0KiB in use in bin. 192.0KiB client-requested in use in bin.
I0000 00:00:1783352547.350827 4050889 bfc_allocator.cc:1056] Bin (524288): 	Total Chunks: 3, Chunks in use: 3. 1.99MiB allocated for chunks. 1.99MiB in use in bin. 1.69MiB client-requested in use in bin.
I0000 00:00:1783352547.350831 4050889 bfc_allocator.cc:1056] Bin (1048576): 	Total Chunks: 46, Chunks in use: 41. 52.97MiB allocated for chunks. 46.85MiB in use in bin. 46.12MiB client-requested in use in bin.
I0000 00:00:1783352547.350835 4050889 bfc_allocator.cc:1056] Bin (2097152): 	Total Chunks: 2, Chunks in use: 1. 4.28MiB allocated for chunks. 2.03MiB in use in bin. 1.12MiB client-requested in use in bin.
I0000 00:00:1783352547.350839 4050889 bfc_allocator.cc:1056] Bin (4194304): 	Total Chunks: 2, Chunks in use: 1. 9.78MiB allocated for chunks. 4.15MiB in use in bin. 4.15MiB client-requested in use in bin.
I0000 00:00:1783352547.350843 4050889 bfc_allocator.cc:1056] Bin (8388608): 	Total Chunks: 1, Chunks in use: 0. 15.75MiB allocated for chunks. 0B in use in bin. 0B client-requested in use in bin.
I0000 00:00:1783352547.350846 4050889 bfc_allocator.cc:1056] Bin (16777216): 	Total Chunks: 2, Chunks in use: 0. 39.72MiB allocated for chunks. 0B in use in bin. 0B client-requested in use in bin.
I0000 00:00:1783352547.350850 4050889 bfc_allocator.cc:1056] Bin (33554432): 	Total Chunks: 18, Chunks in use: 18. 701.19MiB allocated for chunks. 701.19MiB in use in bin. 688.50MiB client-requested in use in bin.
I0000 00:00:1783352547.350854 4050889 bfc_allocator.cc:1056] Bin (67108864): 	Total Chunks: 2, Chunks in use: 2. 134.07MiB allocated for chunks. 134.07MiB in use in bin. 76.50MiB client-requested in use in bin.
I0000 00:00:1783352547.350858 4050889 bfc_allocator.cc:1056] Bin (134217728): 	Total Chunks: 0, Chunks in use: 0. 0B allocated for chunks. 0B in use in bin. 0B client-requested in use in bin.
I0000 00:00:1783352547.350862 4050889 bfc_allocator.cc:1056] Bin (268435456): 	Total Chunks: 0, Chunks in use: 0. 0B allocated for chunks. 0B in use in bin. 0B client-requested in use in bin.
I0000 00:00:1783352547.350867 4050889 bfc_allocator.cc:1072] Bin for 38.25MiB was 32.00MiB, Chunk State: 
I0000 00:00:1783352547.350871 4050889 bfc_allocator.cc:1085] Next region of size 2097152
I0000 00:00:1783352547.350877 4050889 bfc_allocator.cc:1105] InUse at 32f000000 of size 1280 next 1
I0000 00:00:1783352547.350880 4050889 bfc_allocator.cc:1105] InUse at 32f000500 of size 256 next 2
I0000 00:00:1783352547.350884 4050889 bfc_allocator.cc:1105] InUse at 32f000600 of size 256 next 3
I0000 00:00:1783352547.350889 4050889 bfc_allocator.cc:1105] InUse at 32f000700 of size 256 next 4
I0000 00:00:1783352547.350893 4050889 bfc_allocator.cc:1105] InUse at 32f000800 of size 256 next 5
I0000 00:00:1783352547.350896 4050889 bfc_allocator.cc:1105] InUse at 32f000900 of size 256 next 6
I0000 00:00:1783352547.350899 4050889 bfc_allocator.cc:1105] InUse at 32f000a00 of size 256 next 7
I0000 00:00:1783352547.350902 4050889 bfc_allocator.cc:1105] InUse at 32f000b00 of size 256 next 8
I0000 00:00:1783352547.350905 4050889 bfc_allocator.cc:1105] InUse at 32f000c00 of size 256 next 9
I0000 00:00:1783352547.350909 4050889 bfc_allocator.cc:1105] InUse at 32f000d00 of size 256 next 10
I0000 00:00:1783352547.350912 4050889 bfc_allocator.cc:1105] InUse at 32f000e00 of size 256 next 11
I0000 00:00:1783352547.350915 4050889 bfc_allocator.cc:1105] InUse at 32f000f00 of size 256 next 13
I0000 00:00:1783352547.350918 4050889 bfc_allocator.cc:1105] InUse at 32f001000 of size 256 next 14
I0000 00:00:1783352547.350921 4050889 bfc_allocator.cc:1105] InUse at 32f001100 of size 256 next 12
I0000 00:00:1783352547.350924 4050889 bfc_allocator.cc:1105] InUse at 32f001200 of size 256 next 18
I0000 00:00:1783352547.350927 4050889 bfc_allocator.cc:1105] InUse at 32f001300 of size 256 next 19
I0000 00:00:1783352547.350931 4050889 bfc_allocator.cc:1105] InUse at 32f001400 of size 256 next 15
I0000 00:00:1783352547.350934 4050889 bfc_allocator.cc:1105] InUse at 32f001500 of size 256 next 20
I0000 00:00:1783352547.350938 4050889 bfc_allocator.cc:1105] InUse at 32f001600 of size 256 next 21
I0000 00:00:1783352547.350941 4050889 bfc_allocator.cc:1105] InUse at 32f001700 of size 256 next 25
I0000 00:00:1783352547.350947 4050889 bfc_allocator.cc:1105] InUse at 32f001800 of size 256 next 23
I0000 00:00:1783352547.350950 4050889 bfc_allocator.cc:1105] InUse at 32f001900 of size 256 next 24
I0000 00:00:1783352547.350955 4050889 bfc_allocator.cc:1105] InUse at 32f001a00 of size 256 next 28
I0000 00:00:1783352547.350961 4050889 bfc_allocator.cc:1105] InUse at 32f001b00 of size 256 next 31
I0000 00:00:1783352547.350969 4050889 bfc_allocator.cc:1105] InUse at 32f001c00 of size 256 next 29
I0000 00:00:1783352547.350973 4050889 bfc_allocator.cc:1105] InUse at 32f001d00 of size 256 next 35
I0000 00:00:1783352547.350982 4050889 bfc_allocator.cc:1105] InUse at 32f001e00 of size 256 next 37
I0000 00:00:1783352547.350988 4050889 bfc_allocator.cc:1105] InUse at 32f001f00 of size 256 next 16
I0000 00:00:1783352547.351073 4050889 bfc_allocator.cc:1105] InUse at 32f002000 of size 1792 next 17
I0000 00:00:1783352547.351130 4050889 bfc_allocator.cc:1105] InUse at 32f002700 of size 3072 next 30
I0000 00:00:1783352547.351179 4050889 bfc_allocator.cc:1105] InUse at 32f003300 of size 256 next 39
I0000 00:00:1783352547.351227 4050889 bfc_allocator.cc:1105] InUse at 32f003400 of size 256 next 40
I0000 00:00:1783352547.351266 4050889 bfc_allocator.cc:1105] InUse at 32f003500 of size 256 next 38
I0000 00:00:1783352547.351277 4050889 bfc_allocator.cc:1105] InUse at 32f003600 of size 256 next 41
I0000 00:00:1783352547.351282 4050889 bfc_allocator.cc:1105] Free  at 32f003700 of size 256 next 44
I0000 00:00:1783352547.351286 4050889 bfc_allocator.cc:1105] InUse at 32f003800 of size 1792 next 45
I0000 00:00:1783352547.351291 4050889 bfc_allocator.cc:1105] InUse at 32f003f00 of size 2816 next 42
I0000 00:00:1783352547.351295 4050889 bfc_allocator.cc:1105] InUse at 32f004a00 of size 2560 next 43
I0000 00:00:1783352547.351299 4050889 bfc_allocator.cc:1105] InUse at 32f005400 of size 3072 next 47
I0000 00:00:1783352547.351303 4050889 bfc_allocator.cc:1105] InUse at 32f006000 of size 256 next 48
I0000 00:00:1783352547.351307 4050889 bfc_allocator.cc:1105] InUse at 32f006100 of size 256 next 49
I0000 00:00:1783352547.351311 4050889 bfc_allocator.cc:1105] InUse at 32f006200 of size 256 next 52
I0000 00:00:1783352547.351316 4050889 bfc_allocator.cc:1105] InUse at 32f006300 of size 17408 next 27
I0000 00:00:1783352547.351322 4050889 bfc_allocator.cc:1105] InUse at 32f00a700 of size 16384 next 26
I0000 00:00:1783352547.351336 4050889 bfc_allocator.cc:1105] InUse at 32f00e700 of size 98304 next 46
I0000 00:00:1783352547.351340 4050889 bfc_allocator.cc:1105] InUse at 32f026700 of size 256 next 54
I0000 00:00:1783352547.351344 4050889 bfc_allocator.cc:1105] InUse at 32f026800 of size 256 next 53
I0000 00:00:1783352547.351348 4050889 bfc_allocator.cc:1105] InUse at 32f026900 of size 256 next 55
I0000 00:00:1783352547.351352 4050889 bfc_allocator.cc:1105] InUse at 32f026a00 of size 256 next 56
I0000 00:00:1783352547.351355 4050889 bfc_allocator.cc:1105] InUse at 32f026b00 of size 256 next 57
I0000 00:00:1783352547.351359 4050889 bfc_allocator.cc:1105] InUse at 32f026c00 of size 256 next 58
I0000 00:00:1783352547.351363 4050889 bfc_allocator.cc:1105] InUse at 32f026d00 of size 256 next 59
I0000 00:00:1783352547.351367 4050889 bfc_allocator.cc:1105] InUse at 32f026e00 of size 256 next 60
I0000 00:00:1783352547.351371 4050889 bfc_allocator.cc:1105] InUse at 32f026f00 of size 256 next 61
I0000 00:00:1783352547.351375 4050889 bfc_allocator.cc:1105] InUse at 32f027000 of size 256 next 62
I0000 00:00:1783352547.351379 4050889 bfc_allocator.cc:1105] InUse at 32f027100 of size 256 next 64
I0000 00:00:1783352547.351382 4050889 bfc_allocator.cc:1105] InUse at 32f027200 of size 256 next 63
I0000 00:00:1783352547.351386 4050889 bfc_allocator.cc:1105] InUse at 32f027300 of size 256 next 65
I0000 00:00:1783352547.351389 4050889 bfc_allocator.cc:1105] InUse at 32f027400 of size 256 next 66
I0000 00:00:1783352547.351393 4050889 bfc_allocator.cc:1105] InUse at 32f027500 of size 256 next 143
I0000 00:00:1783352547.351397 4050889 bfc_allocator.cc:1105] InUse at 32f027600 of size 256 next 69
I0000 00:00:1783352547.351402 4050889 bfc_allocator.cc:1105] Free  at 32f027700 of size 94208 next 33
I0000 00:00:1783352547.351407 4050889 bfc_allocator.cc:1105] InUse at 32f03e700 of size 98304 next 32
I0000 00:00:1783352547.351411 4050889 bfc_allocator.cc:1105] Free  at 32f056700 of size 3840 next 67
I0000 00:00:1783352547.351416 4050889 bfc_allocator.cc:1105] InUse at 32f057600 of size 256 next 93
I0000 00:00:1783352547.351420 4050889 bfc_allocator.cc:1105] InUse at 32f057700 of size 256 next 265
I0000 00:00:1783352547.351425 4050889 bfc_allocator.cc:1105] Free  at 32f057800 of size 1792 next 101
I0000 00:00:1783352547.351430 4050889 bfc_allocator.cc:1105] InUse at 32f057f00 of size 256 next 102
I0000 00:00:1783352547.351434 4050889 bfc_allocator.cc:1105] Free  at 32f058000 of size 7936 next 128
I0000 00:00:1783352547.351438 4050889 bfc_allocator.cc:1105] InUse at 32f059f00 of size 256 next 129
I0000 00:00:1783352547.351441 4050889 bfc_allocator.cc:1105] Free  at 32f05a000 of size 5632 next 151
I0000 00:00:1783352547.351445 4050889 bfc_allocator.cc:1105] InUse at 32f05b600 of size 256 next 152
I0000 00:00:1783352547.351449 4050889 bfc_allocator.cc:1105] InUse at 32f05b700 of size 256 next 153
I0000 00:00:1783352547.351452 4050889 bfc_allocator.cc:1105] Free  at 32f05b800 of size 12800 next 76
I0000 00:00:1783352547.351456 4050889 bfc_allocator.cc:1105] InUse at 32f05ea00 of size 256 next 77
I0000 00:00:1783352547.351459 4050889 bfc_allocator.cc:1105] Free  at 32f05eb00 of size 359424 next 36
I0000 00:00:1783352547.351463 4050889 bfc_allocator.cc:1105] InUse at 32f0b6700 of size 196608 next 34
I0000 00:00:1783352547.351469 4050889 bfc_allocator.cc:1105] InUse at 32f0e6700 of size 245760 next 22
I0000 00:00:1783352547.351473 4050889 bfc_allocator.cc:1105] InUse at 32f122700 of size 907520 next 18446744073709551615
I0000 00:00:1783352547.351475 4050889 bfc_allocator.cc:1085] Next region of size 4194304
I0000 00:00:1783352547.351479 4050889 bfc_allocator.cc:1105] InUse at 32f600000 of size 589824 next 51
I0000 00:00:1783352547.351482 4050889 bfc_allocator.cc:1105] Free  at 32f690000 of size 297984 next 105
I0000 00:00:1783352547.351484 4050889 bfc_allocator.cc:1105] InUse at 32f6d8c00 of size 1179648 next 157
I0000 00:00:1783352547.351487 4050889 bfc_allocator.cc:1105] InUse at 32f7f8c00 of size 2126848 next 18446744073709551615
I0000 00:00:1783352547.351492 4050889 bfc_allocator.cc:1085] Next region of size 8388608
I0000 00:00:1783352547.351495 4050889 bfc_allocator.cc:1105] InUse at 32fa00000 of size 1179648 next 158
I0000 00:00:1783352547.351497 4050889 bfc_allocator.cc:1105] InUse at 32fb20000 of size 1179648 next 162
I0000 00:00:1783352547.351500 4050889 bfc_allocator.cc:1105] InUse at 32fc40000 of size 1179648 next 163
I0000 00:00:1783352547.351503 4050889 bfc_allocator.cc:1105] InUse at 32fd60000 of size 1179648 next 164
I0000 00:00:1783352547.351505 4050889 bfc_allocator.cc:1105] InUse at 32fe80000 of size 1179648 next 165
I0000 00:00:1783352547.351507 4050889 bfc_allocator.cc:1105] InUse at 32ffa0000 of size 1179648 next 166
I0000 00:00:1783352547.351510 4050889 bfc_allocator.cc:1105] InUse at 3300c0000 of size 1310720 next 18446744073709551615
I0000 00:00:1783352547.351512 4050889 bfc_allocator.cc:1085] Next region of size 16777216
I0000 00:00:1783352547.351515 4050889 bfc_allocator.cc:1105] InUse at 330a00000 of size 4352000 next 156
I0000 00:00:1783352547.351517 4050889 bfc_allocator.cc:1105] InUse at 330e26800 of size 1179648 next 167
I0000 00:00:1783352547.351520 4050889 bfc_allocator.cc:1105] InUse at 330f46800 of size 1179648 next 168
I0000 00:00:1783352547.351522 4050889 bfc_allocator.cc:1105] InUse at 331066800 of size 1179648 next 169
I0000 00:00:1783352547.351524 4050889 bfc_allocator.cc:1105] InUse at 331186800 of size 1179648 next 170
I0000 00:00:1783352547.351527 4050889 bfc_allocator.cc:1105] InUse at 3312a6800 of size 1179648 next 171
I0000 00:00:1783352547.351531 4050889 bfc_allocator.cc:1105] InUse at 3313c6800 of size 1179648 next 172
I0000 00:00:1783352547.351536 4050889 bfc_allocator.cc:1105] InUse at 3314e6800 of size 1179648 next 173
I0000 00:00:1783352547.351542 4050889 bfc_allocator.cc:1105] InUse at 331606800 of size 1179648 next 174
I0000 00:00:1783352547.351545 4050889 bfc_allocator.cc:1105] InUse at 331726800 of size 1179648 next 175
I0000 00:00:1783352547.351549 4050889 bfc_allocator.cc:1105] InUse at 331846800 of size 1808384 next 18446744073709551615
I0000 00:00:1783352547.351553 4050889 bfc_allocator.cc:1085] Next region of size 33554432
I0000 00:00:1783352547.351557 4050889 bfc_allocator.cc:1105] InUse at 331a00000 of size 1179648 next 176
I0000 00:00:1783352547.351562 4050889 bfc_allocator.cc:1105] InUse at 331b20000 of size 1179648 next 177
I0000 00:00:1783352547.351566 4050889 bfc_allocator.cc:1105] InUse at 331c40000 of size 1179648 next 178
I0000 00:00:1783352547.351570 4050889 bfc_allocator.cc:1105] InUse at 331d60000 of size 1179648 next 179
I0000 00:00:1783352547.351574 4050889 bfc_allocator.cc:1105] InUse at 331e80000 of size 1179648 next 180
I0000 00:00:1783352547.351579 4050889 bfc_allocator.cc:1105] InUse at 331fa0000 of size 1179648 next 181
I0000 00:00:1783352547.351582 4050889 bfc_allocator.cc:1105] InUse at 3320c0000 of size 1179648 next 182
I0000 00:00:1783352547.351586 4050889 bfc_allocator.cc:1105] InUse at 3321e0000 of size 1179648 next 183
I0000 00:00:1783352547.351589 4050889 bfc_allocator.cc:1105] InUse at 332300000 of size 1179648 next 184
I0000 00:00:1783352547.351593 4050889 bfc_allocator.cc:1105] InUse at 332420000 of size 1179648 next 185
I0000 00:00:1783352547.351596 4050889 bfc_allocator.cc:1105] InUse at 332540000 of size 1179648 next 186
I0000 00:00:1783352547.351601 4050889 bfc_allocator.cc:1105] InUse at 332660000 of size 1179648 next 187
I0000 00:00:1783352547.351604 4050889 bfc_allocator.cc:1105] InUse at 332780000 of size 1179648 next 188
I0000 00:00:1783352547.351608 4050889 bfc_allocator.cc:1105] InUse at 3328a0000 of size 1179648 next 189
I0000 00:00:1783352547.351612 4050889 bfc_allocator.cc:1105] InUse at 3329c0000 of size 1179648 next 190
I0000 00:00:1783352547.351617 4050889 bfc_allocator.cc:1105] Free  at 332ae0000 of size 5898240 next 217
I0000 00:00:1783352547.351622 4050889 bfc_allocator.cc:1105] InUse at 333080000 of size 1179648 next 214
I0000 00:00:1783352547.351625 4050889 bfc_allocator.cc:1105] Free  at 3331a0000 of size 1179648 next 213
I0000 00:00:1783352547.351630 4050889 bfc_allocator.cc:1105] InUse at 3332c0000 of size 1179648 next 208
I0000 00:00:1783352547.351640 4050889 bfc_allocator.cc:1105] Free  at 3333e0000 of size 1179648 next 209
I0000 00:00:1783352547.351644 4050889 bfc_allocator.cc:1105] InUse at 333500000 of size 1179648 next 212
I0000 00:00:1783352547.351648 4050889 bfc_allocator.cc:1105] Free  at 333620000 of size 1179648 next 207
I0000 00:00:1783352547.351651 4050889 bfc_allocator.cc:1105] InUse at 333740000 of size 1179648 next 206
I0000 00:00:1783352547.351655 4050889 bfc_allocator.cc:1105] Free  at 333860000 of size 1703936 next 18446744073709551615
I0000 00:00:1783352547.351658 4050889 bfc_allocator.cc:1085] Next region of size 67108864
I0000 00:00:1783352547.351664 4050889 bfc_allocator.cc:1105] InUse at 334e00000 of size 1179648 next 205
I0000 00:00:1783352547.351668 4050889 bfc_allocator.cc:1105] Free  at 334f20000 of size 1179648 next 202
I0000 00:00:1783352547.351672 4050889 bfc_allocator.cc:1105] InUse at 335040000 of size 1179648 next 204
I0000 00:00:1783352547.351676 4050889 bfc_allocator.cc:1105] Free  at 335160000 of size 2359296 next 200
I0000 00:00:1783352547.351679 4050889 bfc_allocator.cc:1105] InUse at 3353a0000 of size 1179648 next 201
I0000 00:00:1783352547.351684 4050889 bfc_allocator.cc:1105] Free  at 3354c0000 of size 16515072 next 218
I0000 00:00:1783352547.351687 4050889 bfc_allocator.cc:1105] InUse at 336480000 of size 1179648 next 316
I0000 00:00:1783352547.351692 4050889 bfc_allocator.cc:1105] Free  at 3365a0000 of size 20237312 next 299
I0000 00:00:1783352547.351698 4050889 bfc_allocator.cc:1105] InUse at 3378ecc00 of size 29696 next 127
I0000 00:00:1783352547.351702 4050889 bfc_allocator.cc:1105] InUse at 3378f4000 of size 256 next 70
I0000 00:00:1783352547.351707 4050889 bfc_allocator.cc:1105] InUse at 3378f4100 of size 5632 next 136
I0000 00:00:1783352547.351711 4050889 bfc_allocator.cc:1105] InUse at 3378f5700 of size 2560 next 147
I0000 00:00:1783352547.351714 4050889 bfc_allocator.cc:1105] Free  at 3378f6100 of size 98304 next 298
I0000 00:00:1783352547.351718 4050889 bfc_allocator.cc:1105] InUse at 33790e100 of size 114432 next 323
I0000 00:00:1783352547.351724 4050889 bfc_allocator.cc:1105] Free  at 33792a000 of size 155648 next 370
I0000 00:00:1783352547.351728 4050889 bfc_allocator.cc:1105] InUse at 337950000 of size 278528 next 68
I0000 00:00:1783352547.351731 4050889 bfc_allocator.cc:1105] Free  at 337994000 of size 21413888 next 18446744073709551615
I0000 00:00:1783352547.351735 4050889 bfc_allocator.cc:1085] Next region of size 473767936
I0000 00:00:1783352547.351738 4050889 bfc_allocator.cc:1105] InUse at e5c220000000 of size 40108032 next 319
I0000 00:00:1783352547.351743 4050889 bfc_allocator.cc:1105] InUse at e5c222640000 of size 40108032 next 195
I0000 00:00:1783352547.351746 4050889 bfc_allocator.cc:1105] InUse at e5c224c80000 of size 40108032 next 221
I0000 00:00:1783352547.351751 4050889 bfc_allocator.cc:1105] InUse at e5c2272c0000 of size 40108032 next 191
I0000 00:00:1783352547.351754 4050889 bfc_allocator.cc:1105] InUse at e5c229900000 of size 40108032 next 196
I0000 00:00:1783352547.351758 4050889 bfc_allocator.cc:1105] InUse at e5c22bf40000 of size 40108032 next 365
I0000 00:00:1783352547.351762 4050889 bfc_allocator.cc:1105] InUse at e5c22e580000 of size 40108032 next 194
I0000 00:00:1783352547.351766 4050889 bfc_allocator.cc:1105] InUse at e5c230bc0000 of size 40108032 next 222
I0000 00:00:1783352547.351771 4050889 bfc_allocator.cc:1105] InUse at e5c233200000 of size 40108032 next 192
I0000 00:00:1783352547.351775 4050889 bfc_allocator.cc:1105] InUse at e5c235840000 of size 40108032 next 215
I0000 00:00:1783352547.351780 4050889 bfc_allocator.cc:1105] InUse at e5c237e80000 of size 72687616 next 18446744073709551615
I0000 00:00:1783352547.351784 4050889 bfc_allocator.cc:1085] Next region of size 268435456
I0000 00:00:1783352547.351789 4050889 bfc_allocator.cc:1105] InUse at e5c240000000 of size 40108032 next 256
I0000 00:00:1783352547.351793 4050889 bfc_allocator.cc:1105] InUse at e5c242640000 of size 40108032 next 199
I0000 00:00:1783352547.351803 4050889 bfc_allocator.cc:1105] InUse at e5c244c80000 of size 40108032 next 198
I0000 00:00:1783352547.351808 4050889 bfc_allocator.cc:1105] InUse at e5c2472c0000 of size 40108032 next 95
I0000 00:00:1783352547.351812 4050889 bfc_allocator.cc:1105] InUse at e5c249900000 of size 40108032 next 197
I0000 00:00:1783352547.351816 4050889 bfc_allocator.cc:1105] InUse at e5c24bf40000 of size 67895296 next 18446744073709551615
I0000 00:00:1783352547.351820 4050889 bfc_allocator.cc:1085] Next region of size 134217728
I0000 00:00:1783352547.351823 4050889 bfc_allocator.cc:1105] InUse at e5c280000000 of size 589824 next 279
I0000 00:00:1783352547.351827 4050889 bfc_allocator.cc:1105] InUse at e5c280090000 of size 40108032 next 309
I0000 00:00:1783352547.351830 4050889 bfc_allocator.cc:1105] InUse at e5c2826d0000 of size 40108032 next 203
I0000 00:00:1783352547.351834 4050889 bfc_allocator.cc:1105] InUse at e5c284d10000 of size 53411840 next 18446744073709551615
I0000 00:00:1783352547.351837 4050889 bfc_allocator.cc:1110]      Summary of in-use Chunks by size: 
I0000 00:00:1783352547.351840 4050889 bfc_allocator.cc:1113] 58 Chunks of size 256 totalling 14.5KiB
I0000 00:00:1783352547.351846 4050889 bfc_allocator.cc:1113] 1 Chunks of size 1280 totalling 1.2KiB
I0000 00:00:1783352547.351849 4050889 bfc_allocator.cc:1113] 2 Chunks of size 1792 totalling 3.5KiB
I0000 00:00:1783352547.351852 4050889 bfc_allocator.cc:1113] 2 Chunks of size 2560 totalling 5.0KiB
I0000 00:00:1783352547.351856 4050889 bfc_allocator.cc:1113] 1 Chunks of size 2816 totalling 2.8KiB
I0000 00:00:1783352547.351858 4050889 bfc_allocator.cc:1113] 2 Chunks of size 3072 totalling 6.0KiB
I0000 00:00:1783352547.351861 4050889 bfc_allocator.cc:1113] 1 Chunks of size 5632 totalling 5.5KiB
I0000 00:00:1783352547.351865 4050889 bfc_allocator.cc:1113] 1 Chunks of size 16384 totalling 16.0KiB
I0000 00:00:1783352547.351869 4050889 bfc_allocator.cc:1113] 1 Chunks of size 17408 totalling 17.0KiB
I0000 00:00:1783352547.351873 4050889 bfc_allocator.cc:1113] 1 Chunks of size 29696 totalling 29.0KiB
I0000 00:00:1783352547.351876 4050889 bfc_allocator.cc:1113] 2 Chunks of size 98304 totalling 192.0KiB
I0000 00:00:1783352547.351879 4050889 bfc_allocator.cc:1113] 1 Chunks of size 114432 totalling 111.8KiB
I0000 00:00:1783352547.351882 4050889 bfc_allocator.cc:1113] 1 Chunks of size 196608 totalling 192.0KiB
I0000 00:00:1783352547.351885 4050889 bfc_allocator.cc:1113] 1 Chunks of size 245760 totalling 240.0KiB
I0000 00:00:1783352547.351887 4050889 bfc_allocator.cc:1113] 1 Chunks of size 278528 totalling 272.0KiB
I0000 00:00:1783352547.351890 4050889 bfc_allocator.cc:1113] 2 Chunks of size 589824 totalling 1.12MiB
I0000 00:00:1783352547.351893 4050889 bfc_allocator.cc:1113] 1 Chunks of size 907520 totalling 886.2KiB
I0000 00:00:1783352547.351895 4050889 bfc_allocator.cc:1113] 39 Chunks of size 1179648 totalling 43.88MiB
I0000 00:00:1783352547.351898 4050889 bfc_allocator.cc:1113] 1 Chunks of size 1310720 totalling 1.25MiB
I0000 00:00:1783352547.351903 4050889 bfc_allocator.cc:1113] 1 Chunks of size 1808384 totalling 1.72MiB
I0000 00:00:1783352547.351908 4050889 bfc_allocator.cc:1113] 1 Chunks of size 2126848 totalling 2.03MiB
I0000 00:00:1783352547.351912 4050889 bfc_allocator.cc:1113] 1 Chunks of size 4352000 totalling 4.15MiB
I0000 00:00:1783352547.351916 4050889 bfc_allocator.cc:1113] 17 Chunks of size 40108032 totalling 650.25MiB
I0000 00:00:1783352547.351919 4050889 bfc_allocator.cc:1113] 1 Chunks of size 53411840 totalling 50.94MiB
I0000 00:00:1783352547.351922 4050889 bfc_allocator.cc:1113] 1 Chunks of size 67895296 totalling 64.75MiB
I0000 00:00:1783352547.351925 4050889 bfc_allocator.cc:1113] 1 Chunks of size 72687616 totalling 69.32MiB
I0000 00:00:1783352547.351928 4050889 bfc_allocator.cc:1117] Sum Total of in-use chunks: 891.36MiB
I0000 00:00:1783352547.351930 4050889 bfc_allocator.cc:1119] Total size in pool: 961.82MiB memory_limit_: 961.82MiB available size: 0B curr_region_allocation_bytes_: 1.00GiB
I0000 00:00:1783352547.351934 4050889 bfc_allocator.cc:1128] Stats: 
Limit:                       961.82MiB
InUse:                       891.36MiB
MaxInUse:                    899.74MiB
NumAllocs:                       44668
MaxAllocSize:                128.00MiB
Reserved:                           0B
PeakReserved:                       0B
LargestFreeBlock:                   0B

W0000 00:00:1783352547.351950 4050889 bfc_allocator.cc:513] *********_*__********************************************xxx************************xx*************x
W0000 00:00:1783352547.351997 4050889 op_kernel.cc:1858] OP_REQUIRES failed at strided_slice_op.cc:257 : RESOURCE_EXHAUSTED: OOM when allocating tensor with shape[34,32,6,96,16] and type float on /job:localhost/replica:0/task:0/device:GPU:0 by allocator GPU_0_bfc
W0000 00:00:1783352557.352250 4050889 bfc_allocator.cc:502] Allocator (GPU_0_bfc) ran out of memory trying to allocate 38.25MiB (rounded to 40108032)requested by op StatefulPartitionedCall/gradient_tape/widar3_1/time_distributed_1_2/strided_slice_24/StridedSliceGrad
If the cause is memory fragmentation maybe the environment variable 'TF_GPU_ALLOCATOR=cuda_malloc_async' will improve the situation. 
Current allocation summary follows.
Current allocation summary follows.
I0000 00:00:1783352557.352431 4050889 bfc_allocator.cc:1049] BFCAllocator dump for GPU_0_bfc
I0000 00:00:1783352557.352445 4050889 bfc_allocator.cc:1056] Bin (256): 	Total Chunks: 59, Chunks in use: 58. 14.8KiB allocated for chunks. 14.5KiB in use in bin. 1.9KiB client-requested in use in bin.
I0000 00:00:1783352557.352458 4050889 bfc_allocator.cc:1056] Bin (512): 	Total Chunks: 0, Chunks in use: 0. 0B allocated for chunks. 0B in use in bin. 0B client-requested in use in bin.
I0000 00:00:1783352557.352467 4050889 bfc_allocator.cc:1056] Bin (1024): 	Total Chunks: 4, Chunks in use: 3. 6.5KiB allocated for chunks. 4.8KiB in use in bin. 4.1KiB client-requested in use in bin.
I0000 00:00:1783352557.352478 4050889 bfc_allocator.cc:1056] Bin (2048): 	Total Chunks: 6, Chunks in use: 5. 17.5KiB allocated for chunks. 13.8KiB in use in bin. 13.5KiB client-requested in use in bin.
I0000 00:00:1783352557.352483 4050889 bfc_allocator.cc:1056] Bin (4096): 	Total Chunks: 3, Chunks in use: 1. 18.8KiB allocated for chunks. 5.5KiB in use in bin. 3.0KiB client-requested in use in bin.
I0000 00:00:1783352557.352489 4050889 bfc_allocator.cc:1056] Bin (8192): 	Total Chunks: 1, Chunks in use: 0. 12.5KiB allocated for chunks. 0B in use in bin. 0B client-requested in use in bin.
I0000 00:00:1783352557.352494 4050889 bfc_allocator.cc:1056] Bin (16384): 	Total Chunks: 3, Chunks in use: 3. 62.0KiB allocated for chunks. 62.0KiB in use in bin. 48.0KiB client-requested in use in bin.
I0000 00:00:1783352557.352501 4050889 bfc_allocator.cc:1056] Bin (32768): 	Total Chunks: 0, Chunks in use: 0. 0B allocated for chunks. 0B in use in bin. 0B client-requested in use in bin.
I0000 00:00:1783352557.352508 4050889 bfc_allocator.cc:1056] Bin (65536): 	Total Chunks: 5, Chunks in use: 3. 491.8KiB allocated for chunks. 303.8KiB in use in bin. 288.0KiB client-requested in use in bin.
I0000 00:00:1783352557.352515 4050889 bfc_allocator.cc:1056] Bin (131072): 	Total Chunks: 3, Chunks in use: 2. 584.0KiB allocated for chunks. 432.0KiB in use in bin. 384.0KiB client-requested in use in bin.
I0000 00:00:1783352557.352522 4050889 bfc_allocator.cc:1056] Bin (262144): 	Total Chunks: 3, Chunks in use: 1. 914.0KiB allocated for chunks. 272.0KiB in use in bin. 192.0KiB client-requested in use in bin.
I0000 00:00:1783352557.352527 4050889 bfc_allocator.cc:1056] Bin (524288): 	Total Chunks: 3, Chunks in use: 3. 1.99MiB allocated for chunks. 1.99MiB in use in bin. 1.69MiB client-requested in use in bin.
I0000 00:00:1783352557.352532 4050889 bfc_allocator.cc:1056] Bin (1048576): 	Total Chunks: 45, Chunks in use: 40. 51.85MiB allocated for chunks. 45.72MiB in use in bin. 45.00MiB client-requested in use in bin.
I0000 00:00:1783352557.352540 4050889 bfc_allocator.cc:1056] Bin (2097152): 	Total Chunks: 1, Chunks in use: 1. 2.03MiB allocated for chunks. 2.03MiB in use in bin. 1.12MiB client-requested in use in bin.
I0000 00:00:1783352557.352559 4050889 bfc_allocator.cc:1056] Bin (4194304): 	Total Chunks: 2, Chunks in use: 1. 9.78MiB allocated for chunks. 4.15MiB in use in bin. 4.15MiB client-requested in use in bin.
I0000 00:00:1783352557.352564 4050889 bfc_allocator.cc:1056] Bin (8388608): 	Total Chunks: 0, Chunks in use: 0. 0B allocated for chunks. 0B in use in bin. 0B client-requested in use in bin.
I0000 00:00:1783352557.352571 4050889 bfc_allocator.cc:1056] Bin (16777216): 	Total Chunks: 3, Chunks in use: 0. 58.85MiB allocated for chunks. 0B in use in bin. 0B client-requested in use in bin.
I0000 00:00:1783352557.352578 4050889 bfc_allocator.cc:1056] Bin (33554432): 	Total Chunks: 18, Chunks in use: 18. 701.19MiB allocated for chunks. 701.19MiB in use in bin. 688.50MiB client-requested in use in bin.
I0000 00:00:1783352557.352586 4050889 bfc_allocator.cc:1056] Bin (67108864): 	Total Chunks: 2, Chunks in use: 2. 134.07MiB allocated for chunks. 134.07MiB in use in bin. 76.50MiB client-requested in use in bin.
I0000 00:00:1783352557.352591 4050889 bfc_allocator.cc:1056] Bin (134217728): 	Total Chunks: 0, Chunks in use: 0. 0B allocated for chunks. 0B in use in bin. 0B client-requested in use in bin.
I0000 00:00:1783352557.352596 4050889 bfc_allocator.cc:1056] Bin (268435456): 	Total Chunks: 0, Chunks in use: 0. 0B allocated for chunks. 0B in use in bin. 0B client-requested in use in bin.
I0000 00:00:1783352557.352601 4050889 bfc_allocator.cc:1072] Bin for 38.25MiB was 32.00MiB, Chunk State: 
I0000 00:00:1783352557.352606 4050889 bfc_allocator.cc:1085] Next region of size 2097152
I0000 00:00:1783352557.352616 4050889 bfc_allocator.cc:1105] InUse at 32f000000 of size 1280 next 1
I0000 00:00:1783352557.352622 4050889 bfc_allocator.cc:1105] InUse at 32f000500 of size 256 next 2
I0000 00:00:1783352557.352627 4050889 bfc_allocator.cc:1105] InUse at 32f000600 of size 256 next 3
I0000 00:00:1783352557.352631 4050889 bfc_allocator.cc:1105] InUse at 32f000700 of size 256 next 4
I0000 00:00:1783352557.352637 4050889 bfc_allocator.cc:1105] InUse at 32f000800 of size 256 next 5
I0000 00:00:1783352557.352641 4050889 bfc_allocator.cc:1105] InUse at 32f000900 of size 256 next 6
I0000 00:00:1783352557.352647 4050889 bfc_allocator.cc:1105] InUse at 32f000a00 of size 256 next 7
I0000 00:00:1783352557.352654 4050889 bfc_allocator.cc:1105] InUse at 32f000b00 of size 256 next 8
I0000 00:00:1783352557.352659 4050889 bfc_allocator.cc:1105] InUse at 32f000c00 of size 256 next 9
I0000 00:00:1783352557.352663 4050889 bfc_allocator.cc:1105] InUse at 32f000d00 of size 256 next 10
I0000 00:00:1783352557.352668 4050889 bfc_allocator.cc:1105] InUse at 32f000e00 of size 256 next 11
I0000 00:00:1783352557.352673 4050889 bfc_allocator.cc:1105] InUse at 32f000f00 of size 256 next 13
I0000 00:00:1783352557.352677 4050889 bfc_allocator.cc:1105] InUse at 32f001000 of size 256 next 14
I0000 00:00:1783352557.352681 4050889 bfc_allocator.cc:1105] InUse at 32f001100 of size 256 next 12
I0000 00:00:1783352557.352695 4050889 bfc_allocator.cc:1105] InUse at 32f001200 of size 256 next 18
I0000 00:00:1783352557.352708 4050889 bfc_allocator.cc:1105] InUse at 32f001300 of size 256 next 19
I0000 00:00:1783352557.352722 4050889 bfc_allocator.cc:1105] InUse at 32f001400 of size 256 next 15
I0000 00:00:1783352557.352734 4050889 bfc_allocator.cc:1105] InUse at 32f001500 of size 256 next 20
I0000 00:00:1783352557.352748 4050889 bfc_allocator.cc:1105] InUse at 32f001600 of size 256 next 21
I0000 00:00:1783352557.352759 4050889 bfc_allocator.cc:1105] InUse at 32f001700 of size 256 next 25
I0000 00:00:1783352557.352774 4050889 bfc_allocator.cc:1105] InUse at 32f001800 of size 256 next 23
I0000 00:00:1783352557.352783 4050889 bfc_allocator.cc:1105] InUse at 32f001900 of size 256 next 24
I0000 00:00:1783352557.352791 4050889 bfc_allocator.cc:1105] InUse at 32f001a00 of size 256 next 28
I0000 00:00:1783352557.352802 4050889 bfc_allocator.cc:1105] InUse at 32f001b00 of size 256 next 31
I0000 00:00:1783352557.352816 4050889 bfc_allocator.cc:1105] InUse at 32f001c00 of size 256 next 29
I0000 00:00:1783352557.352840 4050889 bfc_allocator.cc:1105] InUse at 32f001d00 of size 256 next 35
I0000 00:00:1783352557.352853 4050889 bfc_allocator.cc:1105] InUse at 32f001e00 of size 256 next 37
I0000 00:00:1783352557.352868 4050889 bfc_allocator.cc:1105] InUse at 32f001f00 of size 256 next 16
I0000 00:00:1783352557.352884 4050889 bfc_allocator.cc:1105] InUse at 32f002000 of size 1792 next 17
I0000 00:00:1783352557.352899 4050889 bfc_allocator.cc:1105] InUse at 32f002700 of size 3072 next 30
I0000 00:00:1783352557.352914 4050889 bfc_allocator.cc:1105] InUse at 32f003300 of size 256 next 39
I0000 00:00:1783352557.352925 4050889 bfc_allocator.cc:1105] InUse at 32f003400 of size 256 next 40
I0000 00:00:1783352557.352939 4050889 bfc_allocator.cc:1105] InUse at 32f003500 of size 256 next 38
I0000 00:00:1783352557.352952 4050889 bfc_allocator.cc:1105] InUse at 32f003600 of size 256 next 41
I0000 00:00:1783352557.352965 4050889 bfc_allocator.cc:1105] Free  at 32f003700 of size 256 next 44
I0000 00:00:1783352557.352979 4050889 bfc_allocator.cc:1105] InUse at 32f003800 of size 1792 next 45
I0000 00:00:1783352557.352985 4050889 bfc_allocator.cc:1105] InUse at 32f003f00 of size 2816 next 42
I0000 00:00:1783352557.352989 4050889 bfc_allocator.cc:1105] InUse at 32f004a00 of size 2560 next 43
I0000 00:00:1783352557.353056 4050889 bfc_allocator.cc:1105] InUse at 32f005400 of size 3072 next 47
I0000 00:00:1783352557.353109 4050889 bfc_allocator.cc:1105] InUse at 32f006000 of size 256 next 48
I0000 00:00:1783352557.353158 4050889 bfc_allocator.cc:1105] InUse at 32f006100 of size 256 next 49
I0000 00:00:1783352557.353205 4050889 bfc_allocator.cc:1105] InUse at 32f006200 of size 256 next 52
I0000 00:00:1783352557.353251 4050889 bfc_allocator.cc:1105] InUse at 32f006300 of size 17408 next 27
I0000 00:00:1783352557.353300 4050889 bfc_allocator.cc:1105] InUse at 32f00a700 of size 16384 next 26
I0000 00:00:1783352557.353347 4050889 bfc_allocator.cc:1105] InUse at 32f00e700 of size 98304 next 46
I0000 00:00:1783352557.353394 4050889 bfc_allocator.cc:1105] InUse at 32f026700 of size 256 next 54
I0000 00:00:1783352557.353440 4050889 bfc_allocator.cc:1105] InUse at 32f026800 of size 256 next 53
I0000 00:00:1783352557.353486 4050889 bfc_allocator.cc:1105] InUse at 32f026900 of size 256 next 55
I0000 00:00:1783352557.353532 4050889 bfc_allocator.cc:1105] InUse at 32f026a00 of size 256 next 56
I0000 00:00:1783352557.353579 4050889 bfc_allocator.cc:1105] InUse at 32f026b00 of size 256 next 57
I0000 00:00:1783352557.353619 4050889 bfc_allocator.cc:1105] InUse at 32f026c00 of size 256 next 58
I0000 00:00:1783352557.353629 4050889 bfc_allocator.cc:1105] InUse at 32f026d00 of size 256 next 59
I0000 00:00:1783352557.353633 4050889 bfc_allocator.cc:1105] InUse at 32f026e00 of size 256 next 60
I0000 00:00:1783352557.353636 4050889 bfc_allocator.cc:1105] InUse at 32f026f00 of size 256 next 61
I0000 00:00:1783352557.353639 4050889 bfc_allocator.cc:1105] InUse at 32f027000 of size 256 next 62
I0000 00:00:1783352557.353641 4050889 bfc_allocator.cc:1105] InUse at 32f027100 of size 256 next 64
I0000 00:00:1783352557.353644 4050889 bfc_allocator.cc:1105] InUse at 32f027200 of size 256 next 63
I0000 00:00:1783352557.353647 4050889 bfc_allocator.cc:1105] InUse at 32f027300 of size 256 next 65
I0000 00:00:1783352557.353650 4050889 bfc_allocator.cc:1105] InUse at 32f027400 of size 256 next 66
I0000 00:00:1783352557.353653 4050889 bfc_allocator.cc:1105] InUse at 32f027500 of size 256 next 143
I0000 00:00:1783352557.353656 4050889 bfc_allocator.cc:1105] InUse at 32f027600 of size 256 next 69
I0000 00:00:1783352557.353658 4050889 bfc_allocator.cc:1105] Free  at 32f027700 of size 94208 next 33
I0000 00:00:1783352557.353661 4050889 bfc_allocator.cc:1105] InUse at 32f03e700 of size 98304 next 32
I0000 00:00:1783352557.353663 4050889 bfc_allocator.cc:1105] Free  at 32f056700 of size 3840 next 67
I0000 00:00:1783352557.353666 4050889 bfc_allocator.cc:1105] InUse at 32f057600 of size 256 next 93
I0000 00:00:1783352557.353668 4050889 bfc_allocator.cc:1105] InUse at 32f057700 of size 256 next 265
I0000 00:00:1783352557.353677 4050889 bfc_allocator.cc:1105] Free  at 32f057800 of size 1792 next 101
I0000 00:00:1783352557.353680 4050889 bfc_allocator.cc:1105] InUse at 32f057f00 of size 256 next 102
I0000 00:00:1783352557.353682 4050889 bfc_allocator.cc:1105] Free  at 32f058000 of size 7936 next 128
I0000 00:00:1783352557.353685 4050889 bfc_allocator.cc:1105] InUse at 32f059f00 of size 256 next 129
I0000 00:00:1783352557.353687 4050889 bfc_allocator.cc:1105] Free  at 32f05a000 of size 5632 next 151
I0000 00:00:1783352557.353690 4050889 bfc_allocator.cc:1105] InUse at 32f05b600 of size 256 next 152
I0000 00:00:1783352557.353693 4050889 bfc_allocator.cc:1105] InUse at 32f05b700 of size 256 next 153
I0000 00:00:1783352557.353696 4050889 bfc_allocator.cc:1105] Free  at 32f05b800 of size 12800 next 76
I0000 00:00:1783352557.353699 4050889 bfc_allocator.cc:1105] InUse at 32f05ea00 of size 256 next 77
I0000 00:00:1783352557.353702 4050889 bfc_allocator.cc:1105] Free  at 32f05eb00 of size 359424 next 36
I0000 00:00:1783352557.353705 4050889 bfc_allocator.cc:1105] InUse at 32f0b6700 of size 196608 next 34
I0000 00:00:1783352557.353708 4050889 bfc_allocator.cc:1105] InUse at 32f0e6700 of size 245760 next 22
I0000 00:00:1783352557.353711 4050889 bfc_allocator.cc:1105] InUse at 32f122700 of size 907520 next 18446744073709551615
I0000 00:00:1783352557.353713 4050889 bfc_allocator.cc:1085] Next region of size 4194304
I0000 00:00:1783352557.353718 4050889 bfc_allocator.cc:1105] InUse at 32f600000 of size 589824 next 51
I0000 00:00:1783352557.353720 4050889 bfc_allocator.cc:1105] Free  at 32f690000 of size 297984 next 105
I0000 00:00:1783352557.353723 4050889 bfc_allocator.cc:1105] InUse at 32f6d8c00 of size 1179648 next 157
I0000 00:00:1783352557.353726 4050889 bfc_allocator.cc:1105] InUse at 32f7f8c00 of size 2126848 next 18446744073709551615
I0000 00:00:1783352557.353729 4050889 bfc_allocator.cc:1085] Next region of size 8388608
I0000 00:00:1783352557.353732 4050889 bfc_allocator.cc:1105] InUse at 32fa00000 of size 1179648 next 158
I0000 00:00:1783352557.353734 4050889 bfc_allocator.cc:1105] InUse at 32fb20000 of size 1179648 next 162
I0000 00:00:1783352557.353737 4050889 bfc_allocator.cc:1105] InUse at 32fc40000 of size 1179648 next 163
I0000 00:00:1783352557.353740 4050889 bfc_allocator.cc:1105] InUse at 32fd60000 of size 1179648 next 164
I0000 00:00:1783352557.353743 4050889 bfc_allocator.cc:1105] InUse at 32fe80000 of size 1179648 next 165
I0000 00:00:1783352557.353745 4050889 bfc_allocator.cc:1105] InUse at 32ffa0000 of size 1179648 next 166
I0000 00:00:1783352557.353748 4050889 bfc_allocator.cc:1105] InUse at 3300c0000 of size 1310720 next 18446744073709551615
I0000 00:00:1783352557.353750 4050889 bfc_allocator.cc:1085] Next region of size 16777216
I0000 00:00:1783352557.353754 4050889 bfc_allocator.cc:1105] InUse at 330a00000 of size 4352000 next 156
I0000 00:00:1783352557.353756 4050889 bfc_allocator.cc:1105] InUse at 330e26800 of size 1179648 next 167
I0000 00:00:1783352557.353759 4050889 bfc_allocator.cc:1105] InUse at 330f46800 of size 1179648 next 168
I0000 00:00:1783352557.353762 4050889 bfc_allocator.cc:1105] InUse at 331066800 of size 1179648 next 169
I0000 00:00:1783352557.353765 4050889 bfc_allocator.cc:1105] InUse at 331186800 of size 1179648 next 170
I0000 00:00:1783352557.353767 4050889 bfc_allocator.cc:1105] InUse at 3312a6800 of size 1179648 next 171
I0000 00:00:1783352557.353770 4050889 bfc_allocator.cc:1105] InUse at 3313c6800 of size 1179648 next 172
I0000 00:00:1783352557.353772 4050889 bfc_allocator.cc:1105] InUse at 3314e6800 of size 1179648 next 173
I0000 00:00:1783352557.353775 4050889 bfc_allocator.cc:1105] InUse at 331606800 of size 1179648 next 174
I0000 00:00:1783352557.353777 4050889 bfc_allocator.cc:1105] InUse at 331726800 of size 1179648 next 175
I0000 00:00:1783352557.353780 4050889 bfc_allocator.cc:1105] InUse at 331846800 of size 1808384 next 18446744073709551615
I0000 00:00:1783352557.353782 4050889 bfc_allocator.cc:1085] Next region of size 33554432
I0000 00:00:1783352557.353789 4050889 bfc_allocator.cc:1105] InUse at 331a00000 of size 1179648 next 176
I0000 00:00:1783352557.353792 4050889 bfc_allocator.cc:1105] InUse at 331b20000 of size 1179648 next 177
I0000 00:00:1783352557.353795 4050889 bfc_allocator.cc:1105] InUse at 331c40000 of size 1179648 next 178
I0000 00:00:1783352557.353798 4050889 bfc_allocator.cc:1105] InUse at 331d60000 of size 1179648 next 179
I0000 00:00:1783352557.353800 4050889 bfc_allocator.cc:1105] InUse at 331e80000 of size 1179648 next 180
I0000 00:00:1783352557.353803 4050889 bfc_allocator.cc:1105] InUse at 331fa0000 of size 1179648 next 181
I0000 00:00:1783352557.353806 4050889 bfc_allocator.cc:1105] InUse at 3320c0000 of size 1179648 next 182
I0000 00:00:1783352557.353808 4050889 bfc_allocator.cc:1105] InUse at 3321e0000 of size 1179648 next 183
I0000 00:00:1783352557.353811 4050889 bfc_allocator.cc:1105] InUse at 332300000 of size 1179648 next 184
I0000 00:00:1783352557.353813 4050889 bfc_allocator.cc:1105] InUse at 332420000 of size 1179648 next 185
I0000 00:00:1783352557.353816 4050889 bfc_allocator.cc:1105] InUse at 332540000 of size 1179648 next 186
I0000 00:00:1783352557.353818 4050889 bfc_allocator.cc:1105] InUse at 332660000 of size 1179648 next 187
I0000 00:00:1783352557.353821 4050889 bfc_allocator.cc:1105] InUse at 332780000 of size 1179648 next 188
I0000 00:00:1783352557.353823 4050889 bfc_allocator.cc:1105] InUse at 3328a0000 of size 1179648 next 189
I0000 00:00:1783352557.353826 4050889 bfc_allocator.cc:1105] InUse at 3329c0000 of size 1179648 next 190
I0000 00:00:1783352557.353829 4050889 bfc_allocator.cc:1105] Free  at 332ae0000 of size 5898240 next 217
I0000 00:00:1783352557.353832 4050889 bfc_allocator.cc:1105] InUse at 333080000 of size 1179648 next 214
I0000 00:00:1783352557.353834 4050889 bfc_allocator.cc:1105] Free  at 3331a0000 of size 1179648 next 213
I0000 00:00:1783352557.353837 4050889 bfc_allocator.cc:1105] InUse at 3332c0000 of size 1179648 next 208
I0000 00:00:1783352557.353839 4050889 bfc_allocator.cc:1105] Free  at 3333e0000 of size 1179648 next 209
I0000 00:00:1783352557.353842 4050889 bfc_allocator.cc:1105] InUse at 333500000 of size 1179648 next 212
I0000 00:00:1783352557.353844 4050889 bfc_allocator.cc:1105] Free  at 333620000 of size 1179648 next 207
I0000 00:00:1783352557.353847 4050889 bfc_allocator.cc:1105] InUse at 333740000 of size 1179648 next 206
I0000 00:00:1783352557.353849 4050889 bfc_allocator.cc:1105] Free  at 333860000 of size 1703936 next 18446744073709551615
I0000 00:00:1783352557.353853 4050889 bfc_allocator.cc:1085] Next region of size 67108864
I0000 00:00:1783352557.353855 4050889 bfc_allocator.cc:1105] InUse at 334e00000 of size 1179648 next 205
I0000 00:00:1783352557.353858 4050889 bfc_allocator.cc:1105] Free  at 334f20000 of size 1179648 next 202
I0000 00:00:1783352557.353861 4050889 bfc_allocator.cc:1105] InUse at 335040000 of size 1179648 next 204
I0000 00:00:1783352557.353864 4050889 bfc_allocator.cc:1105] Free  at 335160000 of size 20054016 next 218
I0000 00:00:1783352557.353868 4050889 bfc_allocator.cc:1105] InUse at 336480000 of size 1179648 next 316
I0000 00:00:1783352557.353870 4050889 bfc_allocator.cc:1105] Free  at 3365a0000 of size 20237312 next 299
I0000 00:00:1783352557.353873 4050889 bfc_allocator.cc:1105] InUse at 3378ecc00 of size 29696 next 127
I0000 00:00:1783352557.353876 4050889 bfc_allocator.cc:1105] InUse at 3378f4000 of size 256 next 70
I0000 00:00:1783352557.353878 4050889 bfc_allocator.cc:1105] InUse at 3378f4100 of size 5632 next 136
I0000 00:00:1783352557.353881 4050889 bfc_allocator.cc:1105] InUse at 3378f5700 of size 2560 next 147
I0000 00:00:1783352557.353883 4050889 bfc_allocator.cc:1105] Free  at 3378f6100 of size 98304 next 298
I0000 00:00:1783352557.353886 4050889 bfc_allocator.cc:1105] InUse at 33790e100 of size 114432 next 323
I0000 00:00:1783352557.353888 4050889 bfc_allocator.cc:1105] Free  at 33792a000 of size 155648 next 370
I0000 00:00:1783352557.353891 4050889 bfc_allocator.cc:1105] InUse at 337950000 of size 278528 next 68
I0000 00:00:1783352557.353897 4050889 bfc_allocator.cc:1105] Free  at 337994000 of size 21413888 next 18446744073709551615
I0000 00:00:1783352557.353899 4050889 bfc_allocator.cc:1085] Next region of size 473767936
I0000 00:00:1783352557.353904 4050889 bfc_allocator.cc:1105] InUse at e5c220000000 of size 40108032 next 319
I0000 00:00:1783352557.353906 4050889 bfc_allocator.cc:1105] InUse at e5c222640000 of size 40108032 next 195
I0000 00:00:1783352557.353909 4050889 bfc_allocator.cc:1105] InUse at e5c224c80000 of size 40108032 next 221
I0000 00:00:1783352557.353911 4050889 bfc_allocator.cc:1105] InUse at e5c2272c0000 of size 40108032 next 191
I0000 00:00:1783352557.353914 4050889 bfc_allocator.cc:1105] InUse at e5c229900000 of size 40108032 next 196
I0000 00:00:1783352557.353917 4050889 bfc_allocator.cc:1105] InUse at e5c22bf40000 of size 40108032 next 365
I0000 00:00:1783352557.353920 4050889 bfc_allocator.cc:1105] InUse at e5c22e580000 of size 40108032 next 194
I0000 00:00:1783352557.353922 4050889 bfc_allocator.cc:1105] InUse at e5c230bc0000 of size 40108032 next 222
I0000 00:00:1783352557.353925 4050889 bfc_allocator.cc:1105] InUse at e5c233200000 of size 40108032 next 192
I0000 00:00:1783352557.353928 4050889 bfc_allocator.cc:1105] InUse at e5c235840000 of size 40108032 next 215
I0000 00:00:1783352557.353931 4050889 bfc_allocator.cc:1105] InUse at e5c237e80000 of size 72687616 next 18446744073709551615
I0000 00:00:1783352557.353934 4050889 bfc_allocator.cc:1085] Next region of size 268435456
I0000 00:00:1783352557.353936 4050889 bfc_allocator.cc:1105] InUse at e5c240000000 of size 40108032 next 256
I0000 00:00:1783352557.353939 4050889 bfc_allocator.cc:1105] InUse at e5c242640000 of size 40108032 next 199
I0000 00:00:1783352557.353942 4050889 bfc_allocator.cc:1105] InUse at e5c244c80000 of size 40108032 next 198
I0000 00:00:1783352557.353945 4050889 bfc_allocator.cc:1105] InUse at e5c2472c0000 of size 40108032 next 95
I0000 00:00:1783352557.353947 4050889 bfc_allocator.cc:1105] InUse at e5c249900000 of size 40108032 next 197
I0000 00:00:1783352557.353950 4050889 bfc_allocator.cc:1105] InUse at e5c24bf40000 of size 67895296 next 18446744073709551615
I0000 00:00:1783352557.353952 4050889 bfc_allocator.cc:1085] Next region of size 134217728
I0000 00:00:1783352557.353955 4050889 bfc_allocator.cc:1105] InUse at e5c280000000 of size 589824 next 279
I0000 00:00:1783352557.353958 4050889 bfc_allocator.cc:1105] InUse at e5c280090000 of size 40108032 next 309
I0000 00:00:1783352557.353960 4050889 bfc_allocator.cc:1105] InUse at e5c2826d0000 of size 40108032 next 203
I0000 00:00:1783352557.353963 4050889 bfc_allocator.cc:1105] InUse at e5c284d10000 of size 53411840 next 18446744073709551615
I0000 00:00:1783352557.353966 4050889 bfc_allocator.cc:1110]      Summary of in-use Chunks by size: 
I0000 00:00:1783352557.353968 4050889 bfc_allocator.cc:1113] 58 Chunks of size 256 totalling 14.5KiB
I0000 00:00:1783352557.353974 4050889 bfc_allocator.cc:1113] 1 Chunks of size 1280 totalling 1.2KiB
I0000 00:00:1783352557.353977 4050889 bfc_allocator.cc:1113] 2 Chunks of size 1792 totalling 3.5KiB
I0000 00:00:1783352557.353980 4050889 bfc_allocator.cc:1113] 2 Chunks of size 2560 totalling 5.0KiB
I0000 00:00:1783352557.353983 4050889 bfc_allocator.cc:1113] 1 Chunks of size 2816 totalling 2.8KiB
I0000 00:00:1783352557.353986 4050889 bfc_allocator.cc:1113] 2 Chunks of size 3072 totalling 6.0KiB
I0000 00:00:1783352557.353988 4050889 bfc_allocator.cc:1113] 1 Chunks of size 5632 totalling 5.5KiB
I0000 00:00:1783352557.353991 4050889 bfc_allocator.cc:1113] 1 Chunks of size 16384 totalling 16.0KiB
I0000 00:00:1783352557.353994 4050889 bfc_allocator.cc:1113] 1 Chunks of size 17408 totalling 17.0KiB
I0000 00:00:1783352557.353997 4050889 bfc_allocator.cc:1113] 1 Chunks of size 29696 totalling 29.0KiB
I0000 00:00:1783352557.354069 4050889 bfc_allocator.cc:1113] 2 Chunks of size 98304 totalling 192.0KiB
I0000 00:00:1783352557.354118 4050889 bfc_allocator.cc:1113] 1 Chunks of size 114432 totalling 111.8KiB
I0000 00:00:1783352557.354167 4050889 bfc_allocator.cc:1113] 1 Chunks of size 196608 totalling 192.0KiB
I0000 00:00:1783352557.354224 4050889 bfc_allocator.cc:1113] 1 Chunks of size 245760 totalling 240.0KiB
I0000 00:00:1783352557.354267 4050889 bfc_allocator.cc:1113] 1 Chunks of size 278528 totalling 272.0KiB
I0000 00:00:1783352557.354279 4050889 bfc_allocator.cc:1113] 2 Chunks of size 589824 totalling 1.12MiB
I0000 00:00:1783352557.354284 4050889 bfc_allocator.cc:1113] 1 Chunks of size 907520 totalling 886.2KiB
I0000 00:00:1783352557.354288 4050889 bfc_allocator.cc:1113] 38 Chunks of size 1179648 totalling 42.75MiB
I0000 00:00:1783352557.354292 4050889 bfc_allocator.cc:1113] 1 Chunks of size 1310720 totalling 1.25MiB
I0000 00:00:1783352557.354295 4050889 bfc_allocator.cc:1113] 1 Chunks of size 1808384 totalling 1.72MiB
I0000 00:00:1783352557.354300 4050889 bfc_allocator.cc:1113] 1 Chunks of size 2126848 totalling 2.03MiB
I0000 00:00:1783352557.354303 4050889 bfc_allocator.cc:1113] 1 Chunks of size 4352000 totalling 4.15MiB
I0000 00:00:1783352557.354306 4050889 bfc_allocator.cc:1113] 17 Chunks of size 40108032 totalling 650.25MiB
I0000 00:00:1783352557.354310 4050889 bfc_allocator.cc:1113] 1 Chunks of size 53411840 totalling 50.94MiB
I0000 00:00:1783352557.354313 4050889 bfc_allocator.cc:1113] 1 Chunks of size 67895296 totalling 64.75MiB
I0000 00:00:1783352557.354316 4050889 bfc_allocator.cc:1113] 1 Chunks of size 72687616 totalling 69.32MiB
I0000 00:00:1783352557.354318 4050889 bfc_allocator.cc:1117] Sum Total of in-use chunks: 890.23MiB
I0000 00:00:1783352557.354321 4050889 bfc_allocator.cc:1119] Total size in pool: 961.82MiB memory_limit_: 961.82MiB available size: 0B curr_region_allocation_bytes_: 1.00GiB
I0000 00:00:1783352557.354325 4050889 bfc_allocator.cc:1128] Stats: 
Limit:                       961.82MiB
InUse:                       890.23MiB
MaxInUse:                    899.74MiB
NumAllocs:                       44668
MaxAllocSize:                128.00MiB
Reserved:                           0B
PeakReserved:                       0B
LargestFreeBlock:                   0B

W0000 00:00:1783352557.354332 4050889 bfc_allocator.cc:513] *******_*_*__********************************************xxx************************xx*************x
W0000 00:00:1783352557.354350 4050889 op_kernel.cc:1858] OP_REQUIRES failed at strided_slice_op.cc:257 : RESOURCE_EXHAUSTED: OOM when allocating tensor with shape[34,32,6,96,16] and type float on /job:localhost/replica:0/task:0/device:GPU:0 by allocator GPU_0_bfc
W0000 00:00:1783352567.354564 4050889 bfc_allocator.cc:502] Allocator (GPU_0_bfc) ran out of memory trying to allocate 38.25MiB (rounded to 40108032)requested by op StatefulPartitionedCall/gradient_tape/widar3_1/time_distributed_1_2/strided_slice_31/StridedSliceGrad
If the cause is memory fragmentation maybe the environment variable 'TF_GPU_ALLOCATOR=cuda_malloc_async' will improve the situation. 
Current allocation summary follows.
Current allocation summary follows.
I0000 00:00:1783352567.354932 4050889 bfc_allocator.cc:1049] BFCAllocator dump for GPU_0_bfc
I0000 00:00:1783352567.354986 4050889 bfc_allocator.cc:1056] Bin (256): 	Total Chunks: 59, Chunks in use: 58. 14.8KiB allocated for chunks. 14.5KiB in use in bin. 1.9KiB client-requested in use in bin.
I0000 00:00:1783352567.355057 4050889 bfc_allocator.cc:1056] Bin (512): 	Total Chunks: 0, Chunks in use: 0. 0B allocated for chunks. 0B in use in bin. 0B client-requested in use in bin.
I0000 00:00:1783352567.355109 4050889 bfc_allocator.cc:1056] Bin (1024): 	Total Chunks: 4, Chunks in use: 3. 6.5KiB allocated for chunks. 4.8KiB in use in bin. 4.1KiB client-requested in use in bin.
I0000 00:00:1783352567.355153 4050889 bfc_allocator.cc:1056] Bin (2048): 	Total Chunks: 6, Chunks in use: 5. 17.5KiB allocated for chunks. 13.8KiB in use in bin. 13.5KiB client-requested in use in bin.
I0000 00:00:1783352567.355166 4050889 bfc_allocator.cc:1056] Bin (4096): 	Total Chunks: 3, Chunks in use: 1. 18.8KiB allocated for chunks. 5.5KiB in use in bin. 3.0KiB client-requested in use in bin.
I0000 00:00:1783352567.355172 4050889 bfc_allocator.cc:1056] Bin (8192): 	Total Chunks: 1, Chunks in use: 0. 12.5KiB allocated for chunks. 0B in use in bin. 0B client-requested in use in bin.
I0000 00:00:1783352567.355195 4050889 bfc_allocator.cc:1056] Bin (16384): 	Total Chunks: 3, Chunks in use: 3. 62.0KiB allocated for chunks. 62.0KiB in use in bin. 48.0KiB client-requested in use in bin.
I0000 00:00:1783352567.355200 4050889 bfc_allocator.cc:1056] Bin (32768): 	Total Chunks: 0, Chunks in use: 0. 0B allocated for chunks. 0B in use in bin. 0B client-requested in use in bin.
I0000 00:00:1783352567.355203 4050889 bfc_allocator.cc:1056] Bin (65536): 	Total Chunks: 5, Chunks in use: 3. 491.8KiB allocated for chunks. 303.8KiB in use in bin. 288.0KiB client-requested in use in bin.
I0000 00:00:1783352567.355206 4050889 bfc_allocator.cc:1056] Bin (131072): 	Total Chunks: 3, Chunks in use: 2. 584.0KiB allocated for chunks. 432.0KiB in use in bin. 384.0KiB client-requested in use in bin.
I0000 00:00:1783352567.355210 4050889 bfc_allocator.cc:1056] Bin (262144): 	Total Chunks: 3, Chunks in use: 1. 914.0KiB allocated for chunks. 272.0KiB in use in bin. 192.0KiB client-requested in use in bin.
I0000 00:00:1783352567.355214 4050889 bfc_allocator.cc:1056] Bin (524288): 	Total Chunks: 3, Chunks in use: 3. 1.99MiB allocated for chunks. 1.99MiB in use in bin. 1.69MiB client-requested in use in bin.
I0000 00:00:1783352567.355217 4050889 bfc_allocator.cc:1056] Bin (1048576): 	Total Chunks: 42, Chunks in use: 38. 48.47MiB allocated for chunks. 43.47MiB in use in bin. 42.75MiB client-requested in use in bin.
I0000 00:00:1783352567.355221 4050889 bfc_allocator.cc:1056] Bin (2097152): 	Total Chunks: 1, Chunks in use: 1. 2.03MiB allocated for chunks. 2.03MiB in use in bin. 1.12MiB client-requested in use in bin.
I0000 00:00:1783352567.355225 4050889 bfc_allocator.cc:1056] Bin (4194304): 	Total Chunks: 2, Chunks in use: 1. 12.03MiB allocated for chunks. 4.15MiB in use in bin. 4.15MiB client-requested in use in bin.
I0000 00:00:1783352567.355230 4050889 bfc_allocator.cc:1056] Bin (8388608): 	Total Chunks: 0, Chunks in use: 0. 0B allocated for chunks. 0B in use in bin. 0B client-requested in use in bin.
I0000 00:00:1783352567.355234 4050889 bfc_allocator.cc:1056] Bin (16777216): 	Total Chunks: 1, Chunks in use: 0. 20.42MiB allocated for chunks. 0B in use in bin. 0B client-requested in use in bin.
I0000 00:00:1783352567.355237 4050889 bfc_allocator.cc:1056] Bin (33554432): 	Total Chunks: 19, Chunks in use: 19. 740.74MiB allocated for chunks. 740.74MiB in use in bin. 726.75MiB client-requested in use in bin.
I0000 00:00:1783352567.355241 4050889 bfc_allocator.cc:1056] Bin (67108864): 	Total Chunks: 2, Chunks in use: 2. 134.07MiB allocated for chunks. 134.07MiB in use in bin. 76.50MiB client-requested in use in bin.
I0000 00:00:1783352567.355244 4050889 bfc_allocator.cc:1056] Bin (134217728): 	Total Chunks: 0, Chunks in use: 0. 0B allocated for chunks. 0B in use in bin. 0B client-requested in use in bin.
I0000 00:00:1783352567.355247 4050889 bfc_allocator.cc:1056] Bin (268435456): 	Total Chunks: 0, Chunks in use: 0. 0B allocated for chunks. 0B in use in bin. 0B client-requested in use in bin.
I0000 00:00:1783352567.355250 4050889 bfc_allocator.cc:1072] Bin for 38.25MiB was 32.00MiB, Chunk State: 
I0000 00:00:1783352567.355256 4050889 bfc_allocator.cc:1085] Next region of size 2097152
I0000 00:00:1783352567.355262 4050889 bfc_allocator.cc:1105] InUse at 32f000000 of size 1280 next 1
I0000 00:00:1783352567.355265 4050889 bfc_allocator.cc:1105] InUse at 32f000500 of size 256 next 2
I0000 00:00:1783352567.355268 4050889 bfc_allocator.cc:1105] InUse at 32f000600 of size 256 next 3
I0000 00:00:1783352567.355271 4050889 bfc_allocator.cc:1105] InUse at 32f000700 of size 256 next 4
I0000 00:00:1783352567.355274 4050889 bfc_allocator.cc:1105] InUse at 32f000800 of size 256 next 5
I0000 00:00:1783352567.355276 4050889 bfc_allocator.cc:1105] InUse at 32f000900 of size 256 next 6
I0000 00:00:1783352567.355282 4050889 bfc_allocator.cc:1105] InUse at 32f000a00 of size 256 next 7
I0000 00:00:1783352567.355288 4050889 bfc_allocator.cc:1105] InUse at 32f000b00 of size 256 next 8
I0000 00:00:1783352567.355291 4050889 bfc_allocator.cc:1105] InUse at 32f000c00 of size 256 next 9
I0000 00:00:1783352567.355294 4050889 bfc_allocator.cc:1105] InUse at 32f000d00 of size 256 next 10
I0000 00:00:1783352567.355296 4050889 bfc_allocator.cc:1105] InUse at 32f000e00 of size 256 next 11
I0000 00:00:1783352567.355299 4050889 bfc_allocator.cc:1105] InUse at 32f000f00 of size 256 next 13
I0000 00:00:1783352567.355302 4050889 bfc_allocator.cc:1105] InUse at 32f001000 of size 256 next 14
I0000 00:00:1783352567.355304 4050889 bfc_allocator.cc:1105] InUse at 32f001100 of size 256 next 12
I0000 00:00:1783352567.355307 4050889 bfc_allocator.cc:1105] InUse at 32f001200 of size 256 next 18
I0000 00:00:1783352567.355310 4050889 bfc_allocator.cc:1105] InUse at 32f001300 of size 256 next 19
I0000 00:00:1783352567.355313 4050889 bfc_allocator.cc:1105] InUse at 32f001400 of size 256 next 15
I0000 00:00:1783352567.355316 4050889 bfc_allocator.cc:1105] InUse at 32f001500 of size 256 next 20
I0000 00:00:1783352567.355319 4050889 bfc_allocator.cc:1105] InUse at 32f001600 of size 256 next 21
I0000 00:00:1783352567.355321 4050889 bfc_allocator.cc:1105] InUse at 32f001700 of size 256 next 25
I0000 00:00:1783352567.355325 4050889 bfc_allocator.cc:1105] InUse at 32f001800 of size 256 next 23
I0000 00:00:1783352567.355327 4050889 bfc_allocator.cc:1105] InUse at 32f001900 of size 256 next 24
I0000 00:00:1783352567.355330 4050889 bfc_allocator.cc:1105] InUse at 32f001a00 of size 256 next 28
I0000 00:00:1783352567.355332 4050889 bfc_allocator.cc:1105] InUse at 32f001b00 of size 256 next 31
I0000 00:00:1783352567.355335 4050889 bfc_allocator.cc:1105] InUse at 32f001c00 of size 256 next 29
I0000 00:00:1783352567.355337 4050889 bfc_allocator.cc:1105] InUse at 32f001d00 of size 256 next 35
I0000 00:00:1783352567.355340 4050889 bfc_allocator.cc:1105] InUse at 32f001e00 of size 256 next 37
I0000 00:00:1783352567.355343 4050889 bfc_allocator.cc:1105] InUse at 32f001f00 of size 256 next 16
I0000 00:00:1783352567.355345 4050889 bfc_allocator.cc:1105] InUse at 32f002000 of size 1792 next 17
I0000 00:00:1783352567.355348 4050889 bfc_allocator.cc:1105] InUse at 32f002700 of size 3072 next 30
I0000 00:00:1783352567.355351 4050889 bfc_allocator.cc:1105] InUse at 32f003300 of size 256 next 39
I0000 00:00:1783352567.355354 4050889 bfc_allocator.cc:1105] InUse at 32f003400 of size 256 next 40
I0000 00:00:1783352567.355356 4050889 bfc_allocator.cc:1105] InUse at 32f003500 of size 256 next 38
I0000 00:00:1783352567.355358 4050889 bfc_allocator.cc:1105] InUse at 32f003600 of size 256 next 41
I0000 00:00:1783352567.355361 4050889 bfc_allocator.cc:1105] Free  at 32f003700 of size 256 next 44
I0000 00:00:1783352567.355363 4050889 bfc_allocator.cc:1105] InUse at 32f003800 of size 1792 next 45
I0000 00:00:1783352567.355366 4050889 bfc_allocator.cc:1105] InUse at 32f003f00 of size 2816 next 42
I0000 00:00:1783352567.355368 4050889 bfc_allocator.cc:1105] InUse at 32f004a00 of size 2560 next 43
I0000 00:00:1783352567.355372 4050889 bfc_allocator.cc:1105] InUse at 32f005400 of size 3072 next 47
I0000 00:00:1783352567.355376 4050889 bfc_allocator.cc:1105] InUse at 32f006000 of size 256 next 48
I0000 00:00:1783352567.355379 4050889 bfc_allocator.cc:1105] InUse at 32f006100 of size 256 next 49
I0000 00:00:1783352567.355381 4050889 bfc_allocator.cc:1105] InUse at 32f006200 of size 256 next 52
I0000 00:00:1783352567.355384 4050889 bfc_allocator.cc:1105] InUse at 32f006300 of size 17408 next 27
I0000 00:00:1783352567.355388 4050889 bfc_allocator.cc:1105] InUse at 32f00a700 of size 16384 next 26
I0000 00:00:1783352567.355391 4050889 bfc_allocator.cc:1105] InUse at 32f00e700 of size 98304 next 46
I0000 00:00:1783352567.355393 4050889 bfc_allocator.cc:1105] InUse at 32f026700 of size 256 next 54
I0000 00:00:1783352567.355396 4050889 bfc_allocator.cc:1105] InUse at 32f026800 of size 256 next 53
I0000 00:00:1783352567.355399 4050889 bfc_allocator.cc:1105] InUse at 32f026900 of size 256 next 55
I0000 00:00:1783352567.355423 4050889 bfc_allocator.cc:1105] InUse at 32f026a00 of size 256 next 56
I0000 00:00:1783352567.355426 4050889 bfc_allocator.cc:1105] InUse at 32f026b00 of size 256 next 57
I0000 00:00:1783352567.355428 4050889 bfc_allocator.cc:1105] InUse at 32f026c00 of size 256 next 58
I0000 00:00:1783352567.355431 4050889 bfc_allocator.cc:1105] InUse at 32f026d00 of size 256 next 59
I0000 00:00:1783352567.355434 4050889 bfc_allocator.cc:1105] InUse at 32f026e00 of size 256 next 60
I0000 00:00:1783352567.355436 4050889 bfc_allocator.cc:1105] InUse at 32f026f00 of size 256 next 61
I0000 00:00:1783352567.355439 4050889 bfc_allocator.cc:1105] InUse at 32f027000 of size 256 next 62
I0000 00:00:1783352567.355442 4050889 bfc_allocator.cc:1105] InUse at 32f027100 of size 256 next 64
I0000 00:00:1783352567.355445 4050889 bfc_allocator.cc:1105] InUse at 32f027200 of size 256 next 63
I0000 00:00:1783352567.355447 4050889 bfc_allocator.cc:1105] InUse at 32f027300 of size 256 next 65
I0000 00:00:1783352567.355450 4050889 bfc_allocator.cc:1105] InUse at 32f027400 of size 256 next 66
I0000 00:00:1783352567.355452 4050889 bfc_allocator.cc:1105] InUse at 32f027500 of size 256 next 143
I0000 00:00:1783352567.355457 4050889 bfc_allocator.cc:1105] InUse at 32f027600 of size 256 next 69
I0000 00:00:1783352567.355459 4050889 bfc_allocator.cc:1105] Free  at 32f027700 of size 94208 next 33
I0000 00:00:1783352567.355462 4050889 bfc_allocator.cc:1105] InUse at 32f03e700 of size 98304 next 32
I0000 00:00:1783352567.355466 4050889 bfc_allocator.cc:1105] Free  at 32f056700 of size 3840 next 67
I0000 00:00:1783352567.355468 4050889 bfc_allocator.cc:1105] InUse at 32f057600 of size 256 next 93
I0000 00:00:1783352567.355470 4050889 bfc_allocator.cc:1105] InUse at 32f057700 of size 256 next 265
I0000 00:00:1783352567.355473 4050889 bfc_allocator.cc:1105] Free  at 32f057800 of size 1792 next 101
I0000 00:00:1783352567.355476 4050889 bfc_allocator.cc:1105] InUse at 32f057f00 of size 256 next 102
I0000 00:00:1783352567.355478 4050889 bfc_allocator.cc:1105] Free  at 32f058000 of size 7936 next 128
I0000 00:00:1783352567.355481 4050889 bfc_allocator.cc:1105] InUse at 32f059f00 of size 256 next 129
I0000 00:00:1783352567.355483 4050889 bfc_allocator.cc:1105] Free  at 32f05a000 of size 5632 next 151
I0000 00:00:1783352567.355486 4050889 bfc_allocator.cc:1105] InUse at 32f05b600 of size 256 next 152
I0000 00:00:1783352567.355488 4050889 bfc_allocator.cc:1105] InUse at 32f05b700 of size 256 next 153
I0000 00:00:1783352567.355493 4050889 bfc_allocator.cc:1105] Free  at 32f05b800 of size 12800 next 76
I0000 00:00:1783352567.355497 4050889 bfc_allocator.cc:1105] InUse at 32f05ea00 of size 256 next 77
I0000 00:00:1783352567.355503 4050889 bfc_allocator.cc:1105] Free  at 32f05eb00 of size 359424 next 36
I0000 00:00:1783352567.355511 4050889 bfc_allocator.cc:1105] InUse at 32f0b6700 of size 196608 next 34
I0000 00:00:1783352567.355515 4050889 bfc_allocator.cc:1105] InUse at 32f0e6700 of size 245760 next 22
I0000 00:00:1783352567.355521 4050889 bfc_allocator.cc:1105] InUse at 32f122700 of size 907520 next 18446744073709551615
I0000 00:00:1783352567.355525 4050889 bfc_allocator.cc:1085] Next region of size 4194304
I0000 00:00:1783352567.355530 4050889 bfc_allocator.cc:1105] InUse at 32f600000 of size 589824 next 51
I0000 00:00:1783352567.355534 4050889 bfc_allocator.cc:1105] Free  at 32f690000 of size 297984 next 105
I0000 00:00:1783352567.355540 4050889 bfc_allocator.cc:1105] InUse at 32f6d8c00 of size 1179648 next 157
I0000 00:00:1783352567.355547 4050889 bfc_allocator.cc:1105] InUse at 32f7f8c00 of size 2126848 next 18446744073709551615
I0000 00:00:1783352567.355551 4050889 bfc_allocator.cc:1085] Next region of size 8388608
I0000 00:00:1783352567.355556 4050889 bfc_allocator.cc:1105] InUse at 32fa00000 of size 1179648 next 158
I0000 00:00:1783352567.355559 4050889 bfc_allocator.cc:1105] InUse at 32fb20000 of size 1179648 next 162
I0000 00:00:1783352567.355565 4050889 bfc_allocator.cc:1105] InUse at 32fc40000 of size 1179648 next 163
I0000 00:00:1783352567.355578 4050889 bfc_allocator.cc:1105] InUse at 32fd60000 of size 1179648 next 164
I0000 00:00:1783352567.355582 4050889 bfc_allocator.cc:1105] InUse at 32fe80000 of size 1179648 next 165
I0000 00:00:1783352567.355586 4050889 bfc_allocator.cc:1105] InUse at 32ffa0000 of size 1179648 next 166
I0000 00:00:1783352567.355591 4050889 bfc_allocator.cc:1105] InUse at 3300c0000 of size 1310720 next 18446744073709551615
I0000 00:00:1783352567.355596 4050889 bfc_allocator.cc:1085] Next region of size 16777216
I0000 00:00:1783352567.355601 4050889 bfc_allocator.cc:1105] InUse at 330a00000 of size 4352000 next 156
I0000 00:00:1783352567.355607 4050889 bfc_allocator.cc:1105] InUse at 330e26800 of size 1179648 next 167
I0000 00:00:1783352567.355612 4050889 bfc_allocator.cc:1105] InUse at 330f46800 of size 1179648 next 168
I0000 00:00:1783352567.355617 4050889 bfc_allocator.cc:1105] InUse at 331066800 of size 1179648 next 169
I0000 00:00:1783352567.355622 4050889 bfc_allocator.cc:1105] InUse at 331186800 of size 1179648 next 170
I0000 00:00:1783352567.355626 4050889 bfc_allocator.cc:1105] InUse at 3312a6800 of size 1179648 next 171
I0000 00:00:1783352567.355630 4050889 bfc_allocator.cc:1105] InUse at 3313c6800 of size 1179648 next 172
I0000 00:00:1783352567.355635 4050889 bfc_allocator.cc:1105] InUse at 3314e6800 of size 1179648 next 173
I0000 00:00:1783352567.355639 4050889 bfc_allocator.cc:1105] InUse at 331606800 of size 1179648 next 174
I0000 00:00:1783352567.355643 4050889 bfc_allocator.cc:1105] InUse at 331726800 of size 1179648 next 175
I0000 00:00:1783352567.355649 4050889 bfc_allocator.cc:1105] InUse at 331846800 of size 1808384 next 18446744073709551615
I0000 00:00:1783352567.355653 4050889 bfc_allocator.cc:1085] Next region of size 33554432
I0000 00:00:1783352567.355657 4050889 bfc_allocator.cc:1105] InUse at 331a00000 of size 1179648 next 176
I0000 00:00:1783352567.355663 4050889 bfc_allocator.cc:1105] InUse at 331b20000 of size 1179648 next 177
I0000 00:00:1783352567.355667 4050889 bfc_allocator.cc:1105] InUse at 331c40000 of size 1179648 next 178
I0000 00:00:1783352567.355672 4050889 bfc_allocator.cc:1105] InUse at 331d60000 of size 1179648 next 179
I0000 00:00:1783352567.355676 4050889 bfc_allocator.cc:1105] InUse at 331e80000 of size 1179648 next 180
I0000 00:00:1783352567.355679 4050889 bfc_allocator.cc:1105] InUse at 331fa0000 of size 1179648 next 181
I0000 00:00:1783352567.355685 4050889 bfc_allocator.cc:1105] InUse at 3320c0000 of size 1179648 next 182
I0000 00:00:1783352567.355688 4050889 bfc_allocator.cc:1105] InUse at 3321e0000 of size 1179648 next 183
I0000 00:00:1783352567.355692 4050889 bfc_allocator.cc:1105] InUse at 332300000 of size 1179648 next 184
I0000 00:00:1783352567.355697 4050889 bfc_allocator.cc:1105] InUse at 332420000 of size 1179648 next 185
I0000 00:00:1783352567.355702 4050889 bfc_allocator.cc:1105] InUse at 332540000 of size 1179648 next 186
I0000 00:00:1783352567.355707 4050889 bfc_allocator.cc:1105] InUse at 332660000 of size 1179648 next 187
I0000 00:00:1783352567.355712 4050889 bfc_allocator.cc:1105] InUse at 332780000 of size 1179648 next 188
I0000 00:00:1783352567.355716 4050889 bfc_allocator.cc:1105] InUse at 3328a0000 of size 1179648 next 189
I0000 00:00:1783352567.355721 4050889 bfc_allocator.cc:1105] InUse at 3329c0000 of size 1179648 next 190
I0000 00:00:1783352567.355725 4050889 bfc_allocator.cc:1105] Free  at 332ae0000 of size 8257536 next 213
I0000 00:00:1783352567.355729 4050889 bfc_allocator.cc:1105] InUse at 3332c0000 of size 1179648 next 208
I0000 00:00:1783352567.355733 4050889 bfc_allocator.cc:1105] Free  at 3333e0000 of size 1179648 next 209
I0000 00:00:1783352567.355736 4050889 bfc_allocator.cc:1105] InUse at 333500000 of size 1179648 next 212
I0000 00:00:1783352567.355741 4050889 bfc_allocator.cc:1105] Free  at 333620000 of size 1179648 next 207
I0000 00:00:1783352567.355745 4050889 bfc_allocator.cc:1105] InUse at 333740000 of size 1179648 next 206
I0000 00:00:1783352567.355749 4050889 bfc_allocator.cc:1105] Free  at 333860000 of size 1703936 next 18446744073709551615
I0000 00:00:1783352567.355758 4050889 bfc_allocator.cc:1085] Next region of size 67108864
I0000 00:00:1783352567.355763 4050889 bfc_allocator.cc:1105] InUse at 334e00000 of size 1179648 next 205
I0000 00:00:1783352567.355769 4050889 bfc_allocator.cc:1105] Free  at 334f20000 of size 1179648 next 202
I0000 00:00:1783352567.355774 4050889 bfc_allocator.cc:1105] InUse at 335040000 of size 1179648 next 204
I0000 00:00:1783352567.355778 4050889 bfc_allocator.cc:1105] InUse at 335160000 of size 41470976 next 299
I0000 00:00:1783352567.355781 4050889 bfc_allocator.cc:1105] InUse at 3378ecc00 of size 29696 next 127
I0000 00:00:1783352567.355783 4050889 bfc_allocator.cc:1105] InUse at 3378f4000 of size 256 next 70
I0000 00:00:1783352567.355786 4050889 bfc_allocator.cc:1105] InUse at 3378f4100 of size 5632 next 136
I0000 00:00:1783352567.355789 4050889 bfc_allocator.cc:1105] InUse at 3378f5700 of size 2560 next 147
I0000 00:00:1783352567.355793 4050889 bfc_allocator.cc:1105] Free  at 3378f6100 of size 98304 next 298
I0000 00:00:1783352567.355799 4050889 bfc_allocator.cc:1105] InUse at 33790e100 of size 114432 next 323
I0000 00:00:1783352567.355802 4050889 bfc_allocator.cc:1105] Free  at 33792a000 of size 155648 next 370
I0000 00:00:1783352567.355806 4050889 bfc_allocator.cc:1105] InUse at 337950000 of size 278528 next 68
I0000 00:00:1783352567.355809 4050889 bfc_allocator.cc:1105] Free  at 337994000 of size 21413888 next 18446744073709551615
I0000 00:00:1783352567.355812 4050889 bfc_allocator.cc:1085] Next region of size 473767936
I0000 00:00:1783352567.355817 4050889 bfc_allocator.cc:1105] InUse at e5c220000000 of size 40108032 next 319
I0000 00:00:1783352567.355820 4050889 bfc_allocator.cc:1105] InUse at e5c222640000 of size 40108032 next 195
I0000 00:00:1783352567.355823 4050889 bfc_allocator.cc:1105] InUse at e5c224c80000 of size 40108032 next 221
I0000 00:00:1783352567.355826 4050889 bfc_allocator.cc:1105] InUse at e5c2272c0000 of size 40108032 next 191
I0000 00:00:1783352567.355829 4050889 bfc_allocator.cc:1105] InUse at e5c229900000 of size 40108032 next 196
I0000 00:00:1783352567.355832 4050889 bfc_allocator.cc:1105] InUse at e5c22bf40000 of size 40108032 next 365
I0000 00:00:1783352567.355834 4050889 bfc_allocator.cc:1105] InUse at e5c22e580000 of size 40108032 next 194
I0000 00:00:1783352567.355838 4050889 bfc_allocator.cc:1105] InUse at e5c230bc0000 of size 40108032 next 222
I0000 00:00:1783352567.355841 4050889 bfc_allocator.cc:1105] InUse at e5c233200000 of size 40108032 next 192
I0000 00:00:1783352567.355843 4050889 bfc_allocator.cc:1105] InUse at e5c235840000 of size 40108032 next 215
I0000 00:00:1783352567.355847 4050889 bfc_allocator.cc:1105] InUse at e5c237e80000 of size 72687616 next 18446744073709551615
I0000 00:00:1783352567.355849 4050889 bfc_allocator.cc:1085] Next region of size 268435456
I0000 00:00:1783352567.355852 4050889 bfc_allocator.cc:1105] InUse at e5c240000000 of size 40108032 next 256
I0000 00:00:1783352567.355855 4050889 bfc_allocator.cc:1105] InUse at e5c242640000 of size 40108032 next 199
I0000 00:00:1783352567.355858 4050889 bfc_allocator.cc:1105] InUse at e5c244c80000 of size 40108032 next 198
I0000 00:00:1783352567.355861 4050889 bfc_allocator.cc:1105] InUse at e5c2472c0000 of size 40108032 next 95
I0000 00:00:1783352567.355864 4050889 bfc_allocator.cc:1105] InUse at e5c249900000 of size 40108032 next 197
I0000 00:00:1783352567.355867 4050889 bfc_allocator.cc:1105] InUse at e5c24bf40000 of size 67895296 next 18446744073709551615
I0000 00:00:1783352567.355870 4050889 bfc_allocator.cc:1085] Next region of size 134217728
I0000 00:00:1783352567.355873 4050889 bfc_allocator.cc:1105] InUse at e5c280000000 of size 589824 next 279
I0000 00:00:1783352567.355876 4050889 bfc_allocator.cc:1105] InUse at e5c280090000 of size 40108032 next 309
I0000 00:00:1783352567.355879 4050889 bfc_allocator.cc:1105] InUse at e5c2826d0000 of size 40108032 next 203
I0000 00:00:1783352567.355882 4050889 bfc_allocator.cc:1105] InUse at e5c284d10000 of size 53411840 next 18446744073709551615
I0000 00:00:1783352567.355884 4050889 bfc_allocator.cc:1110]      Summary of in-use Chunks by size: 
I0000 00:00:1783352567.355890 4050889 bfc_allocator.cc:1113] 58 Chunks of size 256 totalling 14.5KiB
I0000 00:00:1783352567.355896 4050889 bfc_allocator.cc:1113] 1 Chunks of size 1280 totalling 1.2KiB
I0000 00:00:1783352567.355900 4050889 bfc_allocator.cc:1113] 2 Chunks of size 1792 totalling 3.5KiB
I0000 00:00:1783352567.355902 4050889 bfc_allocator.cc:1113] 2 Chunks of size 2560 totalling 5.0KiB
I0000 00:00:1783352567.355905 4050889 bfc_allocator.cc:1113] 1 Chunks of size 2816 totalling 2.8KiB
I0000 00:00:1783352567.355909 4050889 bfc_allocator.cc:1113] 2 Chunks of size 3072 totalling 6.0KiB
I0000 00:00:1783352567.355912 4050889 bfc_allocator.cc:1113] 1 Chunks of size 5632 totalling 5.5KiB
I0000 00:00:1783352567.355915 4050889 bfc_allocator.cc:1113] 1 Chunks of size 16384 totalling 16.0KiB
I0000 00:00:1783352567.355918 4050889 bfc_allocator.cc:1113] 1 Chunks of size 17408 totalling 17.0KiB
I0000 00:00:1783352567.355921 4050889 bfc_allocator.cc:1113] 1 Chunks of size 29696 totalling 29.0KiB
I0000 00:00:1783352567.355924 4050889 bfc_allocator.cc:1113] 2 Chunks of size 98304 totalling 192.0KiB
I0000 00:00:1783352567.355927 4050889 bfc_allocator.cc:1113] 1 Chunks of size 114432 totalling 111.8KiB
I0000 00:00:1783352567.355930 4050889 bfc_allocator.cc:1113] 1 Chunks of size 196608 totalling 192.0KiB
I0000 00:00:1783352567.355933 4050889 bfc_allocator.cc:1113] 1 Chunks of size 245760 totalling 240.0KiB
I0000 00:00:1783352567.355936 4050889 bfc_allocator.cc:1113] 1 Chunks of size 278528 totalling 272.0KiB
I0000 00:00:1783352567.355939 4050889 bfc_allocator.cc:1113] 2 Chunks of size 589824 totalling 1.12MiB
I0000 00:00:1783352567.355942 4050889 bfc_allocator.cc:1113] 1 Chunks of size 907520 totalling 886.2KiB
I0000 00:00:1783352567.355945 4050889 bfc_allocator.cc:1113] 36 Chunks of size 1179648 totalling 40.50MiB
I0000 00:00:1783352567.355949 4050889 bfc_allocator.cc:1113] 1 Chunks of size 1310720 totalling 1.25MiB
I0000 00:00:1783352567.355952 4050889 bfc_allocator.cc:1113] 1 Chunks of size 1808384 totalling 1.72MiB
I0000 00:00:1783352567.355955 4050889 bfc_allocator.cc:1113] 1 Chunks of size 2126848 totalling 2.03MiB
I0000 00:00:1783352567.355958 4050889 bfc_allocator.cc:1113] 1 Chunks of size 4352000 totalling 4.15MiB
I0000 00:00:1783352567.355961 4050889 bfc_allocator.cc:1113] 17 Chunks of size 40108032 totalling 650.25MiB
I0000 00:00:1783352567.355964 4050889 bfc_allocator.cc:1113] 1 Chunks of size 41470976 totalling 39.55MiB
I0000 00:00:1783352567.355967 4050889 bfc_allocator.cc:1113] 1 Chunks of size 53411840 totalling 50.94MiB
I0000 00:00:1783352567.355970 4050889 bfc_allocator.cc:1113] 1 Chunks of size 67895296 totalling 64.75MiB
I0000 00:00:1783352567.355973 4050889 bfc_allocator.cc:1113] 1 Chunks of size 72687616 totalling 69.32MiB
I0000 00:00:1783352567.355976 4050889 bfc_allocator.cc:1117] Sum Total of in-use chunks: 927.53MiB
I0000 00:00:1783352567.355979 4050889 bfc_allocator.cc:1119] Total size in pool: 961.82MiB memory_limit_: 961.82MiB available size: 0B curr_region_allocation_bytes_: 1.00GiB
I0000 00:00:1783352567.355984 4050889 bfc_allocator.cc:1128] Stats: 
Limit:                       961.82MiB
InUse:                       927.53MiB
MaxInUse:                    928.66MiB
NumAllocs:                       44669
MaxAllocSize:                128.00MiB
Reserved:                           0B
PeakReserved:                       0B
LargestFreeBlock:                   0B

W0000 00:00:1783352567.355992 4050889 bfc_allocator.cc:513] ***********__********************************************xxx************************xx*************x
W0000 00:00:1783352567.356054 4050889 op_kernel.cc:1858] OP_REQUIRES failed at strided_slice_op.cc:257 : RESOURCE_EXHAUSTED: OOM when allocating tensor with shape[34,32,6,96,16] and type float on /job:localhost/replica:0/task:0/device:GPU:0 by allocator GPU_0_bfc
W0000 00:00:1783352577.356213 4050889 bfc_allocator.cc:502] Allocator (GPU_0_bfc) ran out of memory trying to allocate 38.25MiB (rounded to 40108032)requested by op StatefulPartitionedCall/gradient_tape/widar3_1/time_distributed_1_2/strided_slice_25/StridedSliceGrad
If the cause is memory fragmentation maybe the environment variable 'TF_GPU_ALLOCATOR=cuda_malloc_async' will improve the situation. 
Current allocation summary follows.
Current allocation summary follows.
I0000 00:00:1783352577.356318 4050889 bfc_allocator.cc:1049] BFCAllocator dump for GPU_0_bfc
I0000 00:00:1783352577.356325 4050889 bfc_allocator.cc:1056] Bin (256): 	Total Chunks: 59, Chunks in use: 58. 14.8KiB allocated for chunks. 14.5KiB in use in bin. 1.9KiB client-requested in use in bin.
I0000 00:00:1783352577.356332 4050889 bfc_allocator.cc:1056] Bin (512): 	Total Chunks: 0, Chunks in use: 0. 0B allocated for chunks. 0B in use in bin. 0B client-requested in use in bin.
I0000 00:00:1783352577.356338 4050889 bfc_allocator.cc:1056] Bin (1024): 	Total Chunks: 4, Chunks in use: 3. 6.5KiB allocated for chunks. 4.8KiB in use in bin. 4.1KiB client-requested in use in bin.
I0000 00:00:1783352577.356343 4050889 bfc_allocator.cc:1056] Bin (2048): 	Total Chunks: 6, Chunks in use: 5. 17.5KiB allocated for chunks. 13.8KiB in use in bin. 13.5KiB client-requested in use in bin.
I0000 00:00:1783352577.356348 4050889 bfc_allocator.cc:1056] Bin (4096): 	Total Chunks: 3, Chunks in use: 1. 18.8KiB allocated for chunks. 5.5KiB in use in bin. 3.0KiB client-requested in use in bin.
I0000 00:00:1783352577.356353 4050889 bfc_allocator.cc:1056] Bin (8192): 	Total Chunks: 1, Chunks in use: 0. 12.5KiB allocated for chunks. 0B in use in bin. 0B client-requested in use in bin.
I0000 00:00:1783352577.356357 4050889 bfc_allocator.cc:1056] Bin (16384): 	Total Chunks: 3, Chunks in use: 3. 62.0KiB allocated for chunks. 62.0KiB in use in bin. 48.0KiB client-requested in use in bin.
I0000 00:00:1783352577.356362 4050889 bfc_allocator.cc:1056] Bin (32768): 	Total Chunks: 0, Chunks in use: 0. 0B allocated for chunks. 0B in use in bin. 0B client-requested in use in bin.
I0000 00:00:1783352577.356366 4050889 bfc_allocator.cc:1056] Bin (65536): 	Total Chunks: 5, Chunks in use: 3. 491.8KiB allocated for chunks. 303.8KiB in use in bin. 288.0KiB client-requested in use in bin.
I0000 00:00:1783352577.356371 4050889 bfc_allocator.cc:1056] Bin (131072): 	Total Chunks: 3, Chunks in use: 2. 584.0KiB allocated for chunks. 432.0KiB in use in bin. 384.0KiB client-requested in use in bin.
I0000 00:00:1783352577.356376 4050889 bfc_allocator.cc:1056] Bin (262144): 	Total Chunks: 3, Chunks in use: 1. 914.0KiB allocated for chunks. 272.0KiB in use in bin. 192.0KiB client-requested in use in bin.
I0000 00:00:1783352577.356381 4050889 bfc_allocator.cc:1056] Bin (524288): 	Total Chunks: 3, Chunks in use: 3. 1.99MiB allocated for chunks. 1.99MiB in use in bin. 1.69MiB client-requested in use in bin.
I0000 00:00:1783352577.356385 4050889 bfc_allocator.cc:1056] Bin (1048576): 	Total Chunks: 39, Chunks in use: 37. 44.60MiB allocated for chunks. 42.35MiB in use in bin. 41.62MiB client-requested in use in bin.
I0000 00:00:1783352577.356390 4050889 bfc_allocator.cc:1056] Bin (2097152): 	Total Chunks: 2, Chunks in use: 1. 5.90MiB allocated for chunks. 2.03MiB in use in bin. 1.12MiB client-requested in use in bin.
I0000 00:00:1783352577.356395 4050889 bfc_allocator.cc:1056] Bin (4194304): 	Total Chunks: 2, Chunks in use: 1. 12.03MiB allocated for chunks. 4.15MiB in use in bin. 4.15MiB client-requested in use in bin.
I0000 00:00:1783352577.356399 4050889 bfc_allocator.cc:1056] Bin (8388608): 	Total Chunks: 0, Chunks in use: 0. 0B allocated for chunks. 0B in use in bin. 0B client-requested in use in bin.
I0000 00:00:1783352577.356404 4050889 bfc_allocator.cc:1056] Bin (16777216): 	Total Chunks: 1, Chunks in use: 0. 20.42MiB allocated for chunks. 0B in use in bin. 0B client-requested in use in bin.
I0000 00:00:1783352577.356408 4050889 bfc_allocator.cc:1056] Bin (33554432): 	Total Chunks: 19, Chunks in use: 19. 740.74MiB allocated for chunks. 740.74MiB in use in bin. 726.75MiB client-requested in use in bin.
I0000 00:00:1783352577.356413 4050889 bfc_allocator.cc:1056] Bin (67108864): 	Total Chunks: 2, Chunks in use: 2. 134.07MiB allocated for chunks. 134.07MiB in use in bin. 76.50MiB client-requested in use in bin.
I0000 00:00:1783352577.356420 4050889 bfc_allocator.cc:1056] Bin (134217728): 	Total Chunks: 0, Chunks in use: 0. 0B allocated for chunks. 0B in use in bin. 0B client-requested in use in bin.
I0000 00:00:1783352577.356425 4050889 bfc_allocator.cc:1056] Bin (268435456): 	Total Chunks: 0, Chunks in use: 0. 0B allocated for chunks. 0B in use in bin. 0B client-requested in use in bin.
I0000 00:00:1783352577.356429 4050889 bfc_allocator.cc:1072] Bin for 38.25MiB was 32.00MiB, Chunk State: 
I0000 00:00:1783352577.356435 4050889 bfc_allocator.cc:1085] Next region of size 2097152
I0000 00:00:1783352577.356441 4050889 bfc_allocator.cc:1105] InUse at 32f000000 of size 1280 next 1
I0000 00:00:1783352577.356445 4050889 bfc_allocator.cc:1105] InUse at 32f000500 of size 256 next 2
I0000 00:00:1783352577.356449 4050889 bfc_allocator.cc:1105] InUse at 32f000600 of size 256 next 3
I0000 00:00:1783352577.356453 4050889 bfc_allocator.cc:1105] InUse at 32f000700 of size 256 next 4
I0000 00:00:1783352577.356457 4050889 bfc_allocator.cc:1105] InUse at 32f000800 of size 256 next 5
I0000 00:00:1783352577.356460 4050889 bfc_allocator.cc:1105] InUse at 32f000900 of size 256 next 6
I0000 00:00:1783352577.356464 4050889 bfc_allocator.cc:1105] InUse at 32f000a00 of size 256 next 7
I0000 00:00:1783352577.356468 4050889 bfc_allocator.cc:1105] InUse at 32f000b00 of size 256 next 8
I0000 00:00:1783352577.356474 4050889 bfc_allocator.cc:1105] InUse at 32f000c00 of size 256 next 9
I0000 00:00:1783352577.356480 4050889 bfc_allocator.cc:1105] InUse at 32f000d00 of size 256 next 10
I0000 00:00:1783352577.356485 4050889 bfc_allocator.cc:1105] InUse at 32f000e00 of size 256 next 11
I0000 00:00:1783352577.356489 4050889 bfc_allocator.cc:1105] InUse at 32f000f00 of size 256 next 13
I0000 00:00:1783352577.356494 4050889 bfc_allocator.cc:1105] InUse at 32f001000 of size 256 next 14
I0000 00:00:1783352577.356499 4050889 bfc_allocator.cc:1105] InUse at 32f001100 of size 256 next 12
I0000 00:00:1783352577.356505 4050889 bfc_allocator.cc:1105] InUse at 32f001200 of size 256 next 18
I0000 00:00:1783352577.356510 4050889 bfc_allocator.cc:1105] InUse at 32f001300 of size 256 next 19
I0000 00:00:1783352577.356518 4050889 bfc_allocator.cc:1105] InUse at 32f001400 of size 256 next 15
I0000 00:00:1783352577.356523 4050889 bfc_allocator.cc:1105] InUse at 32f001500 of size 256 next 20
I0000 00:00:1783352577.356527 4050889 bfc_allocator.cc:1105] InUse at 32f001600 of size 256 next 21
I0000 00:00:1783352577.356532 4050889 bfc_allocator.cc:1105] InUse at 32f001700 of size 256 next 25
I0000 00:00:1783352577.356538 4050889 bfc_allocator.cc:1105] InUse at 32f001800 of size 256 next 23
I0000 00:00:1783352577.356543 4050889 bfc_allocator.cc:1105] InUse at 32f001900 of size 256 next 24
I0000 00:00:1783352577.356549 4050889 bfc_allocator.cc:1105] InUse at 32f001a00 of size 256 next 28
I0000 00:00:1783352577.356554 4050889 bfc_allocator.cc:1105] InUse at 32f001b00 of size 256 next 31
I0000 00:00:1783352577.356560 4050889 bfc_allocator.cc:1105] InUse at 32f001c00 of size 256 next 29
I0000 00:00:1783352577.356565 4050889 bfc_allocator.cc:1105] InUse at 32f001d00 of size 256 next 35
I0000 00:00:1783352577.356571 4050889 bfc_allocator.cc:1105] InUse at 32f001e00 of size 256 next 37
I0000 00:00:1783352577.356576 4050889 bfc_allocator.cc:1105] InUse at 32f001f00 of size 256 next 16
I0000 00:00:1783352577.356581 4050889 bfc_allocator.cc:1105] InUse at 32f002000 of size 1792 next 17
I0000 00:00:1783352577.356587 4050889 bfc_allocator.cc:1105] InUse at 32f002700 of size 3072 next 30
I0000 00:00:1783352577.356592 4050889 bfc_allocator.cc:1105] InUse at 32f003300 of size 256 next 39
I0000 00:00:1783352577.356597 4050889 bfc_allocator.cc:1105] InUse at 32f003400 of size 256 next 40
I0000 00:00:1783352577.356603 4050889 bfc_allocator.cc:1105] InUse at 32f003500 of size 256 next 38
I0000 00:00:1783352577.356608 4050889 bfc_allocator.cc:1105] InUse at 32f003600 of size 256 next 41
I0000 00:00:1783352577.356712 4050889 bfc_allocator.cc:1105] Free  at 32f003700 of size 256 next 44
I0000 00:00:1783352577.356767 4050889 bfc_allocator.cc:1105] InUse at 32f003800 of size 1792 next 45
I0000 00:00:1783352577.356816 4050889 bfc_allocator.cc:1105] InUse at 32f003f00 of size 2816 next 42
I0000 00:00:1783352577.356859 4050889 bfc_allocator.cc:1105] InUse at 32f004a00 of size 2560 next 43
I0000 00:00:1783352577.356872 4050889 bfc_allocator.cc:1105] InUse at 32f005400 of size 3072 next 47
I0000 00:00:1783352577.356876 4050889 bfc_allocator.cc:1105] InUse at 32f006000 of size 256 next 48
I0000 00:00:1783352577.356880 4050889 bfc_allocator.cc:1105] InUse at 32f006100 of size 256 next 49
I0000 00:00:1783352577.356886 4050889 bfc_allocator.cc:1105] InUse at 32f006200 of size 256 next 52
I0000 00:00:1783352577.356889 4050889 bfc_allocator.cc:1105] InUse at 32f006300 of size 17408 next 27
I0000 00:00:1783352577.356895 4050889 bfc_allocator.cc:1105] InUse at 32f00a700 of size 16384 next 26
I0000 00:00:1783352577.356900 4050889 bfc_allocator.cc:1105] InUse at 32f00e700 of size 98304 next 46
I0000 00:00:1783352577.356903 4050889 bfc_allocator.cc:1105] InUse at 32f026700 of size 256 next 54
I0000 00:00:1783352577.356908 4050889 bfc_allocator.cc:1105] InUse at 32f026800 of size 256 next 53
I0000 00:00:1783352577.356911 4050889 bfc_allocator.cc:1105] InUse at 32f026900 of size 256 next 55
I0000 00:00:1783352577.356914 4050889 bfc_allocator.cc:1105] InUse at 32f026a00 of size 256 next 56
I0000 00:00:1783352577.356916 4050889 bfc_allocator.cc:1105] InUse at 32f026b00 of size 256 next 57
I0000 00:00:1783352577.356919 4050889 bfc_allocator.cc:1105] InUse at 32f026c00 of size 256 next 58
I0000 00:00:1783352577.356922 4050889 bfc_allocator.cc:1105] InUse at 32f026d00 of size 256 next 59
I0000 00:00:1783352577.356925 4050889 bfc_allocator.cc:1105] InUse at 32f026e00 of size 256 next 60
I0000 00:00:1783352577.356928 4050889 bfc_allocator.cc:1105] InUse at 32f026f00 of size 256 next 61
I0000 00:00:1783352577.356931 4050889 bfc_allocator.cc:1105] InUse at 32f027000 of size 256 next 62
I0000 00:00:1783352577.356934 4050889 bfc_allocator.cc:1105] InUse at 32f027100 of size 256 next 64
I0000 00:00:1783352577.356936 4050889 bfc_allocator.cc:1105] InUse at 32f027200 of size 256 next 63
I0000 00:00:1783352577.356939 4050889 bfc_allocator.cc:1105] InUse at 32f027300 of size 256 next 65
I0000 00:00:1783352577.356942 4050889 bfc_allocator.cc:1105] InUse at 32f027400 of size 256 next 66
I0000 00:00:1783352577.356945 4050889 bfc_allocator.cc:1105] InUse at 32f027500 of size 256 next 143
I0000 00:00:1783352577.356947 4050889 bfc_allocator.cc:1105] InUse at 32f027600 of size 256 next 69
I0000 00:00:1783352577.356950 4050889 bfc_allocator.cc:1105] Free  at 32f027700 of size 94208 next 33
I0000 00:00:1783352577.356953 4050889 bfc_allocator.cc:1105] InUse at 32f03e700 of size 98304 next 32
I0000 00:00:1783352577.356955 4050889 bfc_allocator.cc:1105] Free  at 32f056700 of size 3840 next 67
I0000 00:00:1783352577.356958 4050889 bfc_allocator.cc:1105] InUse at 32f057600 of size 256 next 93
I0000 00:00:1783352577.356961 4050889 bfc_allocator.cc:1105] InUse at 32f057700 of size 256 next 265
I0000 00:00:1783352577.356964 4050889 bfc_allocator.cc:1105] Free  at 32f057800 of size 1792 next 101
I0000 00:00:1783352577.356967 4050889 bfc_allocator.cc:1105] InUse at 32f057f00 of size 256 next 102
I0000 00:00:1783352577.356970 4050889 bfc_allocator.cc:1105] Free  at 32f058000 of size 7936 next 128
I0000 00:00:1783352577.356972 4050889 bfc_allocator.cc:1105] InUse at 32f059f00 of size 256 next 129
I0000 00:00:1783352577.356975 4050889 bfc_allocator.cc:1105] Free  at 32f05a000 of size 5632 next 151
I0000 00:00:1783352577.356978 4050889 bfc_allocator.cc:1105] InUse at 32f05b600 of size 256 next 152
I0000 00:00:1783352577.356981 4050889 bfc_allocator.cc:1105] InUse at 32f05b700 of size 256 next 153
I0000 00:00:1783352577.356984 4050889 bfc_allocator.cc:1105] Free  at 32f05b800 of size 12800 next 76
I0000 00:00:1783352577.356988 4050889 bfc_allocator.cc:1105] InUse at 32f05ea00 of size 256 next 77
I0000 00:00:1783352577.357082 4050889 bfc_allocator.cc:1105] Free  at 32f05eb00 of size 359424 next 36
I0000 00:00:1783352577.357132 4050889 bfc_allocator.cc:1105] InUse at 32f0b6700 of size 196608 next 34
I0000 00:00:1783352577.357173 4050889 bfc_allocator.cc:1105] InUse at 32f0e6700 of size 245760 next 22
I0000 00:00:1783352577.357184 4050889 bfc_allocator.cc:1105] InUse at 32f122700 of size 907520 next 18446744073709551615
I0000 00:00:1783352577.357191 4050889 bfc_allocator.cc:1085] Next region of size 4194304
I0000 00:00:1783352577.357197 4050889 bfc_allocator.cc:1105] InUse at 32f600000 of size 589824 next 51
I0000 00:00:1783352577.357200 4050889 bfc_allocator.cc:1105] Free  at 32f690000 of size 297984 next 105
I0000 00:00:1783352577.357204 4050889 bfc_allocator.cc:1105] InUse at 32f6d8c00 of size 1179648 next 157
I0000 00:00:1783352577.357210 4050889 bfc_allocator.cc:1105] InUse at 32f7f8c00 of size 2126848 next 18446744073709551615
I0000 00:00:1783352577.357213 4050889 bfc_allocator.cc:1085] Next region of size 8388608
I0000 00:00:1783352577.357217 4050889 bfc_allocator.cc:1105] InUse at 32fa00000 of size 1179648 next 158
I0000 00:00:1783352577.357219 4050889 bfc_allocator.cc:1105] InUse at 32fb20000 of size 1179648 next 162
I0000 00:00:1783352577.357222 4050889 bfc_allocator.cc:1105] InUse at 32fc40000 of size 1179648 next 163
I0000 00:00:1783352577.357224 4050889 bfc_allocator.cc:1105] InUse at 32fd60000 of size 1179648 next 164
I0000 00:00:1783352577.357227 4050889 bfc_allocator.cc:1105] InUse at 32fe80000 of size 1179648 next 165
I0000 00:00:1783352577.357230 4050889 bfc_allocator.cc:1105] InUse at 32ffa0000 of size 1179648 next 166
I0000 00:00:1783352577.357234 4050889 bfc_allocator.cc:1105] InUse at 3300c0000 of size 1310720 next 18446744073709551615
I0000 00:00:1783352577.357238 4050889 bfc_allocator.cc:1085] Next region of size 16777216
I0000 00:00:1783352577.357244 4050889 bfc_allocator.cc:1105] InUse at 330a00000 of size 4352000 next 156
I0000 00:00:1783352577.357248 4050889 bfc_allocator.cc:1105] InUse at 330e26800 of size 1179648 next 167
I0000 00:00:1783352577.357252 4050889 bfc_allocator.cc:1105] InUse at 330f46800 of size 1179648 next 168
I0000 00:00:1783352577.357256 4050889 bfc_allocator.cc:1105] InUse at 331066800 of size 1179648 next 169
I0000 00:00:1783352577.357261 4050889 bfc_allocator.cc:1105] InUse at 331186800 of size 1179648 next 170
I0000 00:00:1783352577.357265 4050889 bfc_allocator.cc:1105] InUse at 3312a6800 of size 1179648 next 171
I0000 00:00:1783352577.357268 4050889 bfc_allocator.cc:1105] InUse at 3313c6800 of size 1179648 next 172
I0000 00:00:1783352577.357272 4050889 bfc_allocator.cc:1105] InUse at 3314e6800 of size 1179648 next 173
I0000 00:00:1783352577.357277 4050889 bfc_allocator.cc:1105] InUse at 331606800 of size 1179648 next 174
I0000 00:00:1783352577.357280 4050889 bfc_allocator.cc:1105] InUse at 331726800 of size 1179648 next 175
I0000 00:00:1783352577.357285 4050889 bfc_allocator.cc:1105] InUse at 331846800 of size 1808384 next 18446744073709551615
I0000 00:00:1783352577.357289 4050889 bfc_allocator.cc:1085] Next region of size 33554432
I0000 00:00:1783352577.357294 4050889 bfc_allocator.cc:1105] InUse at 331a00000 of size 1179648 next 176
I0000 00:00:1783352577.357299 4050889 bfc_allocator.cc:1105] InUse at 331b20000 of size 1179648 next 177
I0000 00:00:1783352577.357304 4050889 bfc_allocator.cc:1105] InUse at 331c40000 of size 1179648 next 178
I0000 00:00:1783352577.357308 4050889 bfc_allocator.cc:1105] InUse at 331d60000 of size 1179648 next 179
I0000 00:00:1783352577.357312 4050889 bfc_allocator.cc:1105] InUse at 331e80000 of size 1179648 next 180
I0000 00:00:1783352577.357317 4050889 bfc_allocator.cc:1105] InUse at 331fa0000 of size 1179648 next 181
I0000 00:00:1783352577.357321 4050889 bfc_allocator.cc:1105] InUse at 3320c0000 of size 1179648 next 182
I0000 00:00:1783352577.357326 4050889 bfc_allocator.cc:1105] InUse at 3321e0000 of size 1179648 next 183
I0000 00:00:1783352577.357329 4050889 bfc_allocator.cc:1105] InUse at 332300000 of size 1179648 next 184
I0000 00:00:1783352577.357353 4050889 bfc_allocator.cc:1105] InUse at 332420000 of size 1179648 next 185
I0000 00:00:1783352577.357359 4050889 bfc_allocator.cc:1105] InUse at 332540000 of size 1179648 next 186
I0000 00:00:1783352577.357364 4050889 bfc_allocator.cc:1105] InUse at 332660000 of size 1179648 next 187
I0000 00:00:1783352577.357369 4050889 bfc_allocator.cc:1105] InUse at 332780000 of size 1179648 next 188
I0000 00:00:1783352577.357376 4050889 bfc_allocator.cc:1105] InUse at 3328a0000 of size 1179648 next 189
I0000 00:00:1783352577.357382 4050889 bfc_allocator.cc:1105] InUse at 3329c0000 of size 1179648 next 190
I0000 00:00:1783352577.357387 4050889 bfc_allocator.cc:1105] Free  at 332ae0000 of size 8257536 next 213
I0000 00:00:1783352577.357392 4050889 bfc_allocator.cc:1105] InUse at 3332c0000 of size 1179648 next 208
I0000 00:00:1783352577.357398 4050889 bfc_allocator.cc:1105] Free  at 3333e0000 of size 1179648 next 209
I0000 00:00:1783352577.357401 4050889 bfc_allocator.cc:1105] InUse at 333500000 of size 1179648 next 212
I0000 00:00:1783352577.357407 4050889 bfc_allocator.cc:1105] Free  at 333620000 of size 4063232 next 18446744073709551615
I0000 00:00:1783352577.357412 4050889 bfc_allocator.cc:1085] Next region of size 67108864
I0000 00:00:1783352577.357417 4050889 bfc_allocator.cc:1105] InUse at 334e00000 of size 1179648 next 205
I0000 00:00:1783352577.357422 4050889 bfc_allocator.cc:1105] Free  at 334f20000 of size 1179648 next 202
I0000 00:00:1783352577.357428 4050889 bfc_allocator.cc:1105] InUse at 335040000 of size 1179648 next 204
I0000 00:00:1783352577.357433 4050889 bfc_allocator.cc:1105] InUse at 335160000 of size 41470976 next 299
I0000 00:00:1783352577.357438 4050889 bfc_allocator.cc:1105] InUse at 3378ecc00 of size 29696 next 127
I0000 00:00:1783352577.357442 4050889 bfc_allocator.cc:1105] InUse at 3378f4000 of size 256 next 70
I0000 00:00:1783352577.357448 4050889 bfc_allocator.cc:1105] InUse at 3378f4100 of size 5632 next 136
I0000 00:00:1783352577.357453 4050889 bfc_allocator.cc:1105] InUse at 3378f5700 of size 2560 next 147
I0000 00:00:1783352577.357458 4050889 bfc_allocator.cc:1105] Free  at 3378f6100 of size 98304 next 298
I0000 00:00:1783352577.357464 4050889 bfc_allocator.cc:1105] InUse at 33790e100 of size 114432 next 323
I0000 00:00:1783352577.357470 4050889 bfc_allocator.cc:1105] Free  at 33792a000 of size 155648 next 370
I0000 00:00:1783352577.357477 4050889 bfc_allocator.cc:1105] InUse at 337950000 of size 278528 next 68
I0000 00:00:1783352577.357481 4050889 bfc_allocator.cc:1105] Free  at 337994000 of size 21413888 next 18446744073709551615
I0000 00:00:1783352577.357487 4050889 bfc_allocator.cc:1085] Next region of size 473767936
I0000 00:00:1783352577.357493 4050889 bfc_allocator.cc:1105] InUse at e5c220000000 of size 40108032 next 319
I0000 00:00:1783352577.357498 4050889 bfc_allocator.cc:1105] InUse at e5c222640000 of size 40108032 next 195
I0000 00:00:1783352577.357503 4050889 bfc_allocator.cc:1105] InUse at e5c224c80000 of size 40108032 next 221
I0000 00:00:1783352577.357508 4050889 bfc_allocator.cc:1105] InUse at e5c2272c0000 of size 40108032 next 191
I0000 00:00:1783352577.357514 4050889 bfc_allocator.cc:1105] InUse at e5c229900000 of size 40108032 next 196
I0000 00:00:1783352577.357519 4050889 bfc_allocator.cc:1105] InUse at e5c22bf40000 of size 40108032 next 365
I0000 00:00:1783352577.357524 4050889 bfc_allocator.cc:1105] InUse at e5c22e580000 of size 40108032 next 194
I0000 00:00:1783352577.357529 4050889 bfc_allocator.cc:1105] InUse at e5c230bc0000 of size 40108032 next 222
I0000 00:00:1783352577.357533 4050889 bfc_allocator.cc:1105] InUse at e5c233200000 of size 40108032 next 192
I0000 00:00:1783352577.357538 4050889 bfc_allocator.cc:1105] InUse at e5c235840000 of size 40108032 next 215
I0000 00:00:1783352577.357544 4050889 bfc_allocator.cc:1105] InUse at e5c237e80000 of size 72687616 next 18446744073709551615
I0000 00:00:1783352577.357550 4050889 bfc_allocator.cc:1085] Next region of size 268435456
I0000 00:00:1783352577.357556 4050889 bfc_allocator.cc:1105] InUse at e5c240000000 of size 40108032 next 256
I0000 00:00:1783352577.357564 4050889 bfc_allocator.cc:1105] InUse at e5c242640000 of size 40108032 next 199
I0000 00:00:1783352577.357569 4050889 bfc_allocator.cc:1105] InUse at e5c244c80000 of size 40108032 next 198
I0000 00:00:1783352577.357574 4050889 bfc_allocator.cc:1105] InUse at e5c2472c0000 of size 40108032 next 95
I0000 00:00:1783352577.357579 4050889 bfc_allocator.cc:1105] InUse at e5c249900000 of size 40108032 next 197
I0000 00:00:1783352577.357584 4050889 bfc_allocator.cc:1105] InUse at e5c24bf40000 of size 67895296 next 18446744073709551615
I0000 00:00:1783352577.357588 4050889 bfc_allocator.cc:1085] Next region of size 134217728
I0000 00:00:1783352577.357593 4050889 bfc_allocator.cc:1105] InUse at e5c280000000 of size 589824 next 279
I0000 00:00:1783352577.357598 4050889 bfc_allocator.cc:1105] InUse at e5c280090000 of size 40108032 next 309
I0000 00:00:1783352577.357604 4050889 bfc_allocator.cc:1105] InUse at e5c2826d0000 of size 40108032 next 203
I0000 00:00:1783352577.357611 4050889 bfc_allocator.cc:1105] InUse at e5c284d10000 of size 53411840 next 18446744073709551615
I0000 00:00:1783352577.357614 4050889 bfc_allocator.cc:1110]      Summary of in-use Chunks by size: 
I0000 00:00:1783352577.357621 4050889 bfc_allocator.cc:1113] 58 Chunks of size 256 totalling 14.5KiB
I0000 00:00:1783352577.357632 4050889 bfc_allocator.cc:1113] 1 Chunks of size 1280 totalling 1.2KiB
I0000 00:00:1783352577.357637 4050889 bfc_allocator.cc:1113] 2 Chunks of size 1792 totalling 3.5KiB
I0000 00:00:1783352577.357642 4050889 bfc_allocator.cc:1113] 2 Chunks of size 2560 totalling 5.0KiB
I0000 00:00:1783352577.357647 4050889 bfc_allocator.cc:1113] 1 Chunks of size 2816 totalling 2.8KiB
I0000 00:00:1783352577.357653 4050889 bfc_allocator.cc:1113] 2 Chunks of size 3072 totalling 6.0KiB
I0000 00:00:1783352577.357658 4050889 bfc_allocator.cc:1113] 1 Chunks of size 5632 totalling 5.5KiB
I0000 00:00:1783352577.357663 4050889 bfc_allocator.cc:1113] 1 Chunks of size 16384 totalling 16.0KiB
I0000 00:00:1783352577.357668 4050889 bfc_allocator.cc:1113] 1 Chunks of size 17408 totalling 17.0KiB
I0000 00:00:1783352577.357674 4050889 bfc_allocator.cc:1113] 1 Chunks of size 29696 totalling 29.0KiB
I0000 00:00:1783352577.357679 4050889 bfc_allocator.cc:1113] 2 Chunks of size 98304 totalling 192.0KiB
I0000 00:00:1783352577.357683 4050889 bfc_allocator.cc:1113] 1 Chunks of size 114432 totalling 111.8KiB
I0000 00:00:1783352577.357689 4050889 bfc_allocator.cc:1113] 1 Chunks of size 196608 totalling 192.0KiB
I0000 00:00:1783352577.357695 4050889 bfc_allocator.cc:1113] 1 Chunks of size 245760 totalling 240.0KiB
I0000 00:00:1783352577.357700 4050889 bfc_allocator.cc:1113] 1 Chunks of size 278528 totalling 272.0KiB
I0000 00:00:1783352577.357704 4050889 bfc_allocator.cc:1113] 2 Chunks of size 589824 totalling 1.12MiB
I0000 00:00:1783352577.357707 4050889 bfc_allocator.cc:1113] 1 Chunks of size 907520 totalling 886.2KiB
I0000 00:00:1783352577.357710 4050889 bfc_allocator.cc:1113] 35 Chunks of size 1179648 totalling 39.38MiB
I0000 00:00:1783352577.357713 4050889 bfc_allocator.cc:1113] 1 Chunks of size 1310720 totalling 1.25MiB
I0000 00:00:1783352577.357716 4050889 bfc_allocator.cc:1113] 1 Chunks of size 1808384 totalling 1.72MiB
I0000 00:00:1783352577.357718 4050889 bfc_allocator.cc:1113] 1 Chunks of size 2126848 totalling 2.03MiB
I0000 00:00:1783352577.357721 4050889 bfc_allocator.cc:1113] 1 Chunks of size 4352000 totalling 4.15MiB
I0000 00:00:1783352577.357724 4050889 bfc_allocator.cc:1113] 17 Chunks of size 40108032 totalling 650.25MiB
I0000 00:00:1783352577.357727 4050889 bfc_allocator.cc:1113] 1 Chunks of size 41470976 totalling 39.55MiB
I0000 00:00:1783352577.357730 4050889 bfc_allocator.cc:1113] 1 Chunks of size 53411840 totalling 50.94MiB
I0000 00:00:1783352577.357733 4050889 bfc_allocator.cc:1113] 1 Chunks of size 67895296 totalling 64.75MiB
I0000 00:00:1783352577.357736 4050889 bfc_allocator.cc:1113] 1 Chunks of size 72687616 totalling 69.32MiB
I0000 00:00:1783352577.357741 4050889 bfc_allocator.cc:1117] Sum Total of in-use chunks: 926.41MiB
I0000 00:00:1783352577.357743 4050889 bfc_allocator.cc:1119] Total size in pool: 961.82MiB memory_limit_: 961.82MiB available size: 0B curr_region_allocation_bytes_: 1.00GiB
I0000 00:00:1783352577.357747 4050889 bfc_allocator.cc:1128] Stats: 
Limit:                       961.82MiB
InUse:                       926.41MiB
MaxInUse:                    928.66MiB
NumAllocs:                       44669
MaxAllocSize:                128.00MiB
Reserved:                           0B
PeakReserved:                       0B
LargestFreeBlock:                   0B

W0000 00:00:1783352577.357755 4050889 bfc_allocator.cc:513] ***********__********************************************xxx************************xx*************x
W0000 00:00:1783352577.357775 4050889 op_kernel.cc:1858] OP_REQUIRES failed at strided_slice_op.cc:257 : RESOURCE_EXHAUSTED: OOM when allocating tensor with shape[34,32,6,96,16] and type float on /job:localhost/replica:0/task:0/device:GPU:0 by allocator GPU_0_bfc
W0000 00:00:1783352587.357895 4050889 bfc_allocator.cc:502] Allocator (GPU_0_bfc) ran out of memory trying to allocate 38.25MiB (rounded to 40108032)requested by op StatefulPartitionedCall/gradient_tape/widar3_1/time_distributed_1_2/strided_slice_29/StridedSliceGrad
If the cause is memory fragmentation maybe the environment variable 'TF_GPU_ALLOCATOR=cuda_malloc_async' will improve the situation. 
Current allocation summary follows.
Current allocation summary follows.
I0000 00:00:1783352587.358018 4050889 bfc_allocator.cc:1049] BFCAllocator dump for GPU_0_bfc
I0000 00:00:1783352587.358031 4050889 bfc_allocator.cc:1056] Bin (256): 	Total Chunks: 59, Chunks in use: 58. 14.8KiB allocated for chunks. 14.5KiB in use in bin. 1.9KiB client-requested in use in bin.
I0000 00:00:1783352587.358040 4050889 bfc_allocator.cc:1056] Bin (512): 	Total Chunks: 0, Chunks in use: 0. 0B allocated for chunks. 0B in use in bin. 0B client-requested in use in bin.
I0000 00:00:1783352587.358045 4050889 bfc_allocator.cc:1056] Bin (1024): 	Total Chunks: 4, Chunks in use: 3. 6.5KiB allocated for chunks. 4.8KiB in use in bin. 4.1KiB client-requested in use in bin.
I0000 00:00:1783352587.358050 4050889 bfc_allocator.cc:1056] Bin (2048): 	Total Chunks: 6, Chunks in use: 5. 17.5KiB allocated for chunks. 13.8KiB in use in bin. 13.5KiB client-requested in use in bin.
I0000 00:00:1783352587.358055 4050889 bfc_allocator.cc:1056] Bin (4096): 	Total Chunks: 3, Chunks in use: 1. 18.8KiB allocated for chunks. 5.5KiB in use in bin. 3.0KiB client-requested in use in bin.
I0000 00:00:1783352587.358060 4050889 bfc_allocator.cc:1056] Bin (8192): 	Total Chunks: 1, Chunks in use: 0. 12.5KiB allocated for chunks. 0B in use in bin. 0B client-requested in use in bin.
I0000 00:00:1783352587.358064 4050889 bfc_allocator.cc:1056] Bin (16384): 	Total Chunks: 3, Chunks in use: 3. 62.0KiB allocated for chunks. 62.0KiB in use in bin. 48.0KiB client-requested in use in bin.
I0000 00:00:1783352587.358069 4050889 bfc_allocator.cc:1056] Bin (32768): 	Total Chunks: 0, Chunks in use: 0. 0B allocated for chunks. 0B in use in bin. 0B client-requested in use in bin.
I0000 00:00:1783352587.358073 4050889 bfc_allocator.cc:1056] Bin (65536): 	Total Chunks: 5, Chunks in use: 3. 491.8KiB allocated for chunks. 303.8KiB in use in bin. 288.0KiB client-requested in use in bin.
I0000 00:00:1783352587.358078 4050889 bfc_allocator.cc:1056] Bin (131072): 	Total Chunks: 3, Chunks in use: 2. 584.0KiB allocated for chunks. 432.0KiB in use in bin. 384.0KiB client-requested in use in bin.
I0000 00:00:1783352587.358082 4050889 bfc_allocator.cc:1056] Bin (262144): 	Total Chunks: 3, Chunks in use: 1. 914.0KiB allocated for chunks. 272.0KiB in use in bin. 192.0KiB client-requested in use in bin.
I0000 00:00:1783352587.358090 4050889 bfc_allocator.cc:1056] Bin (524288): 	Total Chunks: 3, Chunks in use: 3. 1.99MiB allocated for chunks. 1.99MiB in use in bin. 1.69MiB client-requested in use in bin.
I0000 00:00:1783352587.358097 4050889 bfc_allocator.cc:1056] Bin (1048576): 	Total Chunks: 37, Chunks in use: 36. 42.35MiB allocated for chunks. 41.22MiB in use in bin. 40.50MiB client-requested in use in bin.
I0000 00:00:1783352587.358113 4050889 bfc_allocator.cc:1056] Bin (2097152): 	Total Chunks: 3, Chunks in use: 1. 8.15MiB allocated for chunks. 2.03MiB in use in bin. 1.12MiB client-requested in use in bin.
I0000 00:00:1783352587.358118 4050889 bfc_allocator.cc:1056] Bin (4194304): 	Total Chunks: 2, Chunks in use: 1. 12.03MiB allocated for chunks. 4.15MiB in use in bin. 4.15MiB client-requested in use in bin.
I0000 00:00:1783352587.358123 4050889 bfc_allocator.cc:1056] Bin (8388608): 	Total Chunks: 0, Chunks in use: 0. 0B allocated for chunks. 0B in use in bin. 0B client-requested in use in bin.
I0000 00:00:1783352587.358127 4050889 bfc_allocator.cc:1056] Bin (16777216): 	Total Chunks: 1, Chunks in use: 0. 20.42MiB allocated for chunks. 0B in use in bin. 0B client-requested in use in bin.
I0000 00:00:1783352587.358131 4050889 bfc_allocator.cc:1056] Bin (33554432): 	Total Chunks: 19, Chunks in use: 19. 740.74MiB allocated for chunks. 740.74MiB in use in bin. 726.75MiB client-requested in use in bin.
I0000 00:00:1783352587.358135 4050889 bfc_allocator.cc:1056] Bin (67108864): 	Total Chunks: 2, Chunks in use: 2. 134.07MiB allocated for chunks. 134.07MiB in use in bin. 76.50MiB client-requested in use in bin.
I0000 00:00:1783352587.358139 4050889 bfc_allocator.cc:1056] Bin (134217728): 	Total Chunks: 0, Chunks in use: 0. 0B allocated for chunks. 0B in use in bin. 0B client-requested in use in bin.
I0000 00:00:1783352587.358144 4050889 bfc_allocator.cc:1056] Bin (268435456): 	Total Chunks: 0, Chunks in use: 0. 0B allocated for chunks. 0B in use in bin. 0B client-requested in use in bin.
I0000 00:00:1783352587.358148 4050889 bfc_allocator.cc:1072] Bin for 38.25MiB was 32.00MiB, Chunk State: 
I0000 00:00:1783352587.358153 4050889 bfc_allocator.cc:1085] Next region of size 2097152
I0000 00:00:1783352587.358159 4050889 bfc_allocator.cc:1105] InUse at 32f000000 of size 1280 next 1
I0000 00:00:1783352587.358163 4050889 bfc_allocator.cc:1105] InUse at 32f000500 of size 256 next 2
I0000 00:00:1783352587.358166 4050889 bfc_allocator.cc:1105] InUse at 32f000600 of size 256 next 3
I0000 00:00:1783352587.358170 4050889 bfc_allocator.cc:1105] InUse at 32f000700 of size 256 next 4
I0000 00:00:1783352587.358173 4050889 bfc_allocator.cc:1105] InUse at 32f000800 of size 256 next 5
I0000 00:00:1783352587.358177 4050889 bfc_allocator.cc:1105] InUse at 32f000900 of size 256 next 6
I0000 00:00:1783352587.358180 4050889 bfc_allocator.cc:1105] InUse at 32f000a00 of size 256 next 7
I0000 00:00:1783352587.358183 4050889 bfc_allocator.cc:1105] InUse at 32f000b00 of size 256 next 8
I0000 00:00:1783352587.358187 4050889 bfc_allocator.cc:1105] InUse at 32f000c00 of size 256 next 9
I0000 00:00:1783352587.358190 4050889 bfc_allocator.cc:1105] InUse at 32f000d00 of size 256 next 10
I0000 00:00:1783352587.358193 4050889 bfc_allocator.cc:1105] InUse at 32f000e00 of size 256 next 11
I0000 00:00:1783352587.358196 4050889 bfc_allocator.cc:1105] InUse at 32f000f00 of size 256 next 13
I0000 00:00:1783352587.358200 4050889 bfc_allocator.cc:1105] InUse at 32f001000 of size 256 next 14
I0000 00:00:1783352587.358203 4050889 bfc_allocator.cc:1105] InUse at 32f001100 of size 256 next 12
I0000 00:00:1783352587.358206 4050889 bfc_allocator.cc:1105] InUse at 32f001200 of size 256 next 18
I0000 00:00:1783352587.358209 4050889 bfc_allocator.cc:1105] InUse at 32f001300 of size 256 next 19
I0000 00:00:1783352587.358212 4050889 bfc_allocator.cc:1105] InUse at 32f001400 of size 256 next 15
I0000 00:00:1783352587.358215 4050889 bfc_allocator.cc:1105] InUse at 32f001500 of size 256 next 20
I0000 00:00:1783352587.358218 4050889 bfc_allocator.cc:1105] InUse at 32f001600 of size 256 next 21
I0000 00:00:1783352587.358222 4050889 bfc_allocator.cc:1105] InUse at 32f001700 of size 256 next 25
I0000 00:00:1783352587.358225 4050889 bfc_allocator.cc:1105] InUse at 32f001800 of size 256 next 23
I0000 00:00:1783352587.358228 4050889 bfc_allocator.cc:1105] InUse at 32f001900 of size 256 next 24
I0000 00:00:1783352587.358234 4050889 bfc_allocator.cc:1105] InUse at 32f001a00 of size 256 next 28
I0000 00:00:1783352587.358237 4050889 bfc_allocator.cc:1105] InUse at 32f001b00 of size 256 next 31
I0000 00:00:1783352587.358240 4050889 bfc_allocator.cc:1105] InUse at 32f001c00 of size 256 next 29
I0000 00:00:1783352587.358243 4050889 bfc_allocator.cc:1105] InUse at 32f001d00 of size 256 next 35
I0000 00:00:1783352587.358246 4050889 bfc_allocator.cc:1105] InUse at 32f001e00 of size 256 next 37
I0000 00:00:1783352587.358249 4050889 bfc_allocator.cc:1105] InUse at 32f001f00 of size 256 next 16
I0000 00:00:1783352587.358253 4050889 bfc_allocator.cc:1105] InUse at 32f002000 of size 1792 next 17
I0000 00:00:1783352587.358256 4050889 bfc_allocator.cc:1105] InUse at 32f002700 of size 3072 next 30
I0000 00:00:1783352587.358259 4050889 bfc_allocator.cc:1105] InUse at 32f003300 of size 256 next 39
I0000 00:00:1783352587.358262 4050889 bfc_allocator.cc:1105] InUse at 32f003400 of size 256 next 40
I0000 00:00:1783352587.358266 4050889 bfc_allocator.cc:1105] InUse at 32f003500 of size 256 next 38
I0000 00:00:1783352587.358269 4050889 bfc_allocator.cc:1105] InUse at 32f003600 of size 256 next 41
I0000 00:00:1783352587.358272 4050889 bfc_allocator.cc:1105] Free  at 32f003700 of size 256 next 44
I0000 00:00:1783352587.358275 4050889 bfc_allocator.cc:1105] InUse at 32f003800 of size 1792 next 45
I0000 00:00:1783352587.358279 4050889 bfc_allocator.cc:1105] InUse at 32f003f00 of size 2816 next 42
I0000 00:00:1783352587.358282 4050889 bfc_allocator.cc:1105] InUse at 32f004a00 of size 2560 next 43
I0000 00:00:1783352587.358285 4050889 bfc_allocator.cc:1105] InUse at 32f005400 of size 3072 next 47
I0000 00:00:1783352587.358288 4050889 bfc_allocator.cc:1105] InUse at 32f006000 of size 256 next 48
I0000 00:00:1783352587.358292 4050889 bfc_allocator.cc:1105] InUse at 32f006100 of size 256 next 49
I0000 00:00:1783352587.358295 4050889 bfc_allocator.cc:1105] InUse at 32f006200 of size 256 next 52
I0000 00:00:1783352587.358298 4050889 bfc_allocator.cc:1105] InUse at 32f006300 of size 17408 next 27
I0000 00:00:1783352587.358302 4050889 bfc_allocator.cc:1105] InUse at 32f00a700 of size 16384 next 26
I0000 00:00:1783352587.358305 4050889 bfc_allocator.cc:1105] InUse at 32f00e700 of size 98304 next 46
I0000 00:00:1783352587.358309 4050889 bfc_allocator.cc:1105] InUse at 32f026700 of size 256 next 54
I0000 00:00:1783352587.358312 4050889 bfc_allocator.cc:1105] InUse at 32f026800 of size 256 next 53
I0000 00:00:1783352587.358315 4050889 bfc_allocator.cc:1105] InUse at 32f026900 of size 256 next 55
I0000 00:00:1783352587.358318 4050889 bfc_allocator.cc:1105] InUse at 32f026a00 of size 256 next 56
I0000 00:00:1783352587.358321 4050889 bfc_allocator.cc:1105] InUse at 32f026b00 of size 256 next 57
I0000 00:00:1783352587.358324 4050889 bfc_allocator.cc:1105] InUse at 32f026c00 of size 256 next 58
I0000 00:00:1783352587.358327 4050889 bfc_allocator.cc:1105] InUse at 32f026d00 of size 256 next 59
I0000 00:00:1783352587.358330 4050889 bfc_allocator.cc:1105] InUse at 32f026e00 of size 256 next 60
I0000 00:00:1783352587.358333 4050889 bfc_allocator.cc:1105] InUse at 32f026f00 of size 256 next 61
I0000 00:00:1783352587.358336 4050889 bfc_allocator.cc:1105] InUse at 32f027000 of size 256 next 62
I0000 00:00:1783352587.358339 4050889 bfc_allocator.cc:1105] InUse at 32f027100 of size 256 next 64
I0000 00:00:1783352587.358343 4050889 bfc_allocator.cc:1105] InUse at 32f027200 of size 256 next 63
I0000 00:00:1783352587.358346 4050889 bfc_allocator.cc:1105] InUse at 32f027300 of size 256 next 65
I0000 00:00:1783352587.358349 4050889 bfc_allocator.cc:1105] InUse at 32f027400 of size 256 next 66
I0000 00:00:1783352587.358352 4050889 bfc_allocator.cc:1105] InUse at 32f027500 of size 256 next 143
I0000 00:00:1783352587.358355 4050889 bfc_allocator.cc:1105] InUse at 32f027600 of size 256 next 69
I0000 00:00:1783352587.358358 4050889 bfc_allocator.cc:1105] Free  at 32f027700 of size 94208 next 33
I0000 00:00:1783352587.358362 4050889 bfc_allocator.cc:1105] InUse at 32f03e700 of size 98304 next 32
I0000 00:00:1783352587.358367 4050889 bfc_allocator.cc:1105] Free  at 32f056700 of size 3840 next 67
I0000 00:00:1783352587.358370 4050889 bfc_allocator.cc:1105] InUse at 32f057600 of size 256 next 93
I0000 00:00:1783352587.358373 4050889 bfc_allocator.cc:1105] InUse at 32f057700 of size 256 next 265
I0000 00:00:1783352587.358376 4050889 bfc_allocator.cc:1105] Free  at 32f057800 of size 1792 next 101
I0000 00:00:1783352587.358379 4050889 bfc_allocator.cc:1105] InUse at 32f057f00 of size 256 next 102
I0000 00:00:1783352587.358382 4050889 bfc_allocator.cc:1105] Free  at 32f058000 of size 7936 next 128
I0000 00:00:1783352587.358386 4050889 bfc_allocator.cc:1105] InUse at 32f059f00 of size 256 next 129
I0000 00:00:1783352587.358389 4050889 bfc_allocator.cc:1105] Free  at 32f05a000 of size 5632 next 151
I0000 00:00:1783352587.358392 4050889 bfc_allocator.cc:1105] InUse at 32f05b600 of size 256 next 152
I0000 00:00:1783352587.358395 4050889 bfc_allocator.cc:1105] InUse at 32f05b700 of size 256 next 153
I0000 00:00:1783352587.358398 4050889 bfc_allocator.cc:1105] Free  at 32f05b800 of size 12800 next 76
I0000 00:00:1783352587.358401 4050889 bfc_allocator.cc:1105] InUse at 32f05ea00 of size 256 next 77
I0000 00:00:1783352587.358404 4050889 bfc_allocator.cc:1105] Free  at 32f05eb00 of size 359424 next 36
I0000 00:00:1783352587.358407 4050889 bfc_allocator.cc:1105] InUse at 32f0b6700 of size 196608 next 34
I0000 00:00:1783352587.358410 4050889 bfc_allocator.cc:1105] InUse at 32f0e6700 of size 245760 next 22
I0000 00:00:1783352587.358414 4050889 bfc_allocator.cc:1105] InUse at 32f122700 of size 907520 next 18446744073709551615
I0000 00:00:1783352587.358417 4050889 bfc_allocator.cc:1085] Next region of size 4194304
I0000 00:00:1783352587.358421 4050889 bfc_allocator.cc:1105] InUse at 32f600000 of size 589824 next 51
I0000 00:00:1783352587.358424 4050889 bfc_allocator.cc:1105] Free  at 32f690000 of size 297984 next 105
I0000 00:00:1783352587.358427 4050889 bfc_allocator.cc:1105] InUse at 32f6d8c00 of size 1179648 next 157
I0000 00:00:1783352587.358430 4050889 bfc_allocator.cc:1105] InUse at 32f7f8c00 of size 2126848 next 18446744073709551615
I0000 00:00:1783352587.358433 4050889 bfc_allocator.cc:1085] Next region of size 8388608
I0000 00:00:1783352587.358437 4050889 bfc_allocator.cc:1105] InUse at 32fa00000 of size 1179648 next 158
I0000 00:00:1783352587.358440 4050889 bfc_allocator.cc:1105] InUse at 32fb20000 of size 1179648 next 162
I0000 00:00:1783352587.358443 4050889 bfc_allocator.cc:1105] InUse at 32fc40000 of size 1179648 next 163
I0000 00:00:1783352587.358446 4050889 bfc_allocator.cc:1105] InUse at 32fd60000 of size 1179648 next 164
I0000 00:00:1783352587.358449 4050889 bfc_allocator.cc:1105] InUse at 32fe80000 of size 1179648 next 165
I0000 00:00:1783352587.358452 4050889 bfc_allocator.cc:1105] InUse at 32ffa0000 of size 1179648 next 166
I0000 00:00:1783352587.358456 4050889 bfc_allocator.cc:1105] InUse at 3300c0000 of size 1310720 next 18446744073709551615
I0000 00:00:1783352587.358460 4050889 bfc_allocator.cc:1085] Next region of size 16777216
I0000 00:00:1783352587.358467 4050889 bfc_allocator.cc:1105] InUse at 330a00000 of size 4352000 next 156
I0000 00:00:1783352587.358472 4050889 bfc_allocator.cc:1105] InUse at 330e26800 of size 1179648 next 167
I0000 00:00:1783352587.358475 4050889 bfc_allocator.cc:1105] InUse at 330f46800 of size 1179648 next 168
I0000 00:00:1783352587.358479 4050889 bfc_allocator.cc:1105] InUse at 331066800 of size 1179648 next 169
I0000 00:00:1783352587.358487 4050889 bfc_allocator.cc:1105] InUse at 331186800 of size 1179648 next 170
I0000 00:00:1783352587.358491 4050889 bfc_allocator.cc:1105] InUse at 3312a6800 of size 1179648 next 171
I0000 00:00:1783352587.358494 4050889 bfc_allocator.cc:1105] InUse at 3313c6800 of size 1179648 next 172
I0000 00:00:1783352587.358497 4050889 bfc_allocator.cc:1105] InUse at 3314e6800 of size 1179648 next 173
I0000 00:00:1783352587.358500 4050889 bfc_allocator.cc:1105] InUse at 331606800 of size 1179648 next 174
I0000 00:00:1783352587.358505 4050889 bfc_allocator.cc:1105] InUse at 331726800 of size 1179648 next 175
I0000 00:00:1783352587.358508 4050889 bfc_allocator.cc:1105] InUse at 331846800 of size 1808384 next 18446744073709551615
I0000 00:00:1783352587.358511 4050889 bfc_allocator.cc:1085] Next region of size 33554432
I0000 00:00:1783352587.358514 4050889 bfc_allocator.cc:1105] InUse at 331a00000 of size 1179648 next 176
I0000 00:00:1783352587.358518 4050889 bfc_allocator.cc:1105] InUse at 331b20000 of size 1179648 next 177
I0000 00:00:1783352587.358521 4050889 bfc_allocator.cc:1105] InUse at 331c40000 of size 1179648 next 178
I0000 00:00:1783352587.358524 4050889 bfc_allocator.cc:1105] InUse at 331d60000 of size 1179648 next 179
I0000 00:00:1783352587.358527 4050889 bfc_allocator.cc:1105] InUse at 331e80000 of size 1179648 next 180
I0000 00:00:1783352587.358530 4050889 bfc_allocator.cc:1105] InUse at 331fa0000 of size 1179648 next 181
I0000 00:00:1783352587.358533 4050889 bfc_allocator.cc:1105] InUse at 3320c0000 of size 1179648 next 182
I0000 00:00:1783352587.358536 4050889 bfc_allocator.cc:1105] InUse at 3321e0000 of size 1179648 next 183
I0000 00:00:1783352587.358539 4050889 bfc_allocator.cc:1105] InUse at 332300000 of size 1179648 next 184
I0000 00:00:1783352587.358542 4050889 bfc_allocator.cc:1105] InUse at 332420000 of size 1179648 next 185
I0000 00:00:1783352587.358545 4050889 bfc_allocator.cc:1105] InUse at 332540000 of size 1179648 next 186
I0000 00:00:1783352587.358548 4050889 bfc_allocator.cc:1105] InUse at 332660000 of size 1179648 next 187
I0000 00:00:1783352587.358551 4050889 bfc_allocator.cc:1105] InUse at 332780000 of size 1179648 next 188
I0000 00:00:1783352587.358554 4050889 bfc_allocator.cc:1105] InUse at 3328a0000 of size 1179648 next 189
I0000 00:00:1783352587.358557 4050889 bfc_allocator.cc:1105] InUse at 3329c0000 of size 1179648 next 190
I0000 00:00:1783352587.358560 4050889 bfc_allocator.cc:1105] Free  at 332ae0000 of size 8257536 next 213
I0000 00:00:1783352587.358563 4050889 bfc_allocator.cc:1105] InUse at 3332c0000 of size 1179648 next 208
I0000 00:00:1783352587.358566 4050889 bfc_allocator.cc:1105] Free  at 3333e0000 of size 1179648 next 209
I0000 00:00:1783352587.358569 4050889 bfc_allocator.cc:1105] InUse at 333500000 of size 1179648 next 212
I0000 00:00:1783352587.358573 4050889 bfc_allocator.cc:1105] Free  at 333620000 of size 4063232 next 18446744073709551615
I0000 00:00:1783352587.358576 4050889 bfc_allocator.cc:1085] Next region of size 67108864
I0000 00:00:1783352587.358579 4050889 bfc_allocator.cc:1105] Free  at 334e00000 of size 2359296 next 202
I0000 00:00:1783352587.358582 4050889 bfc_allocator.cc:1105] InUse at 335040000 of size 1179648 next 204
I0000 00:00:1783352587.358586 4050889 bfc_allocator.cc:1105] InUse at 335160000 of size 41470976 next 299
I0000 00:00:1783352587.358589 4050889 bfc_allocator.cc:1105] InUse at 3378ecc00 of size 29696 next 127
I0000 00:00:1783352587.358592 4050889 bfc_allocator.cc:1105] InUse at 3378f4000 of size 256 next 70
I0000 00:00:1783352587.358595 4050889 bfc_allocator.cc:1105] InUse at 3378f4100 of size 5632 next 136
I0000 00:00:1783352587.358598 4050889 bfc_allocator.cc:1105] InUse at 3378f5700 of size 2560 next 147
I0000 00:00:1783352587.358601 4050889 bfc_allocator.cc:1105] Free  at 3378f6100 of size 98304 next 298
I0000 00:00:1783352587.358605 4050889 bfc_allocator.cc:1105] InUse at 33790e100 of size 114432 next 323
I0000 00:00:1783352587.358608 4050889 bfc_allocator.cc:1105] Free  at 33792a000 of size 155648 next 370
I0000 00:00:1783352587.358611 4050889 bfc_allocator.cc:1105] InUse at 337950000 of size 278528 next 68
I0000 00:00:1783352587.358614 4050889 bfc_allocator.cc:1105] Free  at 337994000 of size 21413888 next 18446744073709551615
I0000 00:00:1783352587.358617 4050889 bfc_allocator.cc:1085] Next region of size 473767936
I0000 00:00:1783352587.358621 4050889 bfc_allocator.cc:1105] InUse at e5c220000000 of size 40108032 next 319
I0000 00:00:1783352587.358624 4050889 bfc_allocator.cc:1105] InUse at e5c222640000 of size 40108032 next 195
I0000 00:00:1783352587.358629 4050889 bfc_allocator.cc:1105] InUse at e5c224c80000 of size 40108032 next 221
I0000 00:00:1783352587.358632 4050889 bfc_allocator.cc:1105] InUse at e5c2272c0000 of size 40108032 next 191
I0000 00:00:1783352587.358635 4050889 bfc_allocator.cc:1105] InUse at e5c229900000 of size 40108032 next 196
I0000 00:00:1783352587.358639 4050889 bfc_allocator.cc:1105] InUse at e5c22bf40000 of size 40108032 next 365
I0000 00:00:1783352587.358642 4050889 bfc_allocator.cc:1105] InUse at e5c22e580000 of size 40108032 next 194
I0000 00:00:1783352587.358645 4050889 bfc_allocator.cc:1105] InUse at e5c230bc0000 of size 40108032 next 222
I0000 00:00:1783352587.358648 4050889 bfc_allocator.cc:1105] InUse at e5c233200000 of size 40108032 next 192
I0000 00:00:1783352587.358651 4050889 bfc_allocator.cc:1105] InUse at e5c235840000 of size 40108032 next 215
I0000 00:00:1783352587.358654 4050889 bfc_allocator.cc:1105] InUse at e5c237e80000 of size 72687616 next 18446744073709551615
I0000 00:00:1783352587.358657 4050889 bfc_allocator.cc:1085] Next region of size 268435456
I0000 00:00:1783352587.358661 4050889 bfc_allocator.cc:1105] InUse at e5c240000000 of size 40108032 next 256
I0000 00:00:1783352587.358664 4050889 bfc_allocator.cc:1105] InUse at e5c242640000 of size 40108032 next 199
I0000 00:00:1783352587.358667 4050889 bfc_allocator.cc:1105] InUse at e5c244c80000 of size 40108032 next 198
I0000 00:00:1783352587.358670 4050889 bfc_allocator.cc:1105] InUse at e5c2472c0000 of size 40108032 next 95
I0000 00:00:1783352587.358673 4050889 bfc_allocator.cc:1105] InUse at e5c249900000 of size 40108032 next 197
I0000 00:00:1783352587.358676 4050889 bfc_allocator.cc:1105] InUse at e5c24bf40000 of size 67895296 next 18446744073709551615
I0000 00:00:1783352587.358679 4050889 bfc_allocator.cc:1085] Next region of size 134217728
I0000 00:00:1783352587.358683 4050889 bfc_allocator.cc:1105] InUse at e5c280000000 of size 589824 next 279
I0000 00:00:1783352587.358686 4050889 bfc_allocator.cc:1105] InUse at e5c280090000 of size 40108032 next 309
I0000 00:00:1783352587.358689 4050889 bfc_allocator.cc:1105] InUse at e5c2826d0000 of size 40108032 next 203
I0000 00:00:1783352587.358692 4050889 bfc_allocator.cc:1105] InUse at e5c284d10000 of size 53411840 next 18446744073709551615
I0000 00:00:1783352587.358695 4050889 bfc_allocator.cc:1110]      Summary of in-use Chunks by size: 
I0000 00:00:1783352587.358698 4050889 bfc_allocator.cc:1113] 58 Chunks of size 256 totalling 14.5KiB
I0000 00:00:1783352587.358703 4050889 bfc_allocator.cc:1113] 1 Chunks of size 1280 totalling 1.2KiB
I0000 00:00:1783352587.358706 4050889 bfc_allocator.cc:1113] 2 Chunks of size 1792 totalling 3.5KiB
I0000 00:00:1783352587.358710 4050889 bfc_allocator.cc:1113] 2 Chunks of size 2560 totalling 5.0KiB
I0000 00:00:1783352587.358713 4050889 bfc_allocator.cc:1113] 1 Chunks of size 2816 totalling 2.8KiB
I0000 00:00:1783352587.358717 4050889 bfc_allocator.cc:1113] 2 Chunks of size 3072 totalling 6.0KiB
I0000 00:00:1783352587.358720 4050889 bfc_allocator.cc:1113] 1 Chunks of size 5632 totalling 5.5KiB
I0000 00:00:1783352587.358724 4050889 bfc_allocator.cc:1113] 1 Chunks of size 16384 totalling 16.0KiB
I0000 00:00:1783352587.358727 4050889 bfc_allocator.cc:1113] 1 Chunks of size 17408 totalling 17.0KiB
I0000 00:00:1783352587.358730 4050889 bfc_allocator.cc:1113] 1 Chunks of size 29696 totalling 29.0KiB
I0000 00:00:1783352587.358734 4050889 bfc_allocator.cc:1113] 2 Chunks of size 98304 totalling 192.0KiB
I0000 00:00:1783352587.358737 4050889 bfc_allocator.cc:1113] 1 Chunks of size 114432 totalling 111.8KiB
I0000 00:00:1783352587.358741 4050889 bfc_allocator.cc:1113] 1 Chunks of size 196608 totalling 192.0KiB
I0000 00:00:1783352587.358744 4050889 bfc_allocator.cc:1113] 1 Chunks of size 245760 totalling 240.0KiB
I0000 00:00:1783352587.358747 4050889 bfc_allocator.cc:1113] 1 Chunks of size 278528 totalling 272.0KiB
I0000 00:00:1783352587.358751 4050889 bfc_allocator.cc:1113] 2 Chunks of size 589824 totalling 1.12MiB
I0000 00:00:1783352587.358754 4050889 bfc_allocator.cc:1113] 1 Chunks of size 907520 totalling 886.2KiB
I0000 00:00:1783352587.358759 4050889 bfc_allocator.cc:1113] 34 Chunks of size 1179648 totalling 38.25MiB
I0000 00:00:1783352587.358763 4050889 bfc_allocator.cc:1113] 1 Chunks of size 1310720 totalling 1.25MiB
I0000 00:00:1783352587.358767 4050889 bfc_allocator.cc:1113] 1 Chunks of size 1808384 totalling 1.72MiB
I0000 00:00:1783352587.358770 4050889 bfc_allocator.cc:1113] 1 Chunks of size 2126848 totalling 2.03MiB
I0000 00:00:1783352587.358774 4050889 bfc_allocator.cc:1113] 1 Chunks of size 4352000 totalling 4.15MiB
I0000 00:00:1783352587.358777 4050889 bfc_allocator.cc:1113] 17 Chunks of size 40108032 totalling 650.25MiB
I0000 00:00:1783352587.358781 4050889 bfc_allocator.cc:1113] 1 Chunks of size 41470976 totalling 39.55MiB
I0000 00:00:1783352587.358784 4050889 bfc_allocator.cc:1113] 1 Chunks of size 53411840 totalling 50.94MiB
I0000 00:00:1783352587.358788 4050889 bfc_allocator.cc:1113] 1 Chunks of size 67895296 totalling 64.75MiB
I0000 00:00:1783352587.358792 4050889 bfc_allocator.cc:1113] 1 Chunks of size 72687616 totalling 69.32MiB
I0000 00:00:1783352587.358795 4050889 bfc_allocator.cc:1117] Sum Total of in-use chunks: 925.28MiB
I0000 00:00:1783352587.358798 4050889 bfc_allocator.cc:1119] Total size in pool: 961.82MiB memory_limit_: 961.82MiB available size: 0B curr_region_allocation_bytes_: 1.00GiB
I0000 00:00:1783352587.358802 4050889 bfc_allocator.cc:1128] Stats: 
Limit:                       961.82MiB
InUse:                       925.28MiB
MaxInUse:                    928.66MiB
NumAllocs:                       44669
MaxAllocSize:                128.00MiB
Reserved:                           0B
PeakReserved:                       0B
LargestFreeBlock:                   0B

W0000 00:00:1783352587.358809 4050889 bfc_allocator.cc:513] ***********__********************************************xxx************************xx*************x
W0000 00:00:1783352587.358824 4050889 op_kernel.cc:1858] OP_REQUIRES failed at strided_slice_op.cc:257 : RESOURCE_EXHAUSTED: OOM when allocating tensor with shape[34,32,6,96,16] and type float on /job:localhost/replica:0/task:0/device:GPU:0 by allocator GPU_0_bfc
W0000 00:00:1783352597.358986 4050889 bfc_allocator.cc:502] Allocator (GPU_0_bfc) ran out of memory trying to allocate 38.25MiB (rounded to 40108032)requested by op StatefulPartitionedCall/gradient_tape/widar3_1/time_distributed_1_2/strided_slice_32/StridedSliceGrad
If the cause is memory fragmentation maybe the environment variable 'TF_GPU_ALLOCATOR=cuda_malloc_async' will improve the situation. 
Current allocation summary follows.
Current allocation summary follows.
I0000 00:00:1783352597.359410 4050889 bfc_allocator.cc:1049] BFCAllocator dump for GPU_0_bfc
I0000 00:00:1783352597.359467 4050889 bfc_allocator.cc:1056] Bin (256): 	Total Chunks: 59, Chunks in use: 58. 14.8KiB allocated for chunks. 14.5KiB in use in bin. 1.9KiB client-requested in use in bin.
I0000 00:00:1783352597.359495 4050889 bfc_allocator.cc:1056] Bin (512): 	Total Chunks: 0, Chunks in use: 0. 0B allocated for chunks. 0B in use in bin. 0B client-requested in use in bin.
I0000 00:00:1783352597.359514 4050889 bfc_allocator.cc:1056] Bin (1024): 	Total Chunks: 4, Chunks in use: 3. 6.5KiB allocated for chunks. 4.8KiB in use in bin. 4.1KiB client-requested in use in bin.
I0000 00:00:1783352597.359524 4050889 bfc_allocator.cc:1056] Bin (2048): 	Total Chunks: 6, Chunks in use: 5. 17.5KiB allocated for chunks. 13.8KiB in use in bin. 13.5KiB client-requested in use in bin.
I0000 00:00:1783352597.359539 4050889 bfc_allocator.cc:1056] Bin (4096): 	Total Chunks: 3, Chunks in use: 1. 18.8KiB allocated for chunks. 5.5KiB in use in bin. 3.0KiB client-requested in use in bin.
I0000 00:00:1783352597.359552 4050889 bfc_allocator.cc:1056] Bin (8192): 	Total Chunks: 1, Chunks in use: 0. 12.5KiB allocated for chunks. 0B in use in bin. 0B client-requested in use in bin.
I0000 00:00:1783352597.359563 4050889 bfc_allocator.cc:1056] Bin (16384): 	Total Chunks: 3, Chunks in use: 3. 62.0KiB allocated for chunks. 62.0KiB in use in bin. 48.0KiB client-requested in use in bin.
I0000 00:00:1783352597.359617 4050889 bfc_allocator.cc:1056] Bin (32768): 	Total Chunks: 0, Chunks in use: 0. 0B allocated for chunks. 0B in use in bin. 0B client-requested in use in bin.
I0000 00:00:1783352597.359628 4050889 bfc_allocator.cc:1056] Bin (65536): 	Total Chunks: 5, Chunks in use: 3. 491.8KiB allocated for chunks. 303.8KiB in use in bin. 288.0KiB client-requested in use in bin.
I0000 00:00:1783352597.359638 4050889 bfc_allocator.cc:1056] Bin (131072): 	Total Chunks: 3, Chunks in use: 2. 584.0KiB allocated for chunks. 432.0KiB in use in bin. 384.0KiB client-requested in use in bin.
I0000 00:00:1783352597.359648 4050889 bfc_allocator.cc:1056] Bin (262144): 	Total Chunks: 3, Chunks in use: 1. 914.0KiB allocated for chunks. 272.0KiB in use in bin. 192.0KiB client-requested in use in bin.
I0000 00:00:1783352597.359658 4050889 bfc_allocator.cc:1056] Bin (524288): 	Total Chunks: 3, Chunks in use: 3. 1.99MiB allocated for chunks. 1.99MiB in use in bin. 1.69MiB client-requested in use in bin.
I0000 00:00:1783352597.359669 4050889 bfc_allocator.cc:1056] Bin (1048576): 	Total Chunks: 36, Chunks in use: 35. 41.22MiB allocated for chunks. 40.10MiB in use in bin. 39.38MiB client-requested in use in bin.
I0000 00:00:1783352597.359679 4050889 bfc_allocator.cc:1056] Bin (2097152): 	Total Chunks: 3, Chunks in use: 1. 9.28MiB allocated for chunks. 2.03MiB in use in bin. 1.12MiB client-requested in use in bin.
I0000 00:00:1783352597.359689 4050889 bfc_allocator.cc:1056] Bin (4194304): 	Total Chunks: 2, Chunks in use: 1. 12.03MiB allocated for chunks. 4.15MiB in use in bin. 4.15MiB client-requested in use in bin.
I0000 00:00:1783352597.359701 4050889 bfc_allocator.cc:1056] Bin (8388608): 	Total Chunks: 0, Chunks in use: 0. 0B allocated for chunks. 0B in use in bin. 0B client-requested in use in bin.
I0000 00:00:1783352597.359711 4050889 bfc_allocator.cc:1056] Bin (16777216): 	Total Chunks: 1, Chunks in use: 0. 20.42MiB allocated for chunks. 0B in use in bin. 0B client-requested in use in bin.
I0000 00:00:1783352597.359720 4050889 bfc_allocator.cc:1056] Bin (33554432): 	Total Chunks: 19, Chunks in use: 19. 740.74MiB allocated for chunks. 740.74MiB in use in bin. 726.75MiB client-requested in use in bin.
I0000 00:00:1783352597.359728 4050889 bfc_allocator.cc:1056] Bin (67108864): 	Total Chunks: 2, Chunks in use: 2. 134.07MiB allocated for chunks. 134.07MiB in use in bin. 76.50MiB client-requested in use in bin.
I0000 00:00:1783352597.359737 4050889 bfc_allocator.cc:1056] Bin (134217728): 	Total Chunks: 0, Chunks in use: 0. 0B allocated for chunks. 0B in use in bin. 0B client-requested in use in bin.
I0000 00:00:1783352597.359746 4050889 bfc_allocator.cc:1056] Bin (268435456): 	Total Chunks: 0, Chunks in use: 0. 0B allocated for chunks. 0B in use in bin. 0B client-requested in use in bin.
I0000 00:00:1783352597.359758 4050889 bfc_allocator.cc:1072] Bin for 38.25MiB was 32.00MiB, Chunk State: 
I0000 00:00:1783352597.359772 4050889 bfc_allocator.cc:1085] Next region of size 2097152
I0000 00:00:1783352597.359794 4050889 bfc_allocator.cc:1105] InUse at 32f000000 of size 1280 next 1
I0000 00:00:1783352597.359805 4050889 bfc_allocator.cc:1105] InUse at 32f000500 of size 256 next 2
I0000 00:00:1783352597.359816 4050889 bfc_allocator.cc:1105] InUse at 32f000600 of size 256 next 3
I0000 00:00:1783352597.359825 4050889 bfc_allocator.cc:1105] InUse at 32f000700 of size 256 next 4
I0000 00:00:1783352597.359835 4050889 bfc_allocator.cc:1105] InUse at 32f000800 of size 256 next 5
I0000 00:00:1783352597.359842 4050889 bfc_allocator.cc:1105] InUse at 32f000900 of size 256 next 6
I0000 00:00:1783352597.359851 4050889 bfc_allocator.cc:1105] InUse at 32f000a00 of size 256 next 7
I0000 00:00:1783352597.359860 4050889 bfc_allocator.cc:1105] InUse at 32f000b00 of size 256 next 8
I0000 00:00:1783352597.359869 4050889 bfc_allocator.cc:1105] InUse at 32f000c00 of size 256 next 9
I0000 00:00:1783352597.359876 4050889 bfc_allocator.cc:1105] InUse at 32f000d00 of size 256 next 10
I0000 00:00:1783352597.359886 4050889 bfc_allocator.cc:1105] InUse at 32f000e00 of size 256 next 11
I0000 00:00:1783352597.359971 4050889 bfc_allocator.cc:1105] InUse at 32f000f00 of size 256 next 13
I0000 00:00:1783352597.359978 4050889 bfc_allocator.cc:1105] InUse at 32f001000 of size 256 next 14
I0000 00:00:1783352597.359981 4050889 bfc_allocator.cc:1105] InUse at 32f001100 of size 256 next 12
I0000 00:00:1783352597.359983 4050889 bfc_allocator.cc:1105] InUse at 32f001200 of size 256 next 18
I0000 00:00:1783352597.359985 4050889 bfc_allocator.cc:1105] InUse at 32f001300 of size 256 next 19
I0000 00:00:1783352597.359988 4050889 bfc_allocator.cc:1105] InUse at 32f001400 of size 256 next 15
I0000 00:00:1783352597.359990 4050889 bfc_allocator.cc:1105] InUse at 32f001500 of size 256 next 20
I0000 00:00:1783352597.359992 4050889 bfc_allocator.cc:1105] InUse at 32f001600 of size 256 next 21
I0000 00:00:1783352597.359995 4050889 bfc_allocator.cc:1105] InUse at 32f001700 of size 256 next 25
I0000 00:00:1783352597.359997 4050889 bfc_allocator.cc:1105] InUse at 32f001800 of size 256 next 23
I0000 00:00:1783352597.360044 4050889 bfc_allocator.cc:1105] InUse at 32f001900 of size 256 next 24
I0000 00:00:1783352597.360089 4050889 bfc_allocator.cc:1105] InUse at 32f001a00 of size 256 next 28
I0000 00:00:1783352597.360182 4050889 bfc_allocator.cc:1105] InUse at 32f001b00 of size 256 next 31
I0000 00:00:1783352597.360235 4050889 bfc_allocator.cc:1105] InUse at 32f001c00 of size 256 next 29
I0000 00:00:1783352597.360285 4050889 bfc_allocator.cc:1105] InUse at 32f001d00 of size 256 next 35
I0000 00:00:1783352597.360333 4050889 bfc_allocator.cc:1105] InUse at 32f001e00 of size 256 next 37
I0000 00:00:1783352597.360379 4050889 bfc_allocator.cc:1105] InUse at 32f001f00 of size 256 next 16
I0000 00:00:1783352597.360427 4050889 bfc_allocator.cc:1105] InUse at 32f002000 of size 1792 next 17
I0000 00:00:1783352597.360466 4050889 bfc_allocator.cc:1105] InUse at 32f002700 of size 3072 next 30
I0000 00:00:1783352597.360478 4050889 bfc_allocator.cc:1105] InUse at 32f003300 of size 256 next 39
I0000 00:00:1783352597.360483 4050889 bfc_allocator.cc:1105] InUse at 32f003400 of size 256 next 40
I0000 00:00:1783352597.360487 4050889 bfc_allocator.cc:1105] InUse at 32f003500 of size 256 next 38
I0000 00:00:1783352597.360492 4050889 bfc_allocator.cc:1105] InUse at 32f003600 of size 256 next 41
I0000 00:00:1783352597.360496 4050889 bfc_allocator.cc:1105] Free  at 32f003700 of size 256 next 44
I0000 00:00:1783352597.360501 4050889 bfc_allocator.cc:1105] InUse at 32f003800 of size 1792 next 45
I0000 00:00:1783352597.360504 4050889 bfc_allocator.cc:1105] InUse at 32f003f00 of size 2816 next 42
I0000 00:00:1783352597.360508 4050889 bfc_allocator.cc:1105] InUse at 32f004a00 of size 2560 next 43
I0000 00:00:1783352597.360510 4050889 bfc_allocator.cc:1105] InUse at 32f005400 of size 3072 next 47
I0000 00:00:1783352597.360513 4050889 bfc_allocator.cc:1105] InUse at 32f006000 of size 256 next 48
I0000 00:00:1783352597.360516 4050889 bfc_allocator.cc:1105] InUse at 32f006100 of size 256 next 49
I0000 00:00:1783352597.360520 4050889 bfc_allocator.cc:1105] InUse at 32f006200 of size 256 next 52
I0000 00:00:1783352597.360524 4050889 bfc_allocator.cc:1105] InUse at 32f006300 of size 17408 next 27
I0000 00:00:1783352597.360530 4050889 bfc_allocator.cc:1105] InUse at 32f00a700 of size 16384 next 26
I0000 00:00:1783352597.360534 4050889 bfc_allocator.cc:1105] InUse at 32f00e700 of size 98304 next 46
I0000 00:00:1783352597.360537 4050889 bfc_allocator.cc:1105] InUse at 32f026700 of size 256 next 54
I0000 00:00:1783352597.360541 4050889 bfc_allocator.cc:1105] InUse at 32f026800 of size 256 next 53
I0000 00:00:1783352597.360544 4050889 bfc_allocator.cc:1105] InUse at 32f026900 of size 256 next 55
I0000 00:00:1783352597.360547 4050889 bfc_allocator.cc:1105] InUse at 32f026a00 of size 256 next 56
I0000 00:00:1783352597.360551 4050889 bfc_allocator.cc:1105] InUse at 32f026b00 of size 256 next 57
I0000 00:00:1783352597.360554 4050889 bfc_allocator.cc:1105] InUse at 32f026c00 of size 256 next 58
I0000 00:00:1783352597.360558 4050889 bfc_allocator.cc:1105] InUse at 32f026d00 of size 256 next 59
I0000 00:00:1783352597.360574 4050889 bfc_allocator.cc:1105] InUse at 32f026e00 of size 256 next 60
I0000 00:00:1783352597.360577 4050889 bfc_allocator.cc:1105] InUse at 32f026f00 of size 256 next 61
I0000 00:00:1783352597.360580 4050889 bfc_allocator.cc:1105] InUse at 32f027000 of size 256 next 62
I0000 00:00:1783352597.360584 4050889 bfc_allocator.cc:1105] InUse at 32f027100 of size 256 next 64
I0000 00:00:1783352597.360587 4050889 bfc_allocator.cc:1105] InUse at 32f027200 of size 256 next 63
I0000 00:00:1783352597.360590 4050889 bfc_allocator.cc:1105] InUse at 32f027300 of size 256 next 65
I0000 00:00:1783352597.360593 4050889 bfc_allocator.cc:1105] InUse at 32f027400 of size 256 next 66
I0000 00:00:1783352597.360596 4050889 bfc_allocator.cc:1105] InUse at 32f027500 of size 256 next 143
I0000 00:00:1783352597.360599 4050889 bfc_allocator.cc:1105] InUse at 32f027600 of size 256 next 69
I0000 00:00:1783352597.360602 4050889 bfc_allocator.cc:1105] Free  at 32f027700 of size 94208 next 33
I0000 00:00:1783352597.360606 4050889 bfc_allocator.cc:1105] InUse at 32f03e700 of size 98304 next 32
I0000 00:00:1783352597.360610 4050889 bfc_allocator.cc:1105] Free  at 32f056700 of size 3840 next 67
I0000 00:00:1783352597.360614 4050889 bfc_allocator.cc:1105] InUse at 32f057600 of size 256 next 93
I0000 00:00:1783352597.360617 4050889 bfc_allocator.cc:1105] InUse at 32f057700 of size 256 next 265
I0000 00:00:1783352597.360621 4050889 bfc_allocator.cc:1105] Free  at 32f057800 of size 1792 next 101
I0000 00:00:1783352597.360625 4050889 bfc_allocator.cc:1105] InUse at 32f057f00 of size 256 next 102
I0000 00:00:1783352597.360628 4050889 bfc_allocator.cc:1105] Free  at 32f058000 of size 7936 next 128
I0000 00:00:1783352597.360632 4050889 bfc_allocator.cc:1105] InUse at 32f059f00 of size 256 next 129
I0000 00:00:1783352597.360636 4050889 bfc_allocator.cc:1105] Free  at 32f05a000 of size 5632 next 151
I0000 00:00:1783352597.360638 4050889 bfc_allocator.cc:1105] InUse at 32f05b600 of size 256 next 152
I0000 00:00:1783352597.360641 4050889 bfc_allocator.cc:1105] InUse at 32f05b700 of size 256 next 153
I0000 00:00:1783352597.360643 4050889 bfc_allocator.cc:1105] Free  at 32f05b800 of size 12800 next 76
I0000 00:00:1783352597.360646 4050889 bfc_allocator.cc:1105] InUse at 32f05ea00 of size 256 next 77
I0000 00:00:1783352597.360649 4050889 bfc_allocator.cc:1105] Free  at 32f05eb00 of size 359424 next 36
I0000 00:00:1783352597.360653 4050889 bfc_allocator.cc:1105] InUse at 32f0b6700 of size 196608 next 34
I0000 00:00:1783352597.360656 4050889 bfc_allocator.cc:1105] InUse at 32f0e6700 of size 245760 next 22
I0000 00:00:1783352597.360659 4050889 bfc_allocator.cc:1105] InUse at 32f122700 of size 907520 next 18446744073709551615
I0000 00:00:1783352597.360662 4050889 bfc_allocator.cc:1085] Next region of size 4194304
I0000 00:00:1783352597.360668 4050889 bfc_allocator.cc:1105] InUse at 32f600000 of size 589824 next 51
I0000 00:00:1783352597.360671 4050889 bfc_allocator.cc:1105] Free  at 32f690000 of size 297984 next 105
I0000 00:00:1783352597.360674 4050889 bfc_allocator.cc:1105] InUse at 32f6d8c00 of size 1179648 next 157
I0000 00:00:1783352597.360677 4050889 bfc_allocator.cc:1105] InUse at 32f7f8c00 of size 2126848 next 18446744073709551615
I0000 00:00:1783352597.360680 4050889 bfc_allocator.cc:1085] Next region of size 8388608
I0000 00:00:1783352597.360684 4050889 bfc_allocator.cc:1105] InUse at 32fa00000 of size 1179648 next 158
I0000 00:00:1783352597.360687 4050889 bfc_allocator.cc:1105] InUse at 32fb20000 of size 1179648 next 162
I0000 00:00:1783352597.360691 4050889 bfc_allocator.cc:1105] InUse at 32fc40000 of size 1179648 next 163
I0000 00:00:1783352597.360694 4050889 bfc_allocator.cc:1105] InUse at 32fd60000 of size 1179648 next 164
I0000 00:00:1783352597.360698 4050889 bfc_allocator.cc:1105] InUse at 32fe80000 of size 1179648 next 165
I0000 00:00:1783352597.360702 4050889 bfc_allocator.cc:1105] InUse at 32ffa0000 of size 1179648 next 166
I0000 00:00:1783352597.360706 4050889 bfc_allocator.cc:1105] InUse at 3300c0000 of size 1310720 next 18446744073709551615
I0000 00:00:1783352597.360714 4050889 bfc_allocator.cc:1085] Next region of size 16777216
I0000 00:00:1783352597.360720 4050889 bfc_allocator.cc:1105] InUse at 330a00000 of size 4352000 next 156
I0000 00:00:1783352597.360724 4050889 bfc_allocator.cc:1105] InUse at 330e26800 of size 1179648 next 167
I0000 00:00:1783352597.360727 4050889 bfc_allocator.cc:1105] InUse at 330f46800 of size 1179648 next 168
I0000 00:00:1783352597.360732 4050889 bfc_allocator.cc:1105] InUse at 331066800 of size 1179648 next 169
I0000 00:00:1783352597.360735 4050889 bfc_allocator.cc:1105] InUse at 331186800 of size 1179648 next 170
I0000 00:00:1783352597.360739 4050889 bfc_allocator.cc:1105] InUse at 3312a6800 of size 1179648 next 171
I0000 00:00:1783352597.360743 4050889 bfc_allocator.cc:1105] InUse at 3313c6800 of size 1179648 next 172
I0000 00:00:1783352597.360747 4050889 bfc_allocator.cc:1105] InUse at 3314e6800 of size 1179648 next 173
I0000 00:00:1783352597.360751 4050889 bfc_allocator.cc:1105] InUse at 331606800 of size 1179648 next 174
I0000 00:00:1783352597.360755 4050889 bfc_allocator.cc:1105] InUse at 331726800 of size 1179648 next 175
I0000 00:00:1783352597.360759 4050889 bfc_allocator.cc:1105] InUse at 331846800 of size 1808384 next 18446744073709551615
I0000 00:00:1783352597.360764 4050889 bfc_allocator.cc:1085] Next region of size 33554432
I0000 00:00:1783352597.360768 4050889 bfc_allocator.cc:1105] InUse at 331a00000 of size 1179648 next 176
I0000 00:00:1783352597.360771 4050889 bfc_allocator.cc:1105] InUse at 331b20000 of size 1179648 next 177
I0000 00:00:1783352597.360775 4050889 bfc_allocator.cc:1105] InUse at 331c40000 of size 1179648 next 178
I0000 00:00:1783352597.360779 4050889 bfc_allocator.cc:1105] InUse at 331d60000 of size 1179648 next 179
I0000 00:00:1783352597.360783 4050889 bfc_allocator.cc:1105] InUse at 331e80000 of size 1179648 next 180
I0000 00:00:1783352597.360787 4050889 bfc_allocator.cc:1105] InUse at 331fa0000 of size 1179648 next 181
I0000 00:00:1783352597.360791 4050889 bfc_allocator.cc:1105] InUse at 3320c0000 of size 1179648 next 182
I0000 00:00:1783352597.360795 4050889 bfc_allocator.cc:1105] InUse at 3321e0000 of size 1179648 next 183
I0000 00:00:1783352597.360800 4050889 bfc_allocator.cc:1105] InUse at 332300000 of size 1179648 next 184
I0000 00:00:1783352597.360804 4050889 bfc_allocator.cc:1105] InUse at 332420000 of size 1179648 next 185
I0000 00:00:1783352597.360809 4050889 bfc_allocator.cc:1105] InUse at 332540000 of size 1179648 next 186
I0000 00:00:1783352597.360814 4050889 bfc_allocator.cc:1105] InUse at 332660000 of size 1179648 next 187
I0000 00:00:1783352597.360817 4050889 bfc_allocator.cc:1105] InUse at 332780000 of size 1179648 next 188
I0000 00:00:1783352597.360821 4050889 bfc_allocator.cc:1105] InUse at 3328a0000 of size 1179648 next 189
I0000 00:00:1783352597.360825 4050889 bfc_allocator.cc:1105] InUse at 3329c0000 of size 1179648 next 190
I0000 00:00:1783352597.360829 4050889 bfc_allocator.cc:1105] Free  at 332ae0000 of size 8257536 next 213
I0000 00:00:1783352597.360833 4050889 bfc_allocator.cc:1105] InUse at 3332c0000 of size 1179648 next 208
I0000 00:00:1783352597.360836 4050889 bfc_allocator.cc:1105] Free  at 3333e0000 of size 1179648 next 209
I0000 00:00:1783352597.360840 4050889 bfc_allocator.cc:1105] InUse at 333500000 of size 1179648 next 212
I0000 00:00:1783352597.360844 4050889 bfc_allocator.cc:1105] Free  at 333620000 of size 4063232 next 18446744073709551615
I0000 00:00:1783352597.360847 4050889 bfc_allocator.cc:1085] Next region of size 67108864
I0000 00:00:1783352597.360852 4050889 bfc_allocator.cc:1105] Free  at 334e00000 of size 3538944 next 204
I0000 00:00:1783352597.360854 4050889 bfc_allocator.cc:1105] InUse at 335160000 of size 41470976 next 299
I0000 00:00:1783352597.360857 4050889 bfc_allocator.cc:1105] InUse at 3378ecc00 of size 29696 next 127
I0000 00:00:1783352597.360860 4050889 bfc_allocator.cc:1105] InUse at 3378f4000 of size 256 next 70
I0000 00:00:1783352597.360863 4050889 bfc_allocator.cc:1105] InUse at 3378f4100 of size 5632 next 136
I0000 00:00:1783352597.360872 4050889 bfc_allocator.cc:1105] InUse at 3378f5700 of size 2560 next 147
I0000 00:00:1783352597.360875 4050889 bfc_allocator.cc:1105] Free  at 3378f6100 of size 98304 next 298
I0000 00:00:1783352597.360879 4050889 bfc_allocator.cc:1105] InUse at 33790e100 of size 114432 next 323
I0000 00:00:1783352597.360883 4050889 bfc_allocator.cc:1105] Free  at 33792a000 of size 155648 next 370
I0000 00:00:1783352597.360887 4050889 bfc_allocator.cc:1105] InUse at 337950000 of size 278528 next 68
I0000 00:00:1783352597.360889 4050889 bfc_allocator.cc:1105] Free  at 337994000 of size 21413888 next 18446744073709551615
I0000 00:00:1783352597.360892 4050889 bfc_allocator.cc:1085] Next region of size 473767936
I0000 00:00:1783352597.360895 4050889 bfc_allocator.cc:1105] InUse at e5c220000000 of size 40108032 next 319
I0000 00:00:1783352597.360898 4050889 bfc_allocator.cc:1105] InUse at e5c222640000 of size 40108032 next 195
I0000 00:00:1783352597.360901 4050889 bfc_allocator.cc:1105] InUse at e5c224c80000 of size 40108032 next 221
I0000 00:00:1783352597.360904 4050889 bfc_allocator.cc:1105] InUse at e5c2272c0000 of size 40108032 next 191
I0000 00:00:1783352597.360908 4050889 bfc_allocator.cc:1105] InUse at e5c229900000 of size 40108032 next 196
I0000 00:00:1783352597.360912 4050889 bfc_allocator.cc:1105] InUse at e5c22bf40000 of size 40108032 next 365
I0000 00:00:1783352597.360916 4050889 bfc_allocator.cc:1105] InUse at e5c22e580000 of size 40108032 next 194
I0000 00:00:1783352597.360920 4050889 bfc_allocator.cc:1105] InUse at e5c230bc0000 of size 40108032 next 222
I0000 00:00:1783352597.360924 4050889 bfc_allocator.cc:1105] InUse at e5c233200000 of size 40108032 next 192
I0000 00:00:1783352597.360928 4050889 bfc_allocator.cc:1105] InUse at e5c235840000 of size 40108032 next 215
I0000 00:00:1783352597.360932 4050889 bfc_allocator.cc:1105] InUse at e5c237e80000 of size 72687616 next 18446744073709551615
I0000 00:00:1783352597.360936 4050889 bfc_allocator.cc:1085] Next region of size 268435456
I0000 00:00:1783352597.360940 4050889 bfc_allocator.cc:1105] InUse at e5c240000000 of size 40108032 next 256
I0000 00:00:1783352597.360945 4050889 bfc_allocator.cc:1105] InUse at e5c242640000 of size 40108032 next 199
I0000 00:00:1783352597.360949 4050889 bfc_allocator.cc:1105] InUse at e5c244c80000 of size 40108032 next 198
I0000 00:00:1783352597.360953 4050889 bfc_allocator.cc:1105] InUse at e5c2472c0000 of size 40108032 next 95
I0000 00:00:1783352597.360956 4050889 bfc_allocator.cc:1105] InUse at e5c249900000 of size 40108032 next 197
I0000 00:00:1783352597.360960 4050889 bfc_allocator.cc:1105] InUse at e5c24bf40000 of size 67895296 next 18446744073709551615
I0000 00:00:1783352597.360964 4050889 bfc_allocator.cc:1085] Next region of size 134217728
I0000 00:00:1783352597.360968 4050889 bfc_allocator.cc:1105] InUse at e5c280000000 of size 589824 next 279
I0000 00:00:1783352597.360972 4050889 bfc_allocator.cc:1105] InUse at e5c280090000 of size 40108032 next 309
I0000 00:00:1783352597.360975 4050889 bfc_allocator.cc:1105] InUse at e5c2826d0000 of size 40108032 next 203
I0000 00:00:1783352597.360980 4050889 bfc_allocator.cc:1105] InUse at e5c284d10000 of size 53411840 next 18446744073709551615
I0000 00:00:1783352597.360984 4050889 bfc_allocator.cc:1110]      Summary of in-use Chunks by size: 
I0000 00:00:1783352597.360990 4050889 bfc_allocator.cc:1113] 58 Chunks of size 256 totalling 14.5KiB
I0000 00:00:1783352597.360998 4050889 bfc_allocator.cc:1113] 1 Chunks of size 1280 totalling 1.2KiB
I0000 00:00:1783352597.361085 4050889 bfc_allocator.cc:1113] 2 Chunks of size 1792 totalling 3.5KiB
I0000 00:00:1783352597.361102 4050889 bfc_allocator.cc:1113] 2 Chunks of size 2560 totalling 5.0KiB
I0000 00:00:1783352597.361107 4050889 bfc_allocator.cc:1113] 1 Chunks of size 2816 totalling 2.8KiB
I0000 00:00:1783352597.361110 4050889 bfc_allocator.cc:1113] 2 Chunks of size 3072 totalling 6.0KiB
I0000 00:00:1783352597.361113 4050889 bfc_allocator.cc:1113] 1 Chunks of size 5632 totalling 5.5KiB
I0000 00:00:1783352597.361125 4050889 bfc_allocator.cc:1113] 1 Chunks of size 16384 totalling 16.0KiB
I0000 00:00:1783352597.361130 4050889 bfc_allocator.cc:1113] 1 Chunks of size 17408 totalling 17.0KiB
I0000 00:00:1783352597.361134 4050889 bfc_allocator.cc:1113] 1 Chunks of size 29696 totalling 29.0KiB
I0000 00:00:1783352597.361138 4050889 bfc_allocator.cc:1113] 2 Chunks of size 98304 totalling 192.0KiB
I0000 00:00:1783352597.361142 4050889 bfc_allocator.cc:1113] 1 Chunks of size 114432 totalling 111.8KiB
I0000 00:00:1783352597.361146 4050889 bfc_allocator.cc:1113] 1 Chunks of size 196608 totalling 192.0KiB
I0000 00:00:1783352597.361149 4050889 bfc_allocator.cc:1113] 1 Chunks of size 245760 totalling 240.0KiB
I0000 00:00:1783352597.361153 4050889 bfc_allocator.cc:1113] 1 Chunks of size 278528 totalling 272.0KiB
I0000 00:00:1783352597.361156 4050889 bfc_allocator.cc:1113] 2 Chunks of size 589824 totalling 1.12MiB
I0000 00:00:1783352597.361160 4050889 bfc_allocator.cc:1113] 1 Chunks of size 907520 totalling 886.2KiB
I0000 00:00:1783352597.361164 4050889 bfc_allocator.cc:1113] 33 Chunks of size 1179648 totalling 37.12MiB
I0000 00:00:1783352597.361167 4050889 bfc_allocator.cc:1113] 1 Chunks of size 1310720 totalling 1.25MiB
I0000 00:00:1783352597.361171 4050889 bfc_allocator.cc:1113] 1 Chunks of size 1808384 totalling 1.72MiB
I0000 00:00:1783352597.361175 4050889 bfc_allocator.cc:1113] 1 Chunks of size 2126848 totalling 2.03MiB
I0000 00:00:1783352597.361178 4050889 bfc_allocator.cc:1113] 1 Chunks of size 4352000 totalling 4.15MiB
I0000 00:00:1783352597.361182 4050889 bfc_allocator.cc:1113] 17 Chunks of size 40108032 totalling 650.25MiB
I0000 00:00:1783352597.361185 4050889 bfc_allocator.cc:1113] 1 Chunks of size 41470976 totalling 39.55MiB
I0000 00:00:1783352597.361189 4050889 bfc_allocator.cc:1113] 1 Chunks of size 53411840 totalling 50.94MiB
I0000 00:00:1783352597.361192 4050889 bfc_allocator.cc:1113] 1 Chunks of size 67895296 totalling 64.75MiB
I0000 00:00:1783352597.361195 4050889 bfc_allocator.cc:1113] 1 Chunks of size 72687616 totalling 69.32MiB
I0000 00:00:1783352597.361199 4050889 bfc_allocator.cc:1117] Sum Total of in-use chunks: 924.16MiB
I0000 00:00:1783352597.361202 4050889 bfc_allocator.cc:1119] Total size in pool: 961.82MiB memory_limit_: 961.82MiB available size: 0B curr_region_allocation_bytes_: 1.00GiB
I0000 00:00:1783352597.361207 4050889 bfc_allocator.cc:1128] Stats: 
Limit:                       961.82MiB
InUse:                       924.16MiB
MaxInUse:                    928.66MiB
NumAllocs:                       44669
MaxAllocSize:                128.00MiB
Reserved:                           0B
PeakReserved:                       0B
LargestFreeBlock:                   0B

W0000 00:00:1783352597.361218 4050889 bfc_allocator.cc:513] ***********__********************************************xxx************************xx*************x
W0000 00:00:1783352597.361245 4050889 op_kernel.cc:1858] OP_REQUIRES failed at strided_slice_op.cc:257 : RESOURCE_EXHAUSTED: OOM when allocating tensor with shape[34,32,6,96,16] and type float on /job:localhost/replica:0/task:0/device:GPU:0 by allocator GPU_0_bfc
W0000 00:00:1783352607.361385 4050889 bfc_allocator.cc:502] Allocator (GPU_0_bfc) ran out of memory trying to allocate 38.25MiB (rounded to 40108032)requested by op StatefulPartitionedCall/gradient_tape/widar3_1/time_distributed_1_2/strided_slice_33/StridedSliceGrad
If the cause is memory fragmentation maybe the environment variable 'TF_GPU_ALLOCATOR=cuda_malloc_async' will improve the situation. 
Current allocation summary follows.
Current allocation summary follows.
I0000 00:00:1783352607.361541 4050889 bfc_allocator.cc:1049] BFCAllocator dump for GPU_0_bfc
I0000 00:00:1783352607.361591 4050889 bfc_allocator.cc:1056] Bin (256): 	Total Chunks: 59, Chunks in use: 58. 14.8KiB allocated for chunks. 14.5KiB in use in bin. 1.9KiB client-requested in use in bin.
I0000 00:00:1783352607.361646 4050889 bfc_allocator.cc:1056] Bin (512): 	Total Chunks: 0, Chunks in use: 0. 0B allocated for chunks. 0B in use in bin. 0B client-requested in use in bin.
I0000 00:00:1783352607.361712 4050889 bfc_allocator.cc:1056] Bin (1024): 	Total Chunks: 4, Chunks in use: 3. 6.5KiB allocated for chunks. 4.8KiB in use in bin. 4.1KiB client-requested in use in bin.
I0000 00:00:1783352607.361763 4050889 bfc_allocator.cc:1056] Bin (2048): 	Total Chunks: 6, Chunks in use: 5. 17.5KiB allocated for chunks. 13.8KiB in use in bin. 13.5KiB client-requested in use in bin.
I0000 00:00:1783352607.361814 4050889 bfc_allocator.cc:1056] Bin (4096): 	Total Chunks: 3, Chunks in use: 1. 18.8KiB allocated for chunks. 5.5KiB in use in bin. 3.0KiB client-requested in use in bin.
I0000 00:00:1783352607.361864 4050889 bfc_allocator.cc:1056] Bin (8192): 	Total Chunks: 1, Chunks in use: 0. 12.5KiB allocated for chunks. 0B in use in bin. 0B client-requested in use in bin.
I0000 00:00:1783352607.361906 4050889 bfc_allocator.cc:1056] Bin (16384): 	Total Chunks: 3, Chunks in use: 3. 62.0KiB allocated for chunks. 62.0KiB in use in bin. 48.0KiB client-requested in use in bin.
I0000 00:00:1783352607.361920 4050889 bfc_allocator.cc:1056] Bin (32768): 	Total Chunks: 0, Chunks in use: 0. 0B allocated for chunks. 0B in use in bin. 0B client-requested in use in bin.
I0000 00:00:1783352607.361924 4050889 bfc_allocator.cc:1056] Bin (65536): 	Total Chunks: 5, Chunks in use: 3. 491.8KiB allocated for chunks. 303.8KiB in use in bin. 288.0KiB client-requested in use in bin.
I0000 00:00:1783352607.361928 4050889 bfc_allocator.cc:1056] Bin (131072): 	Total Chunks: 3, Chunks in use: 2. 584.0KiB allocated for chunks. 432.0KiB in use in bin. 384.0KiB client-requested in use in bin.
I0000 00:00:1783352607.361932 4050889 bfc_allocator.cc:1056] Bin (262144): 	Total Chunks: 3, Chunks in use: 1. 914.0KiB allocated for chunks. 272.0KiB in use in bin. 192.0KiB client-requested in use in bin.
I0000 00:00:1783352607.361935 4050889 bfc_allocator.cc:1056] Bin (524288): 	Total Chunks: 3, Chunks in use: 3. 1.99MiB allocated for chunks. 1.99MiB in use in bin. 1.69MiB client-requested in use in bin.
I0000 00:00:1783352607.361939 4050889 bfc_allocator.cc:1056] Bin (1048576): 	Total Chunks: 34, Chunks in use: 34. 38.97MiB allocated for chunks. 38.97MiB in use in bin. 38.25MiB client-requested in use in bin.
I0000 00:00:1783352607.361942 4050889 bfc_allocator.cc:1056] Bin (2097152): 	Total Chunks: 3, Chunks in use: 1. 9.28MiB allocated for chunks. 2.03MiB in use in bin. 1.12MiB client-requested in use in bin.
I0000 00:00:1783352607.361945 4050889 bfc_allocator.cc:1056] Bin (4194304): 	Total Chunks: 1, Chunks in use: 1. 4.15MiB allocated for chunks. 4.15MiB in use in bin. 4.15MiB client-requested in use in bin.
I0000 00:00:1783352607.361949 4050889 bfc_allocator.cc:1056] Bin (8388608): 	Total Chunks: 1, Chunks in use: 0. 10.12MiB allocated for chunks. 0B in use in bin. 0B client-requested in use in bin.
I0000 00:00:1783352607.361952 4050889 bfc_allocator.cc:1056] Bin (16777216): 	Total Chunks: 1, Chunks in use: 0. 20.42MiB allocated for chunks. 0B in use in bin. 0B client-requested in use in bin.
I0000 00:00:1783352607.361955 4050889 bfc_allocator.cc:1056] Bin (33554432): 	Total Chunks: 19, Chunks in use: 19. 740.74MiB allocated for chunks. 740.74MiB in use in bin. 726.75MiB client-requested in use in bin.
I0000 00:00:1783352607.361958 4050889 bfc_allocator.cc:1056] Bin (67108864): 	Total Chunks: 2, Chunks in use: 2. 134.07MiB allocated for chunks. 134.07MiB in use in bin. 76.50MiB client-requested in use in bin.
I0000 00:00:1783352607.361961 4050889 bfc_allocator.cc:1056] Bin (134217728): 	Total Chunks: 0, Chunks in use: 0. 0B allocated for chunks. 0B in use in bin. 0B client-requested in use in bin.
I0000 00:00:1783352607.361964 4050889 bfc_allocator.cc:1056] Bin (268435456): 	Total Chunks: 0, Chunks in use: 0. 0B allocated for chunks. 0B in use in bin. 0B client-requested in use in bin.
I0000 00:00:1783352607.361967 4050889 bfc_allocator.cc:1072] Bin for 38.25MiB was 32.00MiB, Chunk State: 
I0000 00:00:1783352607.361971 4050889 bfc_allocator.cc:1085] Next region of size 2097152
I0000 00:00:1783352607.361976 4050889 bfc_allocator.cc:1105] InUse at 32f000000 of size 1280 next 1
I0000 00:00:1783352607.361984 4050889 bfc_allocator.cc:1105] InUse at 32f000500 of size 256 next 2
I0000 00:00:1783352607.361987 4050889 bfc_allocator.cc:1105] InUse at 32f000600 of size 256 next 3
I0000 00:00:1783352607.361989 4050889 bfc_allocator.cc:1105] InUse at 32f000700 of size 256 next 4
I0000 00:00:1783352607.361991 4050889 bfc_allocator.cc:1105] InUse at 32f000800 of size 256 next 5
I0000 00:00:1783352607.361994 4050889 bfc_allocator.cc:1105] InUse at 32f000900 of size 256 next 6
I0000 00:00:1783352607.361996 4050889 bfc_allocator.cc:1105] InUse at 32f000a00 of size 256 next 7
I0000 00:00:1783352607.362051 4050889 bfc_allocator.cc:1105] InUse at 32f000b00 of size 256 next 8
I0000 00:00:1783352607.362100 4050889 bfc_allocator.cc:1105] InUse at 32f000c00 of size 256 next 9
I0000 00:00:1783352607.362139 4050889 bfc_allocator.cc:1105] InUse at 32f000d00 of size 256 next 10
I0000 00:00:1783352607.362180 4050889 bfc_allocator.cc:1105] InUse at 32f000e00 of size 256 next 11
I0000 00:00:1783352607.362211 4050889 bfc_allocator.cc:1105] InUse at 32f000f00 of size 256 next 13
I0000 00:00:1783352607.362219 4050889 bfc_allocator.cc:1105] InUse at 32f001000 of size 256 next 14
I0000 00:00:1783352607.362222 4050889 bfc_allocator.cc:1105] InUse at 32f001100 of size 256 next 12
I0000 00:00:1783352607.362225 4050889 bfc_allocator.cc:1105] InUse at 32f001200 of size 256 next 18
I0000 00:00:1783352607.362227 4050889 bfc_allocator.cc:1105] InUse at 32f001300 of size 256 next 19
I0000 00:00:1783352607.362230 4050889 bfc_allocator.cc:1105] InUse at 32f001400 of size 256 next 15
I0000 00:00:1783352607.362232 4050889 bfc_allocator.cc:1105] InUse at 32f001500 of size 256 next 20
I0000 00:00:1783352607.362235 4050889 bfc_allocator.cc:1105] InUse at 32f001600 of size 256 next 21
I0000 00:00:1783352607.362237 4050889 bfc_allocator.cc:1105] InUse at 32f001700 of size 256 next 25
I0000 00:00:1783352607.362240 4050889 bfc_allocator.cc:1105] InUse at 32f001800 of size 256 next 23
I0000 00:00:1783352607.362242 4050889 bfc_allocator.cc:1105] InUse at 32f001900 of size 256 next 24
I0000 00:00:1783352607.362245 4050889 bfc_allocator.cc:1105] InUse at 32f001a00 of size 256 next 28
I0000 00:00:1783352607.362247 4050889 bfc_allocator.cc:1105] InUse at 32f001b00 of size 256 next 31
I0000 00:00:1783352607.362249 4050889 bfc_allocator.cc:1105] InUse at 32f001c00 of size 256 next 29
I0000 00:00:1783352607.362252 4050889 bfc_allocator.cc:1105] InUse at 32f001d00 of size 256 next 35
I0000 00:00:1783352607.362254 4050889 bfc_allocator.cc:1105] InUse at 32f001e00 of size 256 next 37
I0000 00:00:1783352607.362257 4050889 bfc_allocator.cc:1105] InUse at 32f001f00 of size 256 next 16
I0000 00:00:1783352607.362260 4050889 bfc_allocator.cc:1105] InUse at 32f002000 of size 1792 next 17
I0000 00:00:1783352607.362263 4050889 bfc_allocator.cc:1105] InUse at 32f002700 of size 3072 next 30
I0000 00:00:1783352607.362265 4050889 bfc_allocator.cc:1105] InUse at 32f003300 of size 256 next 39
I0000 00:00:1783352607.362267 4050889 bfc_allocator.cc:1105] InUse at 32f003400 of size 256 next 40
I0000 00:00:1783352607.362270 4050889 bfc_allocator.cc:1105] InUse at 32f003500 of size 256 next 38
I0000 00:00:1783352607.362272 4050889 bfc_allocator.cc:1105] InUse at 32f003600 of size 256 next 41
I0000 00:00:1783352607.362274 4050889 bfc_allocator.cc:1105] Free  at 32f003700 of size 256 next 44
I0000 00:00:1783352607.362277 4050889 bfc_allocator.cc:1105] InUse at 32f003800 of size 1792 next 45
I0000 00:00:1783352607.362279 4050889 bfc_allocator.cc:1105] InUse at 32f003f00 of size 2816 next 42
I0000 00:00:1783352607.362282 4050889 bfc_allocator.cc:1105] InUse at 32f004a00 of size 2560 next 43
I0000 00:00:1783352607.362284 4050889 bfc_allocator.cc:1105] InUse at 32f005400 of size 3072 next 47
I0000 00:00:1783352607.362287 4050889 bfc_allocator.cc:1105] InUse at 32f006000 of size 256 next 48
I0000 00:00:1783352607.362289 4050889 bfc_allocator.cc:1105] InUse at 32f006100 of size 256 next 49
I0000 00:00:1783352607.362291 4050889 bfc_allocator.cc:1105] InUse at 32f006200 of size 256 next 52
I0000 00:00:1783352607.362299 4050889 bfc_allocator.cc:1105] InUse at 32f006300 of size 17408 next 27
I0000 00:00:1783352607.362302 4050889 bfc_allocator.cc:1105] InUse at 32f00a700 of size 16384 next 26
I0000 00:00:1783352607.362305 4050889 bfc_allocator.cc:1105] InUse at 32f00e700 of size 98304 next 46
I0000 00:00:1783352607.362307 4050889 bfc_allocator.cc:1105] InUse at 32f026700 of size 256 next 54
I0000 00:00:1783352607.362309 4050889 bfc_allocator.cc:1105] InUse at 32f026800 of size 256 next 53
I0000 00:00:1783352607.362311 4050889 bfc_allocator.cc:1105] InUse at 32f026900 of size 256 next 55
I0000 00:00:1783352607.362314 4050889 bfc_allocator.cc:1105] InUse at 32f026a00 of size 256 next 56
I0000 00:00:1783352607.362316 4050889 bfc_allocator.cc:1105] InUse at 32f026b00 of size 256 next 57
I0000 00:00:1783352607.362318 4050889 bfc_allocator.cc:1105] InUse at 32f026c00 of size 256 next 58
I0000 00:00:1783352607.362320 4050889 bfc_allocator.cc:1105] InUse at 32f026d00 of size 256 next 59
I0000 00:00:1783352607.362323 4050889 bfc_allocator.cc:1105] InUse at 32f026e00 of size 256 next 60
I0000 00:00:1783352607.362325 4050889 bfc_allocator.cc:1105] InUse at 32f026f00 of size 256 next 61
I0000 00:00:1783352607.362327 4050889 bfc_allocator.cc:1105] InUse at 32f027000 of size 256 next 62
I0000 00:00:1783352607.362330 4050889 bfc_allocator.cc:1105] InUse at 32f027100 of size 256 next 64
I0000 00:00:1783352607.362332 4050889 bfc_allocator.cc:1105] InUse at 32f027200 of size 256 next 63
I0000 00:00:1783352607.362334 4050889 bfc_allocator.cc:1105] InUse at 32f027300 of size 256 next 65
I0000 00:00:1783352607.362336 4050889 bfc_allocator.cc:1105] InUse at 32f027400 of size 256 next 66
I0000 00:00:1783352607.362339 4050889 bfc_allocator.cc:1105] InUse at 32f027500 of size 256 next 143
I0000 00:00:1783352607.362341 4050889 bfc_allocator.cc:1105] InUse at 32f027600 of size 256 next 69
I0000 00:00:1783352607.362344 4050889 bfc_allocator.cc:1105] Free  at 32f027700 of size 94208 next 33
I0000 00:00:1783352607.362346 4050889 bfc_allocator.cc:1105] InUse at 32f03e700 of size 98304 next 32
I0000 00:00:1783352607.362348 4050889 bfc_allocator.cc:1105] Free  at 32f056700 of size 3840 next 67
I0000 00:00:1783352607.362350 4050889 bfc_allocator.cc:1105] InUse at 32f057600 of size 256 next 93
I0000 00:00:1783352607.362353 4050889 bfc_allocator.cc:1105] InUse at 32f057700 of size 256 next 265
I0000 00:00:1783352607.362355 4050889 bfc_allocator.cc:1105] Free  at 32f057800 of size 1792 next 101
I0000 00:00:1783352607.362357 4050889 bfc_allocator.cc:1105] InUse at 32f057f00 of size 256 next 102
I0000 00:00:1783352607.362360 4050889 bfc_allocator.cc:1105] Free  at 32f058000 of size 7936 next 128
I0000 00:00:1783352607.362362 4050889 bfc_allocator.cc:1105] InUse at 32f059f00 of size 256 next 129
I0000 00:00:1783352607.362364 4050889 bfc_allocator.cc:1105] Free  at 32f05a000 of size 5632 next 151
I0000 00:00:1783352607.362367 4050889 bfc_allocator.cc:1105] InUse at 32f05b600 of size 256 next 152
I0000 00:00:1783352607.362369 4050889 bfc_allocator.cc:1105] InUse at 32f05b700 of size 256 next 153
I0000 00:00:1783352607.362371 4050889 bfc_allocator.cc:1105] Free  at 32f05b800 of size 12800 next 76
I0000 00:00:1783352607.362374 4050889 bfc_allocator.cc:1105] InUse at 32f05ea00 of size 256 next 77
I0000 00:00:1783352607.362376 4050889 bfc_allocator.cc:1105] Free  at 32f05eb00 of size 359424 next 36
I0000 00:00:1783352607.362379 4050889 bfc_allocator.cc:1105] InUse at 32f0b6700 of size 196608 next 34
I0000 00:00:1783352607.362381 4050889 bfc_allocator.cc:1105] InUse at 32f0e6700 of size 245760 next 22
I0000 00:00:1783352607.362383 4050889 bfc_allocator.cc:1105] InUse at 32f122700 of size 907520 next 18446744073709551615
I0000 00:00:1783352607.362386 4050889 bfc_allocator.cc:1085] Next region of size 4194304
I0000 00:00:1783352607.362390 4050889 bfc_allocator.cc:1105] InUse at 32f600000 of size 589824 next 51
I0000 00:00:1783352607.362392 4050889 bfc_allocator.cc:1105] Free  at 32f690000 of size 297984 next 105
I0000 00:00:1783352607.362397 4050889 bfc_allocator.cc:1105] InUse at 32f6d8c00 of size 1179648 next 157
I0000 00:00:1783352607.362400 4050889 bfc_allocator.cc:1105] InUse at 32f7f8c00 of size 2126848 next 18446744073709551615
I0000 00:00:1783352607.362402 4050889 bfc_allocator.cc:1085] Next region of size 8388608
I0000 00:00:1783352607.362405 4050889 bfc_allocator.cc:1105] InUse at 32fa00000 of size 1179648 next 158
I0000 00:00:1783352607.362407 4050889 bfc_allocator.cc:1105] InUse at 32fb20000 of size 1179648 next 162
I0000 00:00:1783352607.362409 4050889 bfc_allocator.cc:1105] InUse at 32fc40000 of size 1179648 next 163
I0000 00:00:1783352607.362411 4050889 bfc_allocator.cc:1105] InUse at 32fd60000 of size 1179648 next 164
I0000 00:00:1783352607.362414 4050889 bfc_allocator.cc:1105] InUse at 32fe80000 of size 1179648 next 165
I0000 00:00:1783352607.362416 4050889 bfc_allocator.cc:1105] InUse at 32ffa0000 of size 1179648 next 166
I0000 00:00:1783352607.362418 4050889 bfc_allocator.cc:1105] InUse at 3300c0000 of size 1310720 next 18446744073709551615
I0000 00:00:1783352607.362421 4050889 bfc_allocator.cc:1085] Next region of size 16777216
I0000 00:00:1783352607.362423 4050889 bfc_allocator.cc:1105] InUse at 330a00000 of size 4352000 next 156
I0000 00:00:1783352607.362426 4050889 bfc_allocator.cc:1105] InUse at 330e26800 of size 1179648 next 167
I0000 00:00:1783352607.362428 4050889 bfc_allocator.cc:1105] InUse at 330f46800 of size 1179648 next 168
I0000 00:00:1783352607.362430 4050889 bfc_allocator.cc:1105] InUse at 331066800 of size 1179648 next 169
I0000 00:00:1783352607.362433 4050889 bfc_allocator.cc:1105] InUse at 331186800 of size 1179648 next 170
I0000 00:00:1783352607.362435 4050889 bfc_allocator.cc:1105] InUse at 3312a6800 of size 1179648 next 171
I0000 00:00:1783352607.362437 4050889 bfc_allocator.cc:1105] InUse at 3313c6800 of size 1179648 next 172
I0000 00:00:1783352607.362439 4050889 bfc_allocator.cc:1105] InUse at 3314e6800 of size 1179648 next 173
I0000 00:00:1783352607.362442 4050889 bfc_allocator.cc:1105] InUse at 331606800 of size 1179648 next 174
I0000 00:00:1783352607.362444 4050889 bfc_allocator.cc:1105] InUse at 331726800 of size 1179648 next 175
I0000 00:00:1783352607.362446 4050889 bfc_allocator.cc:1105] InUse at 331846800 of size 1808384 next 18446744073709551615
I0000 00:00:1783352607.362448 4050889 bfc_allocator.cc:1085] Next region of size 33554432
I0000 00:00:1783352607.362451 4050889 bfc_allocator.cc:1105] InUse at 331a00000 of size 1179648 next 176
I0000 00:00:1783352607.362453 4050889 bfc_allocator.cc:1105] InUse at 331b20000 of size 1179648 next 177
I0000 00:00:1783352607.362456 4050889 bfc_allocator.cc:1105] InUse at 331c40000 of size 1179648 next 178
I0000 00:00:1783352607.362458 4050889 bfc_allocator.cc:1105] InUse at 331d60000 of size 1179648 next 179
I0000 00:00:1783352607.362460 4050889 bfc_allocator.cc:1105] InUse at 331e80000 of size 1179648 next 180
I0000 00:00:1783352607.362462 4050889 bfc_allocator.cc:1105] InUse at 331fa0000 of size 1179648 next 181
I0000 00:00:1783352607.362465 4050889 bfc_allocator.cc:1105] InUse at 3320c0000 of size 1179648 next 182
I0000 00:00:1783352607.362467 4050889 bfc_allocator.cc:1105] InUse at 3321e0000 of size 1179648 next 183
I0000 00:00:1783352607.362469 4050889 bfc_allocator.cc:1105] InUse at 332300000 of size 1179648 next 184
I0000 00:00:1783352607.362471 4050889 bfc_allocator.cc:1105] InUse at 332420000 of size 1179648 next 185
I0000 00:00:1783352607.362474 4050889 bfc_allocator.cc:1105] InUse at 332540000 of size 1179648 next 186
I0000 00:00:1783352607.362476 4050889 bfc_allocator.cc:1105] InUse at 332660000 of size 1179648 next 187
I0000 00:00:1783352607.362479 4050889 bfc_allocator.cc:1105] InUse at 332780000 of size 1179648 next 188
I0000 00:00:1783352607.362481 4050889 bfc_allocator.cc:1105] InUse at 3328a0000 of size 1179648 next 189
I0000 00:00:1783352607.362483 4050889 bfc_allocator.cc:1105] InUse at 3329c0000 of size 1179648 next 190
I0000 00:00:1783352607.362486 4050889 bfc_allocator.cc:1105] Free  at 332ae0000 of size 10616832 next 209
I0000 00:00:1783352607.362491 4050889 bfc_allocator.cc:1105] InUse at 333500000 of size 1179648 next 212
I0000 00:00:1783352607.362493 4050889 bfc_allocator.cc:1105] Free  at 333620000 of size 4063232 next 18446744073709551615
I0000 00:00:1783352607.362495 4050889 bfc_allocator.cc:1085] Next region of size 67108864
I0000 00:00:1783352607.362498 4050889 bfc_allocator.cc:1105] Free  at 334e00000 of size 3538944 next 204
I0000 00:00:1783352607.362501 4050889 bfc_allocator.cc:1105] InUse at 335160000 of size 41470976 next 299
I0000 00:00:1783352607.362503 4050889 bfc_allocator.cc:1105] InUse at 3378ecc00 of size 29696 next 127
I0000 00:00:1783352607.362506 4050889 bfc_allocator.cc:1105] InUse at 3378f4000 of size 256 next 70
I0000 00:00:1783352607.362508 4050889 bfc_allocator.cc:1105] InUse at 3378f4100 of size 5632 next 136
I0000 00:00:1783352607.362511 4050889 bfc_allocator.cc:1105] InUse at 3378f5700 of size 2560 next 147
I0000 00:00:1783352607.362513 4050889 bfc_allocator.cc:1105] Free  at 3378f6100 of size 98304 next 298
I0000 00:00:1783352607.362516 4050889 bfc_allocator.cc:1105] InUse at 33790e100 of size 114432 next 323
I0000 00:00:1783352607.362518 4050889 bfc_allocator.cc:1105] Free  at 33792a000 of size 155648 next 370
I0000 00:00:1783352607.362521 4050889 bfc_allocator.cc:1105] InUse at 337950000 of size 278528 next 68
I0000 00:00:1783352607.362523 4050889 bfc_allocator.cc:1105] Free  at 337994000 of size 21413888 next 18446744073709551615
I0000 00:00:1783352607.362525 4050889 bfc_allocator.cc:1085] Next region of size 473767936
I0000 00:00:1783352607.362528 4050889 bfc_allocator.cc:1105] InUse at e5c220000000 of size 40108032 next 319
I0000 00:00:1783352607.362531 4050889 bfc_allocator.cc:1105] InUse at e5c222640000 of size 40108032 next 195
I0000 00:00:1783352607.362533 4050889 bfc_allocator.cc:1105] InUse at e5c224c80000 of size 40108032 next 221
I0000 00:00:1783352607.362536 4050889 bfc_allocator.cc:1105] InUse at e5c2272c0000 of size 40108032 next 191
I0000 00:00:1783352607.362538 4050889 bfc_allocator.cc:1105] InUse at e5c229900000 of size 40108032 next 196
I0000 00:00:1783352607.362540 4050889 bfc_allocator.cc:1105] InUse at e5c22bf40000 of size 40108032 next 365
I0000 00:00:1783352607.362542 4050889 bfc_allocator.cc:1105] InUse at e5c22e580000 of size 40108032 next 194
I0000 00:00:1783352607.362545 4050889 bfc_allocator.cc:1105] InUse at e5c230bc0000 of size 40108032 next 222
I0000 00:00:1783352607.362547 4050889 bfc_allocator.cc:1105] InUse at e5c233200000 of size 40108032 next 192
I0000 00:00:1783352607.362549 4050889 bfc_allocator.cc:1105] InUse at e5c235840000 of size 40108032 next 215
I0000 00:00:1783352607.362552 4050889 bfc_allocator.cc:1105] InUse at e5c237e80000 of size 72687616 next 18446744073709551615
I0000 00:00:1783352607.362554 4050889 bfc_allocator.cc:1085] Next region of size 268435456
I0000 00:00:1783352607.362556 4050889 bfc_allocator.cc:1105] InUse at e5c240000000 of size 40108032 next 256
I0000 00:00:1783352607.362559 4050889 bfc_allocator.cc:1105] InUse at e5c242640000 of size 40108032 next 199
I0000 00:00:1783352607.362561 4050889 bfc_allocator.cc:1105] InUse at e5c244c80000 of size 40108032 next 198
I0000 00:00:1783352607.362563 4050889 bfc_allocator.cc:1105] InUse at e5c2472c0000 of size 40108032 next 95
I0000 00:00:1783352607.362566 4050889 bfc_allocator.cc:1105] InUse at e5c249900000 of size 40108032 next 197
I0000 00:00:1783352607.362568 4050889 bfc_allocator.cc:1105] InUse at e5c24bf40000 of size 67895296 next 18446744073709551615
I0000 00:00:1783352607.362570 4050889 bfc_allocator.cc:1085] Next region of size 134217728
I0000 00:00:1783352607.362573 4050889 bfc_allocator.cc:1105] InUse at e5c280000000 of size 589824 next 279
I0000 00:00:1783352607.362575 4050889 bfc_allocator.cc:1105] InUse at e5c280090000 of size 40108032 next 309
I0000 00:00:1783352607.362578 4050889 bfc_allocator.cc:1105] InUse at e5c2826d0000 of size 40108032 next 203
I0000 00:00:1783352607.362580 4050889 bfc_allocator.cc:1105] InUse at e5c284d10000 of size 53411840 next 18446744073709551615
I0000 00:00:1783352607.362584 4050889 bfc_allocator.cc:1110]      Summary of in-use Chunks by size: 
I0000 00:00:1783352607.362587 4050889 bfc_allocator.cc:1113] 58 Chunks of size 256 totalling 14.5KiB
I0000 00:00:1783352607.362591 4050889 bfc_allocator.cc:1113] 1 Chunks of size 1280 totalling 1.2KiB
I0000 00:00:1783352607.362594 4050889 bfc_allocator.cc:1113] 2 Chunks of size 1792 totalling 3.5KiB
I0000 00:00:1783352607.362597 4050889 bfc_allocator.cc:1113] 2 Chunks of size 2560 totalling 5.0KiB
I0000 00:00:1783352607.362599 4050889 bfc_allocator.cc:1113] 1 Chunks of size 2816 totalling 2.8KiB
I0000 00:00:1783352607.362602 4050889 bfc_allocator.cc:1113] 2 Chunks of size 3072 totalling 6.0KiB
I0000 00:00:1783352607.362605 4050889 bfc_allocator.cc:1113] 1 Chunks of size 5632 totalling 5.5KiB
I0000 00:00:1783352607.362607 4050889 bfc_allocator.cc:1113] 1 Chunks of size 16384 totalling 16.0KiB
I0000 00:00:1783352607.362610 4050889 bfc_allocator.cc:1113] 1 Chunks of size 17408 totalling 17.0KiB
I0000 00:00:1783352607.362613 4050889 bfc_allocator.cc:1113] 1 Chunks of size 29696 totalling 29.0KiB
I0000 00:00:1783352607.362615 4050889 bfc_allocator.cc:1113] 2 Chunks of size 98304 totalling 192.0KiB
I0000 00:00:1783352607.362618 4050889 bfc_allocator.cc:1113] 1 Chunks of size 114432 totalling 111.8KiB
I0000 00:00:1783352607.362621 4050889 bfc_allocator.cc:1113] 1 Chunks of size 196608 totalling 192.0KiB
I0000 00:00:1783352607.362624 4050889 bfc_allocator.cc:1113] 1 Chunks of size 245760 totalling 240.0KiB
I0000 00:00:1783352607.362627 4050889 bfc_allocator.cc:1113] 1 Chunks of size 278528 totalling 272.0KiB
I0000 00:00:1783352607.362629 4050889 bfc_allocator.cc:1113] 2 Chunks of size 589824 totalling 1.12MiB
I0000 00:00:1783352607.362632 4050889 bfc_allocator.cc:1113] 1 Chunks of size 907520 totalling 886.2KiB
I0000 00:00:1783352607.362635 4050889 bfc_allocator.cc:1113] 32 Chunks of size 1179648 totalling 36.00MiB
I0000 00:00:1783352607.362637 4050889 bfc_allocator.cc:1113] 1 Chunks of size 1310720 totalling 1.25MiB
I0000 00:00:1783352607.362640 4050889 bfc_allocator.cc:1113] 1 Chunks of size 1808384 totalling 1.72MiB
I0000 00:00:1783352607.362642 4050889 bfc_allocator.cc:1113] 1 Chunks of size 2126848 totalling 2.03MiB
I0000 00:00:1783352607.362645 4050889 bfc_allocator.cc:1113] 1 Chunks of size 4352000 totalling 4.15MiB
I0000 00:00:1783352607.362648 4050889 bfc_allocator.cc:1113] 17 Chunks of size 40108032 totalling 650.25MiB
I0000 00:00:1783352607.362650 4050889 bfc_allocator.cc:1113] 1 Chunks of size 41470976 totalling 39.55MiB
I0000 00:00:1783352607.362653 4050889 bfc_allocator.cc:1113] 1 Chunks of size 53411840 totalling 50.94MiB
I0000 00:00:1783352607.362656 4050889 bfc_allocator.cc:1113] 1 Chunks of size 67895296 totalling 64.75MiB
I0000 00:00:1783352607.362658 4050889 bfc_allocator.cc:1113] 1 Chunks of size 72687616 totalling 69.32MiB
I0000 00:00:1783352607.362661 4050889 bfc_allocator.cc:1117] Sum Total of in-use chunks: 923.03MiB
I0000 00:00:1783352607.362664 4050889 bfc_allocator.cc:1119] Total size in pool: 961.82MiB memory_limit_: 961.82MiB available size: 0B curr_region_allocation_bytes_: 1.00GiB
I0000 00:00:1783352607.362667 4050889 bfc_allocator.cc:1128] Stats: 
Limit:                       961.82MiB
InUse:                       923.03MiB
MaxInUse:                    928.66MiB
NumAllocs:                       44669
MaxAllocSize:                128.00MiB
Reserved:                           0B
PeakReserved:                       0B
LargestFreeBlock:                   0B

W0000 00:00:1783352607.362673 4050889 bfc_allocator.cc:513] ***********__********************************************xxx************************xx*************x
W0000 00:00:1783352607.362687 4050889 op_kernel.cc:1858] OP_REQUIRES failed at strided_slice_op.cc:257 : RESOURCE_EXHAUSTED: OOM when allocating tensor with shape[34,32,6,96,16] and type float on /job:localhost/replica:0/task:0/device:GPU:0 by allocator GPU_0_bfc
Traceback (most recent call last):
  File "<frozen runpy>", line 198, in _run_module_as_main
  File "<frozen runpy>", line 88, in _run_code
  File "/home/shine-lab/proj4-txstreu/2026TxstREUProject4/SHARP_Modified/Python_code/CSI_network.py", line 220, in <module>
    history = csi_model.fit(dataset_csi_train, epochs=25, steps_per_epoch=train_steps_per_epoch,
              ^^^^^^^^^^^^^^^^^^^^^^^^^^^^^^^^^^^^^^^^^^^^^^^^^^^^^^^^^^^^^^^^^^^^^^^^^^^^^^^^^^
  File "/home/shine-lab/anaconda3/envs/p4v3.11/lib/python3.11/site-packages/keras/src/utils/traceback_utils.py", line 122, in error_handler
    raise e.with_traceback(filtered_tb) from None
  File "/home/shine-lab/anaconda3/envs/p4v3.11/lib/python3.11/site-packages/tensorflow/python/eager/execute.py", line 53, in quick_execute
    tensors = pywrap_tfe.TFE_Py_Execute(ctx._handle, device_name, op_name,
  ^^^^^^^^^^^^^^^^^^^^^^^^^^^^^^^^^^^^^^^^^^^^^^^^^^^^^^^^^^^^^^^^^^^^^^^^
tensorflow.python.framework.errors_impl.ResourceExhaustedError: Graph execution error:

Detected at node gradient_tape/widar3_1/time_distributed_1_2/strided_slice_20/StridedSliceGrad defined at (most recent call last):
  File "<frozen runpy>", line 198, in _run_module_as_main

  File "<frozen runpy>", line 88, in _run_code

  File "/home/shine-lab/proj4-txstreu/2026TxstREUProject4/SHARP_Modified/Python_code/CSI_network.py", line 220, in <module>

  File "/home/shine-lab/anaconda3/envs/p4v3.11/lib/python3.11/site-packages/keras/src/utils/traceback_utils.py", line 117, in error_handler

  File "/home/shine-lab/anaconda3/envs/p4v3.11/lib/python3.11/site-packages/keras/src/backend/tensorflow/trainer.py", line 399, in fit

  File "/home/shine-lab/anaconda3/envs/p4v3.11/lib/python3.11/site-packages/keras/src/backend/tensorflow/trainer.py", line 241, in function

  File "/home/shine-lab/anaconda3/envs/p4v3.11/lib/python3.11/site-packages/keras/src/backend/tensorflow/trainer.py", line 154, in multi_step_on_iterator

  File "/home/shine-lab/anaconda3/envs/p4v3.11/lib/python3.11/site-packages/keras/src/backend/tensorflow/trainer.py", line 125, in wrapper

  File "/home/shine-lab/anaconda3/envs/p4v3.11/lib/python3.11/site-packages/keras/src/backend/tensorflow/trainer.py", line 134, in one_step_on_data

  File "/home/shine-lab/anaconda3/envs/p4v3.11/lib/python3.11/site-packages/keras/src/backend/tensorflow/trainer.py", line 81, in train_step

OOM when allocating tensor with shape[34,32,6,96,16] and type float on /job:localhost/replica:0/task:0/device:GPU:0 by allocator GPU_0_bfc
	 [[{{node gradient_tape/widar3_1/time_distributed_1_2/strided_slice_20/StridedSliceGrad}}]]
Hint: If you want to see a list of allocated tensors when OOM happens, add report_tensor_allocations_upon_oom to RunOptions for current allocation info. This isn't available when running in Eager mode.
 [Op:__inference_multi_step_on_iterator_12358]
=== WIDAR3 COMPLETE ===
